date,station_complex_id,station_complex,latitude,longitude,morning_ridership,hotspot,cafe_density_400m
2021-05-21,10,"49 St (N,R,W)",40.7599,-73.98414,6.0,0,84
2021-05-26,10,"49 St (N,R,W)",40.7599,-73.98414,377.0,0,84
2021-06-21,10,"49 St (N,R,W)",40.7599,-73.98414,678.0,0,84
2021-06-30,10,"49 St (N,R,W)",40.7599,-73.98414,491.0,0,84
2021-08-25,10,"49 St (N,R,W)",40.7599,-73.98414,5.0,0,84
2021-10-15,10,"49 St (N,R,W)",40.7599,-73.98414,152.0,0,84
2021-10-19,10,"49 St (N,R,W)",40.7599,-73.98414,84.0,0,84
2021-10-26,10,"49 St (N,R,W)",40.7599,-73.98414,792.0,0,84
2021-10-27,10,"49 St (N,R,W)",40.7599,-73.98414,84.0,0,84
2021-11-17,10,"49 St (N,R,W)",40.7599,-73.98414,204.0,0,84
2021-11-18,10,"49 St (N,R,W)",40.7599,-73.98414,960.0,0,84
2021-12-02,10,"49 St (N,R,W)",40.7599,-73.98414,6.0,0,84
2021-12-16,10,"49 St (N,R,W)",40.7599,-73.98414,266.0,0,84
2021-12-22,10,"49 St (N,R,W)",40.7599,-73.98414,75.0,0,84
2022-01-04,10,"49 St (N,R,W)",40.7599,-73.98414,204.0,0,84
2022-01-26,10,"49 St (N,R,W)",40.7599,-73.98414,551.0,0,84
2022-02-07,10,"49 St (N,R,W)",40.7599,-73.98414,479.0,0,84
2022-02-08,10,"49 St (N,R,W)",40.7599,-73.98414,637.0,0,84
2022-02-09,10,"49 St (N,R,W)",40.7599,-73.98414,210.0,0,84
2022-02-10,10,"49 St (N,R,W)",40.7599,-73.98414,210.0,0,84
2022-02-18,10,"49 St (N,R,W)",40.7599,-73.98414,759.0,0,84
2022-03-02,10,"49 St (N,R,W)",40.7599,-73.98414,863.0,0,84
2022-03-08,10,"49 St (N,R,W)",40.7599,-73.98414,814.0,0,84
2022-03-15,10,"49 St (N,R,W)",40.7599,-73.98414,768.0,0,84
2022-03-29,10,"49 St (N,R,W)",40.7599,-73.98414,938.0,0,84
2022-04-07,10,"49 St (N,R,W)",40.7599,-73.98414,72.0,0,84
2022-04-20,10,"49 St (N,R,W)",40.7599,-73.98414,25.0,0,84
2022-04-27,10,"49 St (N,R,W)",40.7599,-73.98414,422.0,0,84
2022-05-31,10,"49 St (N,R,W)",40.7599,-73.98414,281.0,0,84
2022-06-01,10,"49 St (N,R,W)",40.7599,-73.98414,1215.0,1,84
2022-07-18,10,"49 St (N,R,W)",40.7599,-73.98414,662.0,0,84
2022-08-05,10,"49 St (N,R,W)",40.7599,-73.98414,17.0,0,84
2022-08-08,10,"49 St (N,R,W)",40.7599,-73.98414,252.0,0,84
2022-08-09,10,"49 St (N,R,W)",40.7599,-73.98414,836.0,0,84
2022-08-30,10,"49 St (N,R,W)",40.7599,-73.98414,534.0,0,84
2022-09-13,10,"49 St (N,R,W)",40.7599,-73.98414,643.0,0,84
2023-05-11,10,"49 St (N,R,W)",40.7599,-73.98414,78.0,0,84
2023-06-14,10,"49 St (N,R,W)",40.7599,-73.98414,502.0,0,84
2023-09-27,10,"49 St (N,R,W)",40.7599,-73.98414,1175.0,0,84
2023-10-04,10,"49 St (N,R,W)",40.7599,-73.98414,202.0,0,84
2023-10-17,10,"49 St (N,R,W)",40.7599,-73.98414,1584.0,1,84
2023-11-02,10,"49 St (N,R,W)",40.7599,-73.98414,1207.0,1,84
2023-11-03,10,"49 St (N,R,W)",40.7599,-73.98414,785.0,0,84
2023-11-08,10,"49 St (N,R,W)",40.7599,-73.98414,526.0,0,84
2023-11-23,10,"49 St (N,R,W)",40.7599,-73.98414,4.0,0,84
2024-01-15,10,"49 St (N,R,W)",40.7599,-73.98414,859.0,0,84
2024-02-29,10,"49 St (N,R,W)",40.7599,-73.98414,801.0,0,84
2024-03-05,10,"49 St (N,R,W)",40.7599,-73.98414,1126.0,0,84
2024-04-05,10,"49 St (N,R,W)",40.7599,-73.98414,621.0,0,84
2024-04-16,10,"49 St (N,R,W)",40.7599,-73.98414,253.0,0,84
2024-05-03,10,"49 St (N,R,W)",40.7599,-73.98414,722.0,0,84
2024-05-07,10,"49 St (N,R,W)",40.7599,-73.98414,1258.0,1,84
2024-05-17,10,"49 St (N,R,W)",40.7599,-73.98414,38.0,0,84
2024-05-24,10,"49 St (N,R,W)",40.7599,-73.98414,994.0,0,84
2024-05-31,10,"49 St (N,R,W)",40.7599,-73.98414,786.0,0,84
2024-06-03,10,"49 St (N,R,W)",40.7599,-73.98414,1179.0,1,84
2024-06-13,10,"49 St (N,R,W)",40.7599,-73.98414,156.0,0,84
2024-06-18,10,"49 St (N,R,W)",40.7599,-73.98414,321.0,0,84
2024-06-20,10,"49 St (N,R,W)",40.7599,-73.98414,467.0,0,84
2024-06-21,10,"49 St (N,R,W)",40.7599,-73.98414,917.0,0,84
2024-06-28,10,"49 St (N,R,W)",40.7599,-73.98414,1055.0,0,84
2024-08-28,10,"49 St (N,R,W)",40.7599,-73.98414,1289.0,1,84
2024-08-29,10,"49 St (N,R,W)",40.7599,-73.98414,619.0,0,84
2024-09-04,10,"49 St (N,R,W)",40.7599,-73.98414,1658.0,1,84
2024-09-05,10,"49 St (N,R,W)",40.7599,-73.98414,2048.0,1,84
2024-09-13,10,"49 St (N,R,W)",40.7599,-73.98414,2105.0,1,84
2024-09-28,10,"49 St (N,R,W)",40.7599,-73.98414,210.0,0,84
2024-11-21,10,"49 St (N,R,W)",40.7599,-73.98414,529.0,0,84
2024-11-22,10,"49 St (N,R,W)",40.7599,-73.98414,960.0,0,84
2024-12-03,10,"49 St (N,R,W)",40.7599,-73.98414,982.0,0,84
2024-12-13,10,"49 St (N,R,W)",40.7599,-73.98414,1095.0,0,84
2024-12-26,10,"49 St (N,R,W)",40.7599,-73.98414,1073.0,0,84
2024-12-31,10,"49 St (N,R,W)",40.7599,-73.98414,715.0,0,84
2021-05-21,103,"Bowery (J,Z)",40.72028,-73.99391,4.0,0,82
2021-05-26,103,"Bowery (J,Z)",40.72028,-73.99391,167.0,0,82
2021-06-10,103,"Bowery (J,Z)",40.72028,-73.99391,9.0,0,82
2021-06-21,103,"Bowery (J,Z)",40.72028,-73.99391,87.0,0,82
2021-06-30,103,"Bowery (J,Z)",40.72028,-73.99391,101.0,0,82
2021-08-25,103,"Bowery (J,Z)",40.72028,-73.99391,17.0,0,82
2021-10-26,103,"Bowery (J,Z)",40.72028,-73.99391,132.0,0,82
2021-10-27,103,"Bowery (J,Z)",40.72028,-73.99391,7.0,0,82
2021-11-17,103,"Bowery (J,Z)",40.72028,-73.99391,40.0,0,82
2021-11-18,103,"Bowery (J,Z)",40.72028,-73.99391,142.0,0,82
2021-12-02,103,"Bowery (J,Z)",40.72028,-73.99391,10.0,0,82
2021-12-16,103,"Bowery (J,Z)",40.72028,-73.99391,13.0,0,82
2021-12-22,103,"Bowery (J,Z)",40.72028,-73.99391,35.0,0,82
2022-01-04,103,"Bowery (J,Z)",40.72028,-73.99391,16.0,0,82
2022-01-26,103,"Bowery (J,Z)",40.72028,-73.99391,64.0,0,82
2022-02-07,103,"Bowery (J,Z)",40.72028,-73.99391,148.0,0,82
2022-02-08,103,"Bowery (J,Z)",40.72028,-73.99391,109.0,0,82
2022-02-09,103,"Bowery (J,Z)",40.72028,-73.99391,81.0,0,82
2022-02-10,103,"Bowery (J,Z)",40.72028,-73.99391,61.0,0,82
2022-02-18,103,"Bowery (J,Z)",40.72028,-73.99391,119.0,0,82
2022-03-02,103,"Bowery (J,Z)",40.72028,-73.99391,122.0,0,82
2022-03-08,103,"Bowery (J,Z)",40.72028,-73.99391,101.0,0,82
2022-03-15,103,"Bowery (J,Z)",40.72028,-73.99391,140.0,0,82
2022-03-29,103,"Bowery (J,Z)",40.72028,-73.99391,111.0,0,82
2022-04-07,103,"Bowery (J,Z)",40.72028,-73.99391,15.0,0,82
2022-04-20,103,"Bowery (J,Z)",40.72028,-73.99391,91.0,0,82
2022-04-21,103,"Bowery (J,Z)",40.72028,-73.99391,10.0,0,82
2022-04-27,103,"Bowery (J,Z)",40.72028,-73.99391,191.0,0,82
2022-05-31,103,"Bowery (J,Z)",40.72028,-73.99391,86.0,0,82
2022-06-01,103,"Bowery (J,Z)",40.72028,-73.99391,214.0,0,82
2022-07-18,103,"Bowery (J,Z)",40.72028,-73.99391,137.0,0,82
2022-08-05,103,"Bowery (J,Z)",40.72028,-73.99391,23.0,0,82
2022-08-08,103,"Bowery (J,Z)",40.72028,-73.99391,61.0,0,82
2022-08-09,103,"Bowery (J,Z)",40.72028,-73.99391,121.0,0,82
2022-08-30,103,"Bowery (J,Z)",40.72028,-73.99391,29.0,0,82
2022-09-13,103,"Bowery (J,Z)",40.72028,-73.99391,228.0,0,82
2023-05-11,103,"Bowery (J,Z)",40.72028,-73.99391,25.0,0,82
2023-06-14,103,"Bowery (J,Z)",40.72028,-73.99391,52.0,0,82
2023-09-27,103,"Bowery (J,Z)",40.72028,-73.99391,111.0,0,82
2023-10-04,103,"Bowery (J,Z)",40.72028,-73.99391,159.0,0,82
2023-10-17,103,"Bowery (J,Z)",40.72028,-73.99391,202.0,0,82
2023-11-02,103,"Bowery (J,Z)",40.72028,-73.99391,141.0,0,82
2023-11-03,103,"Bowery (J,Z)",40.72028,-73.99391,44.0,0,82
2023-11-08,103,"Bowery (J,Z)",40.72028,-73.99391,105.0,0,82
2023-11-17,103,"Bowery (J,Z)",40.72028,-73.99391,3.0,0,82
2024-01-15,103,"Bowery (J,Z)",40.72028,-73.99391,129.0,0,82
2024-02-29,103,"Bowery (J,Z)",40.72028,-73.99391,63.0,0,82
2024-03-05,103,"Bowery (J,Z)",40.72028,-73.99391,173.0,0,82
2024-04-05,103,"Bowery (J,Z)",40.72028,-73.99391,69.0,0,82
2024-04-16,103,"Bowery (J,Z)",40.72028,-73.99391,20.0,0,82
2024-05-03,103,"Bowery (J,Z)",40.72028,-73.99391,39.0,0,82
2024-05-07,103,"Bowery (J,Z)",40.72028,-73.99391,260.0,0,82
2024-05-17,103,"Bowery (J,Z)",40.72028,-73.99391,10.0,0,82
2024-05-24,103,"Bowery (J,Z)",40.72028,-73.99391,183.0,0,82
2024-05-31,103,"Bowery (J,Z)",40.72028,-73.99391,109.0,0,82
2024-06-03,103,"Bowery (J,Z)",40.72028,-73.99391,237.0,0,82
2024-06-13,103,"Bowery (J,Z)",40.72028,-73.99391,36.0,0,82
2024-06-18,103,"Bowery (J,Z)",40.72028,-73.99391,30.0,0,82
2024-06-20,103,"Bowery (J,Z)",40.72028,-73.99391,17.0,0,82
2024-06-21,103,"Bowery (J,Z)",40.72028,-73.99391,113.0,0,82
2024-06-28,103,"Bowery (J,Z)",40.72028,-73.99391,62.0,0,82
2024-08-28,103,"Bowery (J,Z)",40.72028,-73.99391,195.0,0,82
2024-08-29,103,"Bowery (J,Z)",40.72028,-73.99391,22.0,0,82
2024-09-04,103,"Bowery (J,Z)",40.72028,-73.99391,232.0,0,82
2024-09-05,103,"Bowery (J,Z)",40.72028,-73.99391,234.0,0,82
2024-09-13,103,"Bowery (J,Z)",40.72028,-73.99391,157.0,0,82
2024-09-28,103,"Bowery (J,Z)",40.72028,-73.99391,37.0,0,82
2024-10-14,103,"Bowery (J,Z)",40.72028,-73.99391,3.0,0,82
2024-11-21,103,"Bowery (J,Z)",40.72028,-73.99391,109.0,0,82
2024-11-22,103,"Bowery (J,Z)",40.72028,-73.99391,185.0,0,82
2024-12-03,103,"Bowery (J,Z)",40.72028,-73.99391,85.0,0,82
2024-12-13,103,"Bowery (J,Z)",40.72028,-73.99391,125.0,0,82
2024-12-26,103,"Bowery (J,Z)",40.72028,-73.99391,161.0,0,82
2024-12-31,103,"Bowery (J,Z)",40.72028,-73.99391,262.0,0,82
2021-05-21,107,"Broad St (J,Z)",40.706474,-74.011055,19.0,0,48
2021-05-26,107,"Broad St (J,Z)",40.706474,-74.011055,129.0,0,48
2021-06-21,107,"Broad St (J,Z)",40.706474,-74.011055,106.0,0,48
2021-06-30,107,"Broad St (J,Z)",40.706474,-74.011055,143.0,0,48
2021-08-25,107,"Broad St (J,Z)",40.706474,-74.011055,23.0,0,48
2021-10-15,107,"Broad St (J,Z)",40.706474,-74.011055,10.0,0,48
2021-10-19,107,"Broad St (J,Z)",40.706474,-74.011055,2.0,0,48
2021-10-26,107,"Broad St (J,Z)",40.706474,-74.011055,239.0,0,48
2021-11-17,107,"Broad St (J,Z)",40.706474,-74.011055,65.0,0,48
2021-11-18,107,"Broad St (J,Z)",40.706474,-74.011055,205.0,0,48
2021-12-02,107,"Broad St (J,Z)",40.706474,-74.011055,1.0,0,48
2021-12-16,107,"Broad St (J,Z)",40.706474,-74.011055,38.0,0,48
2021-12-22,107,"Broad St (J,Z)",40.706474,-74.011055,51.0,0,48
2022-01-04,107,"Broad St (J,Z)",40.706474,-74.011055,28.0,0,48
2022-01-26,107,"Broad St (J,Z)",40.706474,-74.011055,145.0,0,48
2022-02-07,107,"Broad St (J,Z)",40.706474,-74.011055,127.0,0,48
2022-02-08,107,"Broad St (J,Z)",40.706474,-74.011055,182.0,0,48
2022-02-09,107,"Broad St (J,Z)",40.706474,-74.011055,139.0,0,48
2022-02-10,107,"Broad St (J,Z)",40.706474,-74.011055,30.0,0,48
2022-02-18,107,"Broad St (J,Z)",40.706474,-74.011055,165.0,0,48
2022-03-02,107,"Broad St (J,Z)",40.706474,-74.011055,167.0,0,48
2022-03-08,107,"Broad St (J,Z)",40.706474,-74.011055,224.0,0,48
2022-03-15,107,"Broad St (J,Z)",40.706474,-74.011055,182.0,0,48
2022-03-29,107,"Broad St (J,Z)",40.706474,-74.011055,221.0,0,48
2022-04-07,107,"Broad St (J,Z)",40.706474,-74.011055,22.0,0,48
2022-04-20,107,"Broad St (J,Z)",40.706474,-74.011055,32.0,0,48
2022-04-21,107,"Broad St (J,Z)",40.706474,-74.011055,3.0,0,48
2022-04-27,107,"Broad St (J,Z)",40.706474,-74.011055,115.0,0,48
2022-05-31,107,"Broad St (J,Z)",40.706474,-74.011055,34.0,0,48
2022-06-01,107,"Broad St (J,Z)",40.706474,-74.011055,253.0,0,48
2022-07-18,107,"Broad St (J,Z)",40.706474,-74.011055,151.0,0,48
2022-08-05,107,"Broad St (J,Z)",40.706474,-74.011055,65.0,0,48
2022-08-08,107,"Broad St (J,Z)",40.706474,-74.011055,47.0,0,48
2022-08-09,107,"Broad St (J,Z)",40.706474,-74.011055,135.0,0,48
2022-08-30,107,"Broad St (J,Z)",40.706474,-74.011055,92.0,0,48
2022-09-13,107,"Broad St (J,Z)",40.706474,-74.011055,206.0,0,48
2023-05-11,107,"Broad St (J,Z)",40.706474,-74.011055,18.0,0,48
2023-06-14,107,"Broad St (J,Z)",40.706474,-74.011055,82.0,0,48
2023-09-27,107,"Broad St (J,Z)",40.706474,-74.011055,183.0,0,48
2023-10-04,107,"Broad St (J,Z)",40.706474,-74.011055,122.0,0,48
2023-10-17,107,"Broad St (J,Z)",40.706474,-74.011055,219.0,0,48
2023-11-02,107,"Broad St (J,Z)",40.706474,-74.011055,187.0,0,48
2023-11-03,107,"Broad St (J,Z)",40.706474,-74.011055,117.0,0,48
2023-11-08,107,"Broad St (J,Z)",40.706474,-74.011055,99.0,0,48
2023-11-17,107,"Broad St (J,Z)",40.706474,-74.011055,3.0,0,48
2024-01-15,107,"Broad St (J,Z)",40.706474,-74.011055,152.0,0,48
2024-02-29,107,"Broad St (J,Z)",40.706474,-74.011055,46.0,0,48
2024-03-05,107,"Broad St (J,Z)",40.706474,-74.011055,227.0,0,48
2024-04-05,107,"Broad St (J,Z)",40.706474,-74.011055,162.0,0,48
2024-04-16,107,"Broad St (J,Z)",40.706474,-74.011055,19.0,0,48
2024-05-03,107,"Broad St (J,Z)",40.706474,-74.011055,188.0,0,48
2024-05-07,107,"Broad St (J,Z)",40.706474,-74.011055,253.0,0,48
2024-05-17,107,"Broad St (J,Z)",40.706474,-74.011055,16.0,0,48
2024-05-24,107,"Broad St (J,Z)",40.706474,-74.011055,232.0,0,48
2024-05-31,107,"Broad St (J,Z)",40.706474,-74.011055,242.0,0,48
2024-06-03,107,"Broad St (J,Z)",40.706474,-74.011055,266.0,0,48
2024-06-13,107,"Broad St (J,Z)",40.706474,-74.011055,78.0,0,48
2024-06-18,107,"Broad St (J,Z)",40.706474,-74.011055,27.0,0,48
2024-06-20,107,"Broad St (J,Z)",40.706474,-74.011055,71.0,0,48
2024-06-21,107,"Broad St (J,Z)",40.706474,-74.011055,247.0,0,48
2024-06-28,107,"Broad St (J,Z)",40.706474,-74.011055,132.0,0,48
2024-08-28,107,"Broad St (J,Z)",40.706474,-74.011055,39.0,0,48
2024-08-29,107,"Broad St (J,Z)",40.706474,-74.011055,9.0,0,48
2024-09-04,107,"Broad St (J,Z)",40.706474,-74.011055,247.0,0,48
2024-09-05,107,"Broad St (J,Z)",40.706474,-74.011055,230.0,0,48
2024-09-13,107,"Broad St (J,Z)",40.706474,-74.011055,177.0,0,48
2024-09-28,107,"Broad St (J,Z)",40.706474,-74.011055,103.0,0,48
2024-11-21,107,"Broad St (J,Z)",40.706474,-74.011055,24.0,0,48
2024-11-22,107,"Broad St (J,Z)",40.706474,-74.011055,171.0,0,48
2024-12-03,107,"Broad St (J,Z)",40.706474,-74.011055,39.0,0,48
2024-12-13,107,"Broad St (J,Z)",40.706474,-74.011055,142.0,0,48
2024-12-24,107,"Broad St (J,Z)",40.706474,-74.011055,11.0,0,48
2024-12-26,107,"Broad St (J,Z)",40.706474,-74.011055,99.0,0,48
2024-12-31,107,"Broad St (J,Z)",40.706474,-74.011055,225.0,0,48
2021-05-21,118,3 Av (L),40.73285,-73.98612,35.0,0,42
2021-05-26,118,3 Av (L),40.73285,-73.98612,174.0,0,42
2021-06-10,118,3 Av (L),40.73285,-73.98612,6.0,0,42
2021-06-21,118,3 Av (L),40.73285,-73.98612,163.0,0,42
2021-06-30,118,3 Av (L),40.73285,-73.98612,249.0,0,42
2021-08-25,118,3 Av (L),40.73285,-73.98612,32.0,0,42
2021-10-26,118,3 Av (L),40.73285,-73.98612,322.0,0,42
2021-11-17,118,3 Av (L),40.73285,-73.98612,126.0,0,42
2021-11-18,118,3 Av (L),40.73285,-73.98612,328.0,0,42
2021-12-02,118,3 Av (L),40.73285,-73.98612,31.0,0,42
2021-12-16,118,3 Av (L),40.73285,-73.98612,22.0,0,42
2021-12-22,118,3 Av (L),40.73285,-73.98612,116.0,0,42
2022-01-04,118,3 Av (L),40.73285,-73.98612,82.0,0,42
2022-01-26,118,3 Av (L),40.73285,-73.98612,189.0,0,42
2022-02-07,118,3 Av (L),40.73285,-73.98612,237.0,0,42
2022-02-08,118,3 Av (L),40.73285,-73.98612,205.0,0,42
2022-02-09,118,3 Av (L),40.73285,-73.98612,93.0,0,42
2022-02-10,118,3 Av (L),40.73285,-73.98612,136.0,0,42
2022-02-18,118,3 Av (L),40.73285,-73.98612,313.0,0,42
2022-03-02,118,3 Av (L),40.73285,-73.98612,160.0,0,42
2022-03-08,118,3 Av (L),40.73285,-73.98612,208.0,0,42
2022-03-15,118,3 Av (L),40.73285,-73.98612,306.0,0,42
2022-03-29,118,3 Av (L),40.73285,-73.98612,451.0,0,42
2022-04-07,118,3 Av (L),40.73285,-73.98612,24.0,0,42
2022-04-27,118,3 Av (L),40.73285,-73.98612,302.0,0,42
2022-05-31,118,3 Av (L),40.73285,-73.98612,121.0,0,42
2022-06-01,118,3 Av (L),40.73285,-73.98612,366.0,0,42
2022-07-18,118,3 Av (L),40.73285,-73.98612,289.0,0,42
2022-08-05,118,3 Av (L),40.73285,-73.98612,16.0,0,42
2022-08-08,118,3 Av (L),40.73285,-73.98612,29.0,0,42
2022-08-09,118,3 Av (L),40.73285,-73.98612,217.0,0,42
2022-08-30,118,3 Av (L),40.73285,-73.98612,48.0,0,42
2022-09-13,118,3 Av (L),40.73285,-73.98612,376.0,0,42
2023-05-11,118,3 Av (L),40.73285,-73.98612,58.0,0,42
2023-06-14,118,3 Av (L),40.73285,-73.98612,129.0,0,42
2023-09-27,118,3 Av (L),40.73285,-73.98612,174.0,0,42
2023-10-04,118,3 Av (L),40.73285,-73.98612,215.0,0,42
2023-10-17,118,3 Av (L),40.73285,-73.98612,232.0,0,42
2023-11-02,118,3 Av (L),40.73285,-73.98612,149.0,0,42
2023-11-03,118,3 Av (L),40.73285,-73.98612,248.0,0,42
2023-11-08,118,3 Av (L),40.73285,-73.98612,346.0,0,42
2023-11-23,118,3 Av (L),40.73285,-73.98612,1.0,0,42
2024-01-15,118,3 Av (L),40.73285,-73.98612,212.0,0,42
2024-02-29,118,3 Av (L),40.73285,-73.98612,156.0,0,42
2024-03-05,118,3 Av (L),40.73285,-73.98612,111.0,0,42
2024-04-05,118,3 Av (L),40.73285,-73.98612,45.0,0,42
2024-05-03,118,3 Av (L),40.73285,-73.98612,195.0,0,42
2024-05-07,118,3 Av (L),40.73285,-73.98612,232.0,0,42
2024-05-17,118,3 Av (L),40.73285,-73.98612,13.0,0,42
2024-05-24,118,3 Av (L),40.73285,-73.98612,424.0,0,42
2024-05-31,118,3 Av (L),40.73285,-73.98612,85.0,0,42
2024-06-03,118,3 Av (L),40.73285,-73.98612,203.0,0,42
2024-06-13,118,3 Av (L),40.73285,-73.98612,132.0,0,42
2024-06-18,118,3 Av (L),40.73285,-73.98612,19.0,0,42
2024-06-20,118,3 Av (L),40.73285,-73.98612,70.0,0,42
2024-06-21,118,3 Av (L),40.73285,-73.98612,449.0,0,42
2024-06-28,118,3 Av (L),40.73285,-73.98612,88.0,0,42
2024-08-28,118,3 Av (L),40.73285,-73.98612,78.0,0,42
2024-08-29,118,3 Av (L),40.73285,-73.98612,98.0,0,42
2024-09-04,118,3 Av (L),40.73285,-73.98612,165.0,0,42
2024-09-05,118,3 Av (L),40.73285,-73.98612,360.0,0,42
2024-09-13,118,3 Av (L),40.73285,-73.98612,266.0,0,42
2024-09-28,118,3 Av (L),40.73285,-73.98612,2.0,0,42
2024-10-14,118,3 Av (L),40.73285,-73.98612,3.0,0,42
2024-11-02,118,3 Av (L),40.73285,-73.98612,3.0,0,42
2024-11-21,118,3 Av (L),40.73285,-73.98612,182.0,0,42
2024-11-22,118,3 Av (L),40.73285,-73.98612,90.0,0,42
2024-12-03,118,3 Av (L),40.73285,-73.98612,36.0,0,42
2024-12-13,118,3 Av (L),40.73285,-73.98612,281.0,0,42
2024-12-26,118,3 Av (L),40.73285,-73.98612,162.0,0,42
2024-12-31,118,3 Av (L),40.73285,-73.98612,151.0,0,42
2021-05-21,119,1 Av (L),40.730953,-73.98163,367.0,0,41
2021-05-26,119,1 Av (L),40.730953,-73.98163,1498.0,1,41
2021-06-10,119,1 Av (L),40.730953,-73.98163,244.0,0,41
2021-06-21,119,1 Av (L),40.730953,-73.98163,934.0,0,41
2021-06-30,119,1 Av (L),40.730953,-73.98163,1035.0,0,41
2021-08-25,119,1 Av (L),40.730953,-73.98163,490.0,0,41
2021-10-15,119,1 Av (L),40.730953,-73.98163,191.0,0,41
2021-10-19,119,1 Av (L),40.730953,-73.98163,650.0,0,41
2021-10-26,119,1 Av (L),40.730953,-73.98163,2053.0,1,41
2021-10-27,119,1 Av (L),40.730953,-73.98163,222.0,0,41
2021-11-17,119,1 Av (L),40.730953,-73.98163,126.0,0,41
2021-11-18,119,1 Av (L),40.730953,-73.98163,2032.0,1,41
2021-12-02,119,1 Av (L),40.730953,-73.98163,250.0,0,41
2021-12-16,119,1 Av (L),40.730953,-73.98163,197.0,0,41
2021-12-22,119,1 Av (L),40.730953,-73.98163,126.0,0,41
2022-01-04,119,1 Av (L),40.730953,-73.98163,99.0,0,41
2022-01-26,119,1 Av (L),40.730953,-73.98163,2492.0,1,41
2022-02-07,119,1 Av (L),40.730953,-73.98163,1153.0,0,41
2022-02-08,119,1 Av (L),40.730953,-73.98163,1789.0,1,41
2022-02-09,119,1 Av (L),40.730953,-73.98163,1121.0,0,41
2022-02-10,119,1 Av (L),40.730953,-73.98163,1437.0,1,41
2022-02-18,119,1 Av (L),40.730953,-73.98163,1729.0,1,41
2022-03-02,119,1 Av (L),40.730953,-73.98163,2889.0,1,41
2022-03-08,119,1 Av (L),40.730953,-73.98163,3176.0,1,41
2022-03-15,119,1 Av (L),40.730953,-73.98163,2911.0,1,41
2022-03-29,119,1 Av (L),40.730953,-73.98163,2406.0,1,41
2022-04-07,119,1 Av (L),40.730953,-73.98163,749.0,0,41
2022-04-20,119,1 Av (L),40.730953,-73.98163,1221.0,1,41
2022-04-27,119,1 Av (L),40.730953,-73.98163,3024.0,1,41
2022-05-31,119,1 Av (L),40.730953,-73.98163,666.0,0,41
2022-06-01,119,1 Av (L),40.730953,-73.98163,3151.0,1,41
2022-07-18,119,1 Av (L),40.730953,-73.98163,1995.0,1,41
2022-08-05,119,1 Av (L),40.730953,-73.98163,156.0,0,41
2022-08-08,119,1 Av (L),40.730953,-73.98163,324.0,0,41
2022-08-09,119,1 Av (L),40.730953,-73.98163,2546.0,1,41
2022-08-30,119,1 Av (L),40.730953,-73.98163,714.0,0,41
2022-09-13,119,1 Av (L),40.730953,-73.98163,3635.0,1,41
2023-05-11,119,1 Av (L),40.730953,-73.98163,1441.0,1,41
2023-06-14,119,1 Av (L),40.730953,-73.98163,433.0,0,41
2023-09-27,119,1 Av (L),40.730953,-73.98163,1281.0,1,41
2023-10-04,119,1 Av (L),40.730953,-73.98163,449.0,0,41
2023-10-17,119,1 Av (L),40.730953,-73.98163,2128.0,1,41
2023-11-02,119,1 Av (L),40.730953,-73.98163,2663.0,1,41
2023-11-03,119,1 Av (L),40.730953,-73.98163,340.0,0,41
2023-11-08,119,1 Av (L),40.730953,-73.98163,1262.0,1,41
2023-11-17,119,1 Av (L),40.730953,-73.98163,41.0,0,41
2023-11-23,119,1 Av (L),40.730953,-73.98163,25.0,0,41
2024-01-15,119,1 Av (L),40.730953,-73.98163,1190.0,1,41
2024-02-29,119,1 Av (L),40.730953,-73.98163,292.0,0,41
2024-03-05,119,1 Av (L),40.730953,-73.98163,2860.0,1,41
2024-04-05,119,1 Av (L),40.730953,-73.98163,1364.0,1,41
2024-04-16,119,1 Av (L),40.730953,-73.98163,138.0,0,41
2024-05-03,119,1 Av (L),40.730953,-73.98163,678.0,0,41
2024-05-07,119,1 Av (L),40.730953,-73.98163,3784.0,1,41
2024-05-24,119,1 Av (L),40.730953,-73.98163,1395.0,1,41
2024-05-31,119,1 Av (L),40.730953,-73.98163,1184.0,1,41
2024-06-03,119,1 Av (L),40.730953,-73.98163,1433.0,1,41
2024-06-13,119,1 Av (L),40.730953,-73.98163,271.0,0,41
2024-06-18,119,1 Av (L),40.730953,-73.98163,287.0,0,41
2024-06-20,119,1 Av (L),40.730953,-73.98163,44.0,0,41
2024-06-21,119,1 Av (L),40.730953,-73.98163,1730.0,1,41
2024-06-28,119,1 Av (L),40.730953,-73.98163,545.0,0,41
2024-08-28,119,1 Av (L),40.730953,-73.98163,3255.0,1,41
2024-08-29,119,1 Av (L),40.730953,-73.98163,6.0,0,41
2024-09-04,119,1 Av (L),40.730953,-73.98163,3728.0,1,41
2024-09-05,119,1 Av (L),40.730953,-73.98163,2754.0,1,41
2024-09-13,119,1 Av (L),40.730953,-73.98163,2747.0,1,41
2024-09-28,119,1 Av (L),40.730953,-73.98163,32.0,0,41
2024-11-02,119,1 Av (L),40.730953,-73.98163,2.0,0,41
2024-11-16,119,1 Av (L),40.730953,-73.98163,51.0,0,41
2024-11-21,119,1 Av (L),40.730953,-73.98163,294.0,0,41
2024-11-22,119,1 Av (L),40.730953,-73.98163,1468.0,1,41
2024-12-03,119,1 Av (L),40.730953,-73.98163,2176.0,1,41
2024-12-13,119,1 Av (L),40.730953,-73.98163,1430.0,1,41
2024-12-26,119,1 Av (L),40.730953,-73.98163,769.0,0,41
2024-12-31,119,1 Av (L),40.730953,-73.98163,1735.0,1,41
2021-05-21,13,"28 St (R,W)",40.745495,-73.98869,3.0,0,71
2021-05-26,13,"28 St (R,W)",40.745495,-73.98869,279.0,0,71
2021-06-21,13,"28 St (R,W)",40.745495,-73.98869,321.0,0,71
2021-06-30,13,"28 St (R,W)",40.745495,-73.98869,342.0,0,71
2021-08-25,13,"28 St (R,W)",40.745495,-73.98869,66.0,0,71
2021-10-15,13,"28 St (R,W)",40.745495,-73.98869,45.0,0,71
2021-10-26,13,"28 St (R,W)",40.745495,-73.98869,315.0,0,71
2021-11-17,13,"28 St (R,W)",40.745495,-73.98869,80.0,0,71
2021-11-18,13,"28 St (R,W)",40.745495,-73.98869,430.0,0,71
2021-12-02,13,"28 St (R,W)",40.745495,-73.98869,63.0,0,71
2021-12-16,13,"28 St (R,W)",40.745495,-73.98869,108.0,0,71
2021-12-22,13,"28 St (R,W)",40.745495,-73.98869,135.0,0,71
2022-01-04,13,"28 St (R,W)",40.745495,-73.98869,35.0,0,71
2022-01-26,13,"28 St (R,W)",40.745495,-73.98869,276.0,0,71
2022-02-07,13,"28 St (R,W)",40.745495,-73.98869,244.0,0,71
2022-02-08,13,"28 St (R,W)",40.745495,-73.98869,438.0,0,71
2022-02-09,13,"28 St (R,W)",40.745495,-73.98869,279.0,0,71
2022-02-10,13,"28 St (R,W)",40.745495,-73.98869,185.0,0,71
2022-02-18,13,"28 St (R,W)",40.745495,-73.98869,398.0,0,71
2022-03-02,13,"28 St (R,W)",40.745495,-73.98869,425.0,0,71
2022-03-08,13,"28 St (R,W)",40.745495,-73.98869,554.0,0,71
2022-03-15,13,"28 St (R,W)",40.745495,-73.98869,461.0,0,71
2022-03-29,13,"28 St (R,W)",40.745495,-73.98869,569.0,0,71
2022-04-07,13,"28 St (R,W)",40.745495,-73.98869,21.0,0,71
2022-04-20,13,"28 St (R,W)",40.745495,-73.98869,2.0,0,71
2022-04-21,13,"28 St (R,W)",40.745495,-73.98869,7.0,0,71
2022-04-27,13,"28 St (R,W)",40.745495,-73.98869,385.0,0,71
2022-05-31,13,"28 St (R,W)",40.745495,-73.98869,134.0,0,71
2022-06-01,13,"28 St (R,W)",40.745495,-73.98869,763.0,0,71
2022-07-18,13,"28 St (R,W)",40.745495,-73.98869,379.0,0,71
2022-08-05,13,"28 St (R,W)",40.745495,-73.98869,172.0,0,71
2022-08-08,13,"28 St (R,W)",40.745495,-73.98869,146.0,0,71
2022-08-09,13,"28 St (R,W)",40.745495,-73.98869,409.0,0,71
2022-08-30,13,"28 St (R,W)",40.745495,-73.98869,289.0,0,71
2022-09-13,13,"28 St (R,W)",40.745495,-73.98869,490.0,0,71
2023-05-11,13,"28 St (R,W)",40.745495,-73.98869,2.0,0,71
2023-06-14,13,"28 St (R,W)",40.745495,-73.98869,101.0,0,71
2023-09-27,13,"28 St (R,W)",40.745495,-73.98869,529.0,0,71
2023-10-04,13,"28 St (R,W)",40.745495,-73.98869,78.0,0,71
2023-10-17,13,"28 St (R,W)",40.745495,-73.98869,913.0,0,71
2023-11-02,13,"28 St (R,W)",40.745495,-73.98869,449.0,0,71
2023-11-03,13,"28 St (R,W)",40.745495,-73.98869,296.0,0,71
2023-11-08,13,"28 St (R,W)",40.745495,-73.98869,541.0,0,71
2023-11-23,13,"28 St (R,W)",40.745495,-73.98869,184.0,0,71
2024-01-15,13,"28 St (R,W)",40.745495,-73.98869,379.0,0,71
2024-02-29,13,"28 St (R,W)",40.745495,-73.98869,136.0,0,71
2024-03-05,13,"28 St (R,W)",40.745495,-73.98869,1151.0,0,71
2024-04-05,13,"28 St (R,W)",40.745495,-73.98869,493.0,0,71
2024-05-03,13,"28 St (R,W)",40.745495,-73.98869,297.0,0,71
2024-05-07,13,"28 St (R,W)",40.745495,-73.98869,853.0,0,71
2024-05-17,13,"28 St (R,W)",40.745495,-73.98869,46.0,0,71
2024-05-24,13,"28 St (R,W)",40.745495,-73.98869,227.0,0,71
2024-05-31,13,"28 St (R,W)",40.745495,-73.98869,266.0,0,71
2024-06-03,13,"28 St (R,W)",40.745495,-73.98869,993.0,0,71
2024-06-13,13,"28 St (R,W)",40.745495,-73.98869,438.0,0,71
2024-06-18,13,"28 St (R,W)",40.745495,-73.98869,46.0,0,71
2024-06-20,13,"28 St (R,W)",40.745495,-73.98869,163.0,0,71
2024-06-21,13,"28 St (R,W)",40.745495,-73.98869,639.0,0,71
2024-06-28,13,"28 St (R,W)",40.745495,-73.98869,64.0,0,71
2024-08-28,13,"28 St (R,W)",40.745495,-73.98869,125.0,0,71
2024-08-29,13,"28 St (R,W)",40.745495,-73.98869,228.0,0,71
2024-09-04,13,"28 St (R,W)",40.745495,-73.98869,961.0,0,71
2024-09-05,13,"28 St (R,W)",40.745495,-73.98869,472.0,0,71
2024-09-13,13,"28 St (R,W)",40.745495,-73.98869,538.0,0,71
2024-09-28,13,"28 St (R,W)",40.745495,-73.98869,351.0,0,71
2024-11-02,13,"28 St (R,W)",40.745495,-73.98869,1.0,0,71
2024-11-16,13,"28 St (R,W)",40.745495,-73.98869,234.0,0,71
2024-11-21,13,"28 St (R,W)",40.745495,-73.98869,30.0,0,71
2024-11-22,13,"28 St (R,W)",40.745495,-73.98869,721.0,0,71
2024-12-03,13,"28 St (R,W)",40.745495,-73.98869,206.0,0,71
2024-12-13,13,"28 St (R,W)",40.745495,-73.98869,631.0,0,71
2024-12-26,13,"28 St (R,W)",40.745495,-73.98869,637.0,0,71
2024-12-31,13,"28 St (R,W)",40.745495,-73.98869,583.0,0,71
2021-05-21,14,"23 St (R,W)",40.741302,-73.98934,31.0,0,51
2021-05-26,14,"23 St (R,W)",40.741302,-73.98934,473.0,0,51
2021-06-10,14,"23 St (R,W)",40.741302,-73.98934,46.0,0,51
2021-06-21,14,"23 St (R,W)",40.741302,-73.98934,537.0,0,51
2021-06-30,14,"23 St (R,W)",40.741302,-73.98934,434.0,0,51
2021-08-25,14,"23 St (R,W)",40.741302,-73.98934,172.0,0,51
2021-10-15,14,"23 St (R,W)",40.741302,-73.98934,6.0,0,51
2021-10-26,14,"23 St (R,W)",40.741302,-73.98934,895.0,0,51
2021-10-27,14,"23 St (R,W)",40.741302,-73.98934,24.0,0,51
2021-11-17,14,"23 St (R,W)",40.741302,-73.98934,211.0,0,51
2021-11-18,14,"23 St (R,W)",40.741302,-73.98934,662.0,0,51
2021-12-02,14,"23 St (R,W)",40.741302,-73.98934,57.0,0,51
2021-12-16,14,"23 St (R,W)",40.741302,-73.98934,49.0,0,51
2021-12-22,14,"23 St (R,W)",40.741302,-73.98934,141.0,0,51
2022-01-04,14,"23 St (R,W)",40.741302,-73.98934,154.0,0,51
2022-01-26,14,"23 St (R,W)",40.741302,-73.98934,454.0,0,51
2022-02-07,14,"23 St (R,W)",40.741302,-73.98934,376.0,0,51
2022-02-08,14,"23 St (R,W)",40.741302,-73.98934,638.0,0,51
2022-02-09,14,"23 St (R,W)",40.741302,-73.98934,568.0,0,51
2022-02-10,14,"23 St (R,W)",40.741302,-73.98934,260.0,0,51
2022-02-18,14,"23 St (R,W)",40.741302,-73.98934,472.0,0,51
2022-03-02,14,"23 St (R,W)",40.741302,-73.98934,593.0,0,51
2022-03-08,14,"23 St (R,W)",40.741302,-73.98934,846.0,0,51
2022-03-15,14,"23 St (R,W)",40.741302,-73.98934,777.0,0,51
2022-03-29,14,"23 St (R,W)",40.741302,-73.98934,996.0,0,51
2022-04-07,14,"23 St (R,W)",40.741302,-73.98934,2.0,0,51
2022-04-20,14,"23 St (R,W)",40.741302,-73.98934,106.0,0,51
2022-04-21,14,"23 St (R,W)",40.741302,-73.98934,61.0,0,51
2022-04-27,14,"23 St (R,W)",40.741302,-73.98934,713.0,0,51
2022-05-31,14,"23 St (R,W)",40.741302,-73.98934,274.0,0,51
2022-06-01,14,"23 St (R,W)",40.741302,-73.98934,761.0,0,51
2022-07-18,14,"23 St (R,W)",40.741302,-73.98934,702.0,0,51
2022-08-05,14,"23 St (R,W)",40.741302,-73.98934,188.0,0,51
2022-08-08,14,"23 St (R,W)",40.741302,-73.98934,265.0,0,51
2022-08-09,14,"23 St (R,W)",40.741302,-73.98934,354.0,0,51
2022-08-30,14,"23 St (R,W)",40.741302,-73.98934,123.0,0,51
2022-09-13,14,"23 St (R,W)",40.741302,-73.98934,1346.0,1,51
2023-05-11,14,"23 St (R,W)",40.741302,-73.98934,21.0,0,51
2023-06-14,14,"23 St (R,W)",40.741302,-73.98934,715.0,0,51
2023-09-27,14,"23 St (R,W)",40.741302,-73.98934,513.0,0,51
2023-10-04,14,"23 St (R,W)",40.741302,-73.98934,186.0,0,51
2023-10-17,14,"23 St (R,W)",40.741302,-73.98934,985.0,0,51
2023-11-02,14,"23 St (R,W)",40.741302,-73.98934,254.0,0,51
2023-11-03,14,"23 St (R,W)",40.741302,-73.98934,339.0,0,51
2023-11-08,14,"23 St (R,W)",40.741302,-73.98934,974.0,0,51
2023-11-17,14,"23 St (R,W)",40.741302,-73.98934,69.0,0,51
2023-11-23,14,"23 St (R,W)",40.741302,-73.98934,145.0,0,51
2024-01-15,14,"23 St (R,W)",40.741302,-73.98934,485.0,0,51
2024-02-29,14,"23 St (R,W)",40.741302,-73.98934,1177.0,0,51
2024-03-05,14,"23 St (R,W)",40.741302,-73.98934,1068.0,0,51
2024-04-05,14,"23 St (R,W)",40.741302,-73.98934,570.0,0,51
2024-04-16,14,"23 St (R,W)",40.741302,-73.98934,113.0,0,51
2024-05-03,14,"23 St (R,W)",40.741302,-73.98934,422.0,0,51
2024-05-07,14,"23 St (R,W)",40.741302,-73.98934,1623.0,1,51
2024-05-17,14,"23 St (R,W)",40.741302,-73.98934,273.0,0,51
2024-05-24,14,"23 St (R,W)",40.741302,-73.98934,1150.0,0,51
2024-05-31,14,"23 St (R,W)",40.741302,-73.98934,500.0,0,51
2024-06-03,14,"23 St (R,W)",40.741302,-73.98934,1427.0,1,51
2024-06-13,14,"23 St (R,W)",40.741302,-73.98934,453.0,0,51
2024-06-18,14,"23 St (R,W)",40.741302,-73.98934,12.0,0,51
2024-06-20,14,"23 St (R,W)",40.741302,-73.98934,89.0,0,51
2024-06-21,14,"23 St (R,W)",40.741302,-73.98934,1205.0,1,51
2024-06-28,14,"23 St (R,W)",40.741302,-73.98934,577.0,0,51
2024-08-28,14,"23 St (R,W)",40.741302,-73.98934,920.0,0,51
2024-08-29,14,"23 St (R,W)",40.741302,-73.98934,31.0,0,51
2024-09-04,14,"23 St (R,W)",40.741302,-73.98934,1354.0,1,51
2024-09-05,14,"23 St (R,W)",40.741302,-73.98934,1543.0,1,51
2024-09-13,14,"23 St (R,W)",40.741302,-73.98934,888.0,0,51
2024-09-28,14,"23 St (R,W)",40.741302,-73.98934,337.0,0,51
2024-11-21,14,"23 St (R,W)",40.741302,-73.98934,907.0,0,51
2024-11-22,14,"23 St (R,W)",40.741302,-73.98934,625.0,0,51
2024-12-03,14,"23 St (R,W)",40.741302,-73.98934,316.0,0,51
2024-12-13,14,"23 St (R,W)",40.741302,-73.98934,235.0,0,51
2024-12-26,14,"23 St (R,W)",40.741302,-73.98934,625.0,0,51
2024-12-31,14,"23 St (R,W)",40.741302,-73.98934,630.0,0,51
2021-05-21,143,Inwood-207 St (A),40.868073,-73.9199,123.0,0,13
2021-05-26,143,Inwood-207 St (A),40.868073,-73.9199,805.0,0,13
2021-06-10,143,Inwood-207 St (A),40.868073,-73.9199,193.0,0,13
2021-06-21,143,Inwood-207 St (A),40.868073,-73.9199,1155.0,0,13
2021-06-30,143,Inwood-207 St (A),40.868073,-73.9199,920.0,0,13
2021-08-25,143,Inwood-207 St (A),40.868073,-73.9199,312.0,0,13
2021-10-15,143,Inwood-207 St (A),40.868073,-73.9199,87.0,0,13
2021-10-26,143,Inwood-207 St (A),40.868073,-73.9199,1385.0,1,13
2021-10-27,143,Inwood-207 St (A),40.868073,-73.9199,56.0,0,13
2021-11-17,143,Inwood-207 St (A),40.868073,-73.9199,233.0,0,13
2021-11-18,143,Inwood-207 St (A),40.868073,-73.9199,1486.0,1,13
2021-12-02,143,Inwood-207 St (A),40.868073,-73.9199,87.0,0,13
2021-12-16,143,Inwood-207 St (A),40.868073,-73.9199,188.0,0,13
2021-12-22,143,Inwood-207 St (A),40.868073,-73.9199,43.0,0,13
2022-01-04,143,Inwood-207 St (A),40.868073,-73.9199,351.0,0,13
2022-01-26,143,Inwood-207 St (A),40.868073,-73.9199,1297.0,1,13
2022-02-07,143,Inwood-207 St (A),40.868073,-73.9199,1080.0,0,13
2022-02-08,143,Inwood-207 St (A),40.868073,-73.9199,866.0,0,13
2022-02-09,143,Inwood-207 St (A),40.868073,-73.9199,1101.0,0,13
2022-02-10,143,Inwood-207 St (A),40.868073,-73.9199,721.0,0,13
2022-02-18,143,Inwood-207 St (A),40.868073,-73.9199,819.0,0,13
2022-03-02,143,Inwood-207 St (A),40.868073,-73.9199,1974.0,1,13
2022-03-08,143,Inwood-207 St (A),40.868073,-73.9199,1288.0,1,13
2022-03-15,143,Inwood-207 St (A),40.868073,-73.9199,1471.0,1,13
2022-03-29,143,Inwood-207 St (A),40.868073,-73.9199,1411.0,1,13
2022-04-20,143,Inwood-207 St (A),40.868073,-73.9199,136.0,0,13
2022-04-21,143,Inwood-207 St (A),40.868073,-73.9199,118.0,0,13
2022-04-27,143,Inwood-207 St (A),40.868073,-73.9199,1042.0,0,13
2022-05-31,143,Inwood-207 St (A),40.868073,-73.9199,443.0,0,13
2022-06-01,143,Inwood-207 St (A),40.868073,-73.9199,1625.0,1,13
2022-07-18,143,Inwood-207 St (A),40.868073,-73.9199,1192.0,1,13
2022-08-05,143,Inwood-207 St (A),40.868073,-73.9199,681.0,0,13
2022-08-08,143,Inwood-207 St (A),40.868073,-73.9199,225.0,0,13
2022-08-09,143,Inwood-207 St (A),40.868073,-73.9199,864.0,0,13
2022-08-30,143,Inwood-207 St (A),40.868073,-73.9199,378.0,0,13
2022-09-13,143,Inwood-207 St (A),40.868073,-73.9199,1374.0,1,13
2023-06-14,143,Inwood-207 St (A),40.868073,-73.9199,1421.0,1,13
2023-09-27,143,Inwood-207 St (A),40.868073,-73.9199,1042.0,0,13
2023-10-04,143,Inwood-207 St (A),40.868073,-73.9199,340.0,0,13
2023-10-17,143,Inwood-207 St (A),40.868073,-73.9199,1410.0,1,13
2023-11-02,143,Inwood-207 St (A),40.868073,-73.9199,720.0,0,13
2023-11-03,143,Inwood-207 St (A),40.868073,-73.9199,489.0,0,13
2023-11-08,143,Inwood-207 St (A),40.868073,-73.9199,885.0,0,13
2023-11-23,143,Inwood-207 St (A),40.868073,-73.9199,89.0,0,13
2024-01-15,143,Inwood-207 St (A),40.868073,-73.9199,472.0,0,13
2024-02-29,143,Inwood-207 St (A),40.868073,-73.9199,769.0,0,13
2024-03-05,143,Inwood-207 St (A),40.868073,-73.9199,1097.0,0,13
2024-04-05,143,Inwood-207 St (A),40.868073,-73.9199,342.0,0,13
2024-04-16,143,Inwood-207 St (A),40.868073,-73.9199,793.0,0,13
2024-05-03,143,Inwood-207 St (A),40.868073,-73.9199,1281.0,1,13
2024-05-07,143,Inwood-207 St (A),40.868073,-73.9199,1723.0,1,13
2024-05-17,143,Inwood-207 St (A),40.868073,-73.9199,31.0,0,13
2024-05-24,143,Inwood-207 St (A),40.868073,-73.9199,1311.0,1,13
2024-05-31,143,Inwood-207 St (A),40.868073,-73.9199,731.0,0,13
2024-06-03,143,Inwood-207 St (A),40.868073,-73.9199,1761.0,1,13
2024-06-13,143,Inwood-207 St (A),40.868073,-73.9199,239.0,0,13
2024-06-18,143,Inwood-207 St (A),40.868073,-73.9199,96.0,0,13
2024-06-20,143,Inwood-207 St (A),40.868073,-73.9199,631.0,0,13
2024-06-21,143,Inwood-207 St (A),40.868073,-73.9199,1387.0,1,13
2024-06-28,143,Inwood-207 St (A),40.868073,-73.9199,609.0,0,13
2024-08-28,143,Inwood-207 St (A),40.868073,-73.9199,916.0,0,13
2024-08-29,143,Inwood-207 St (A),40.868073,-73.9199,91.0,0,13
2024-09-04,143,Inwood-207 St (A),40.868073,-73.9199,1794.0,1,13
2024-09-05,143,Inwood-207 St (A),40.868073,-73.9199,1529.0,1,13
2024-09-13,143,Inwood-207 St (A),40.868073,-73.9199,1220.0,1,13
2024-09-28,143,Inwood-207 St (A),40.868073,-73.9199,506.0,0,13
2024-11-16,143,Inwood-207 St (A),40.868073,-73.9199,17.0,0,13
2024-11-21,143,Inwood-207 St (A),40.868073,-73.9199,410.0,0,13
2024-11-22,143,Inwood-207 St (A),40.868073,-73.9199,1501.0,1,13
2024-12-03,143,Inwood-207 St (A),40.868073,-73.9199,1044.0,0,13
2024-12-13,143,Inwood-207 St (A),40.868073,-73.9199,930.0,0,13
2024-12-26,143,Inwood-207 St (A),40.868073,-73.9199,842.0,0,13
2024-12-31,143,Inwood-207 St (A),40.868073,-73.9199,685.0,0,13
2021-05-21,144,Dyckman St (A),40.86549,-73.92727,58.0,0,10
2021-05-26,144,Dyckman St (A),40.86549,-73.92727,772.0,0,10
2021-06-10,144,Dyckman St (A),40.86549,-73.92727,1.0,0,10
2021-06-21,144,Dyckman St (A),40.86549,-73.92727,713.0,0,10
2021-06-30,144,Dyckman St (A),40.86549,-73.92727,282.0,0,10
2021-08-25,144,Dyckman St (A),40.86549,-73.92727,77.0,0,10
2021-10-15,144,Dyckman St (A),40.86549,-73.92727,228.0,0,10
2021-10-26,144,Dyckman St (A),40.86549,-73.92727,875.0,0,10
2021-10-27,144,Dyckman St (A),40.86549,-73.92727,75.0,0,10
2021-11-17,144,Dyckman St (A),40.86549,-73.92727,87.0,0,10
2021-11-18,144,Dyckman St (A),40.86549,-73.92727,1127.0,0,10
2021-12-02,144,Dyckman St (A),40.86549,-73.92727,278.0,0,10
2021-12-16,144,Dyckman St (A),40.86549,-73.92727,17.0,0,10
2021-12-22,144,Dyckman St (A),40.86549,-73.92727,227.0,0,10
2022-01-04,144,Dyckman St (A),40.86549,-73.92727,59.0,0,10
2022-01-26,144,Dyckman St (A),40.86549,-73.92727,695.0,0,10
2022-02-07,144,Dyckman St (A),40.86549,-73.92727,853.0,0,10
2022-02-08,144,Dyckman St (A),40.86549,-73.92727,761.0,0,10
2022-02-09,144,Dyckman St (A),40.86549,-73.92727,442.0,0,10
2022-02-10,144,Dyckman St (A),40.86549,-73.92727,392.0,0,10
2022-02-18,144,Dyckman St (A),40.86549,-73.92727,1266.0,1,10
2022-03-02,144,Dyckman St (A),40.86549,-73.92727,1197.0,1,10
2022-03-08,144,Dyckman St (A),40.86549,-73.92727,1198.0,1,10
2022-03-15,144,Dyckman St (A),40.86549,-73.92727,1284.0,1,10
2022-03-29,144,Dyckman St (A),40.86549,-73.92727,1130.0,0,10
2022-04-20,144,Dyckman St (A),40.86549,-73.92727,59.0,0,10
2022-04-27,144,Dyckman St (A),40.86549,-73.92727,1138.0,0,10
2022-05-31,144,Dyckman St (A),40.86549,-73.92727,366.0,0,10
2022-06-01,144,Dyckman St (A),40.86549,-73.92727,1080.0,0,10
2022-07-18,144,Dyckman St (A),40.86549,-73.92727,801.0,0,10
2022-08-05,144,Dyckman St (A),40.86549,-73.92727,168.0,0,10
2022-08-08,144,Dyckman St (A),40.86549,-73.92727,190.0,0,10
2022-08-09,144,Dyckman St (A),40.86549,-73.92727,868.0,0,10
2022-08-30,144,Dyckman St (A),40.86549,-73.92727,388.0,0,10
2022-09-13,144,Dyckman St (A),40.86549,-73.92727,1313.0,1,10
2023-05-11,144,Dyckman St (A),40.86549,-73.92727,135.0,0,10
2023-06-14,144,Dyckman St (A),40.86549,-73.92727,438.0,0,10
2023-09-27,144,Dyckman St (A),40.86549,-73.92727,623.0,0,10
2023-10-04,144,Dyckman St (A),40.86549,-73.92727,383.0,0,10
2023-10-17,144,Dyckman St (A),40.86549,-73.92727,1211.0,1,10
2023-11-02,144,Dyckman St (A),40.86549,-73.92727,767.0,0,10
2023-11-03,144,Dyckman St (A),40.86549,-73.92727,441.0,0,10
2023-11-08,144,Dyckman St (A),40.86549,-73.92727,764.0,0,10
2023-11-17,144,Dyckman St (A),40.86549,-73.92727,50.0,0,10
2023-11-23,144,Dyckman St (A),40.86549,-73.92727,104.0,0,10
2024-01-15,144,Dyckman St (A),40.86549,-73.92727,418.0,0,10
2024-02-29,144,Dyckman St (A),40.86549,-73.92727,463.0,0,10
2024-03-05,144,Dyckman St (A),40.86549,-73.92727,640.0,0,10
2024-04-05,144,Dyckman St (A),40.86549,-73.92727,467.0,0,10
2024-04-16,144,Dyckman St (A),40.86549,-73.92727,279.0,0,10
2024-05-03,144,Dyckman St (A),40.86549,-73.92727,720.0,0,10
2024-05-07,144,Dyckman St (A),40.86549,-73.92727,792.0,0,10
2024-05-17,144,Dyckman St (A),40.86549,-73.92727,251.0,0,10
2024-05-24,144,Dyckman St (A),40.86549,-73.92727,761.0,0,10
2024-05-31,144,Dyckman St (A),40.86549,-73.92727,676.0,0,10
2024-06-03,144,Dyckman St (A),40.86549,-73.92727,1094.0,0,10
2024-06-13,144,Dyckman St (A),40.86549,-73.92727,657.0,0,10
2024-06-18,144,Dyckman St (A),40.86549,-73.92727,69.0,0,10
2024-06-20,144,Dyckman St (A),40.86549,-73.92727,141.0,0,10
2024-06-21,144,Dyckman St (A),40.86549,-73.92727,778.0,0,10
2024-06-28,144,Dyckman St (A),40.86549,-73.92727,426.0,0,10
2024-08-28,144,Dyckman St (A),40.86549,-73.92727,696.0,0,10
2024-08-29,144,Dyckman St (A),40.86549,-73.92727,315.0,0,10
2024-09-04,144,Dyckman St (A),40.86549,-73.92727,754.0,0,10
2024-09-05,144,Dyckman St (A),40.86549,-73.92727,1334.0,1,10
2024-09-13,144,Dyckman St (A),40.86549,-73.92727,721.0,0,10
2024-09-28,144,Dyckman St (A),40.86549,-73.92727,214.0,0,10
2024-11-16,144,Dyckman St (A),40.86549,-73.92727,7.0,0,10
2024-11-21,144,Dyckman St (A),40.86549,-73.92727,53.0,0,10
2024-11-22,144,Dyckman St (A),40.86549,-73.92727,378.0,0,10
2024-12-03,144,Dyckman St (A),40.86549,-73.92727,770.0,0,10
2024-12-13,144,Dyckman St (A),40.86549,-73.92727,844.0,0,10
2024-12-26,144,Dyckman St (A),40.86549,-73.92727,428.0,0,10
2024-12-31,144,Dyckman St (A),40.86549,-73.92727,705.0,0,10
2021-05-21,145,190 St (A),40.85902,-73.93418,17.0,0,0
2021-05-26,145,190 St (A),40.85902,-73.93418,314.0,0,0
2021-06-21,145,190 St (A),40.85902,-73.93418,253.0,0,0
2021-06-30,145,190 St (A),40.85902,-73.93418,273.0,0,0
2021-08-25,145,190 St (A),40.85902,-73.93418,98.0,0,0
2021-10-26,145,190 St (A),40.85902,-73.93418,502.0,0,0
2021-11-17,145,190 St (A),40.85902,-73.93418,33.0,0,0
2021-11-18,145,190 St (A),40.85902,-73.93418,679.0,0,0
2021-12-16,145,190 St (A),40.85902,-73.93418,133.0,0,0
2021-12-22,145,190 St (A),40.85902,-73.93418,63.0,0,0
2022-01-04,145,190 St (A),40.85902,-73.93418,238.0,0,0
2022-01-26,145,190 St (A),40.85902,-73.93418,640.0,0,0
2022-02-07,145,190 St (A),40.85902,-73.93418,470.0,0,0
2022-02-08,145,190 St (A),40.85902,-73.93418,527.0,0,0
2022-02-09,145,190 St (A),40.85902,-73.93418,609.0,0,0
2022-02-10,145,190 St (A),40.85902,-73.93418,176.0,0,0
2022-02-18,145,190 St (A),40.85902,-73.93418,563.0,0,0
2022-03-02,145,190 St (A),40.85902,-73.93418,504.0,0,0
2022-03-08,145,190 St (A),40.85902,-73.93418,637.0,0,0
2022-03-15,145,190 St (A),40.85902,-73.93418,910.0,0,0
2022-03-29,145,190 St (A),40.85902,-73.93418,482.0,0,0
2022-04-07,145,190 St (A),40.85902,-73.93418,215.0,0,0
2022-04-21,145,190 St (A),40.85902,-73.93418,1.0,0,0
2022-04-27,145,190 St (A),40.85902,-73.93418,547.0,0,0
2022-05-31,145,190 St (A),40.85902,-73.93418,116.0,0,0
2022-06-01,145,190 St (A),40.85902,-73.93418,825.0,0,0
2022-07-18,145,190 St (A),40.85902,-73.93418,430.0,0,0
2022-08-05,145,190 St (A),40.85902,-73.93418,45.0,0,0
2022-08-08,145,190 St (A),40.85902,-73.93418,141.0,0,0
2022-08-09,145,190 St (A),40.85902,-73.93418,392.0,0,0
2022-08-30,145,190 St (A),40.85902,-73.93418,385.0,0,0
2022-09-13,145,190 St (A),40.85902,-73.93418,1078.0,0,0
2023-05-11,145,190 St (A),40.85902,-73.93418,50.0,0,0
2023-06-14,145,190 St (A),40.85902,-73.93418,494.0,0,0
2023-09-27,145,190 St (A),40.85902,-73.93418,616.0,0,0
2023-10-04,145,190 St (A),40.85902,-73.93418,169.0,0,0
2023-10-17,145,190 St (A),40.85902,-73.93418,780.0,0,0
2023-11-02,145,190 St (A),40.85902,-73.93418,898.0,0,0
2023-11-03,145,190 St (A),40.85902,-73.93418,637.0,0,0
2023-11-08,145,190 St (A),40.85902,-73.93418,700.0,0,0
2023-11-23,145,190 St (A),40.85902,-73.93418,33.0,0,0
2024-01-15,145,190 St (A),40.85902,-73.93418,278.0,0,0
2024-02-29,145,190 St (A),40.85902,-73.93418,244.0,0,0
2024-03-05,145,190 St (A),40.85902,-73.93418,705.0,0,0
2024-04-04,145,190 St (A),40.85902,-73.93418,175.0,0,0
2024-04-05,145,190 St (A),40.85902,-73.93418,324.0,0,0
2024-04-16,145,190 St (A),40.85902,-73.93418,31.0,0,0
2024-05-03,145,190 St (A),40.85902,-73.93418,338.0,0,0
2024-05-07,145,190 St (A),40.85902,-73.93418,554.0,0,0
2024-05-17,145,190 St (A),40.85902,-73.93418,58.0,0,0
2024-05-24,145,190 St (A),40.85902,-73.93418,394.0,0,0
2024-05-31,145,190 St (A),40.85902,-73.93418,682.0,0,0
2024-06-03,145,190 St (A),40.85902,-73.93418,927.0,0,0
2024-06-13,145,190 St (A),40.85902,-73.93418,357.0,0,0
2024-06-20,145,190 St (A),40.85902,-73.93418,215.0,0,0
2024-06-21,145,190 St (A),40.85902,-73.93418,449.0,0,0
2024-06-28,145,190 St (A),40.85902,-73.93418,139.0,0,0
2024-08-28,145,190 St (A),40.85902,-73.93418,515.0,0,0
2024-08-29,145,190 St (A),40.85902,-73.93418,43.0,0,0
2024-09-04,145,190 St (A),40.85902,-73.93418,945.0,0,0
2024-09-05,145,190 St (A),40.85902,-73.93418,1190.0,1,0
2024-09-13,145,190 St (A),40.85902,-73.93418,1161.0,0,0
2024-09-28,145,190 St (A),40.85902,-73.93418,211.0,0,0
2024-11-21,145,190 St (A),40.85902,-73.93418,196.0,0,0
2024-11-22,145,190 St (A),40.85902,-73.93418,708.0,0,0
2024-12-03,145,190 St (A),40.85902,-73.93418,462.0,0,0
2024-12-13,145,190 St (A),40.85902,-73.93418,591.0,0,0
2024-12-26,145,190 St (A),40.85902,-73.93418,442.0,0,0
2024-12-31,145,190 St (A),40.85902,-73.93418,401.0,0,0
2021-05-21,146,181 St (A),40.851696,-73.937965,143.0,0,14
2021-05-26,146,181 St (A),40.851696,-73.937965,2091.0,1,14
2021-06-10,146,181 St (A),40.851696,-73.937965,174.0,0,14
2021-06-21,146,181 St (A),40.851696,-73.937965,1413.0,1,14
2021-06-30,146,181 St (A),40.851696,-73.937965,1817.0,1,14
2021-08-25,146,181 St (A),40.851696,-73.937965,456.0,0,14
2021-09-15,146,181 St (A),40.851696,-73.937965,106.0,0,14
2021-10-15,146,181 St (A),40.851696,-73.937965,510.0,0,14
2021-10-19,146,181 St (A),40.851696,-73.937965,33.0,0,14
2021-10-26,146,181 St (A),40.851696,-73.937965,1611.0,1,14
2021-10-27,146,181 St (A),40.851696,-73.937965,84.0,0,14
2021-11-17,146,181 St (A),40.851696,-73.937965,373.0,0,14
2021-11-18,146,181 St (A),40.851696,-73.937965,2460.0,1,14
2021-11-19,146,181 St (A),40.851696,-73.937965,136.0,0,14
2021-12-02,146,181 St (A),40.851696,-73.937965,518.0,0,14
2021-12-16,146,181 St (A),40.851696,-73.937965,448.0,0,14
2021-12-22,146,181 St (A),40.851696,-73.937965,566.0,0,14
2022-01-04,146,181 St (A),40.851696,-73.937965,432.0,0,14
2022-01-26,146,181 St (A),40.851696,-73.937965,1557.0,1,14
2022-02-07,146,181 St (A),40.851696,-73.937965,1243.0,1,14
2022-02-08,146,181 St (A),40.851696,-73.937965,2122.0,1,14
2022-02-09,146,181 St (A),40.851696,-73.937965,1397.0,1,14
2022-02-10,146,181 St (A),40.851696,-73.937965,751.0,0,14
2022-02-18,146,181 St (A),40.851696,-73.937965,1744.0,1,14
2022-03-02,146,181 St (A),40.851696,-73.937965,2074.0,1,14
2022-03-08,146,181 St (A),40.851696,-73.937965,1872.0,1,14
2022-03-15,146,181 St (A),40.851696,-73.937965,2404.0,1,14
2022-03-29,146,181 St (A),40.851696,-73.937965,2315.0,1,14
2022-04-07,146,181 St (A),40.851696,-73.937965,186.0,0,14
2022-04-20,146,181 St (A),40.851696,-73.937965,8.0,0,14
2022-04-21,146,181 St (A),40.851696,-73.937965,25.0,0,14
2022-04-27,146,181 St (A),40.851696,-73.937965,1565.0,1,14
2022-05-31,146,181 St (A),40.851696,-73.937965,484.0,0,14
2022-06-01,146,181 St (A),40.851696,-73.937965,2105.0,1,14
2022-07-18,146,181 St (A),40.851696,-73.937965,1260.0,1,14
2022-08-05,146,181 St (A),40.851696,-73.937965,392.0,0,14
2022-08-08,146,181 St (A),40.851696,-73.937965,218.0,0,14
2022-08-09,146,181 St (A),40.851696,-73.937965,1241.0,1,14
2022-08-30,146,181 St (A),40.851696,-73.937965,1234.0,1,14
2022-09-13,146,181 St (A),40.851696,-73.937965,1996.0,1,14
2023-05-11,146,181 St (A),40.851696,-73.937965,298.0,0,14
2023-06-14,146,181 St (A),40.851696,-73.937965,1007.0,0,14
2023-09-27,146,181 St (A),40.851696,-73.937965,1190.0,1,14
2023-10-04,146,181 St (A),40.851696,-73.937965,523.0,0,14
2023-10-17,146,181 St (A),40.851696,-73.937965,1831.0,1,14
2023-11-02,146,181 St (A),40.851696,-73.937965,1092.0,0,14
2023-11-03,146,181 St (A),40.851696,-73.937965,76.0,0,14
2023-11-08,146,181 St (A),40.851696,-73.937965,945.0,0,14
2023-11-23,146,181 St (A),40.851696,-73.937965,2.0,0,14
2024-01-15,146,181 St (A),40.851696,-73.937965,896.0,0,14
2024-02-29,146,181 St (A),40.851696,-73.937965,325.0,0,14
2024-03-05,146,181 St (A),40.851696,-73.937965,1766.0,1,14
2024-04-05,146,181 St (A),40.851696,-73.937965,934.0,0,14
2024-04-16,146,181 St (A),40.851696,-73.937965,251.0,0,14
2024-05-03,146,181 St (A),40.851696,-73.937965,555.0,0,14
2024-05-07,146,181 St (A),40.851696,-73.937965,1819.0,1,14
2024-05-17,146,181 St (A),40.851696,-73.937965,394.0,0,14
2024-05-24,146,181 St (A),40.851696,-73.937965,1088.0,0,14
2024-05-31,146,181 St (A),40.851696,-73.937965,1380.0,1,14
2024-06-03,146,181 St (A),40.851696,-73.937965,2264.0,1,14
2024-06-13,146,181 St (A),40.851696,-73.937965,708.0,0,14
2024-06-18,146,181 St (A),40.851696,-73.937965,724.0,0,14
2024-06-20,146,181 St (A),40.851696,-73.937965,152.0,0,14
2024-06-21,146,181 St (A),40.851696,-73.937965,1955.0,1,14
2024-06-28,146,181 St (A),40.851696,-73.937965,799.0,0,14
2024-08-28,146,181 St (A),40.851696,-73.937965,195.0,0,14
2024-08-29,146,181 St (A),40.851696,-73.937965,134.0,0,14
2024-09-04,146,181 St (A),40.851696,-73.937965,1645.0,1,14
2024-09-05,146,181 St (A),40.851696,-73.937965,2156.0,1,14
2024-09-13,146,181 St (A),40.851696,-73.937965,1785.0,1,14
2024-09-28,146,181 St (A),40.851696,-73.937965,360.0,0,14
2024-11-21,146,181 St (A),40.851696,-73.937965,815.0,0,14
2024-11-22,146,181 St (A),40.851696,-73.937965,1558.0,1,14
2024-12-03,146,181 St (A),40.851696,-73.937965,1176.0,0,14
2024-12-13,146,181 St (A),40.851696,-73.937965,1106.0,0,14
2024-12-26,146,181 St (A),40.851696,-73.937965,775.0,0,14
2024-12-31,146,181 St (A),40.851696,-73.937965,985.0,0,14
2021-05-21,147,175 St (A),40.84739,-73.939705,259.0,0,10
2021-05-26,147,175 St (A),40.84739,-73.939705,1150.0,0,10
2021-06-21,147,175 St (A),40.84739,-73.939705,1544.0,1,10
2021-06-30,147,175 St (A),40.84739,-73.939705,1322.0,1,10
2021-08-25,147,175 St (A),40.84739,-73.939705,154.0,0,10
2021-10-15,147,175 St (A),40.84739,-73.939705,260.0,0,10
2021-10-26,147,175 St (A),40.84739,-73.939705,1717.0,1,10
2021-10-27,147,175 St (A),40.84739,-73.939705,181.0,0,10
2021-11-17,147,175 St (A),40.84739,-73.939705,138.0,0,10
2021-11-18,147,175 St (A),40.84739,-73.939705,1912.0,1,10
2021-12-02,147,175 St (A),40.84739,-73.939705,67.0,0,10
2021-12-22,147,175 St (A),40.84739,-73.939705,788.0,0,10
2022-01-04,147,175 St (A),40.84739,-73.939705,394.0,0,10
2022-01-26,147,175 St (A),40.84739,-73.939705,1532.0,1,10
2022-02-07,147,175 St (A),40.84739,-73.939705,1143.0,0,10
2022-02-08,147,175 St (A),40.84739,-73.939705,1508.0,1,10
2022-02-09,147,175 St (A),40.84739,-73.939705,1395.0,1,10
2022-02-10,147,175 St (A),40.84739,-73.939705,571.0,0,10
2022-02-18,147,175 St (A),40.84739,-73.939705,1848.0,1,10
2022-03-02,147,175 St (A),40.84739,-73.939705,2421.0,1,10
2022-03-08,147,175 St (A),40.84739,-73.939705,2286.0,1,10
2022-03-15,147,175 St (A),40.84739,-73.939705,1471.0,1,10
2022-03-29,147,175 St (A),40.84739,-73.939705,1460.0,1,10
2022-04-07,147,175 St (A),40.84739,-73.939705,201.0,0,10
2022-04-27,147,175 St (A),40.84739,-73.939705,1339.0,1,10
2022-05-31,147,175 St (A),40.84739,-73.939705,532.0,0,10
2022-06-01,147,175 St (A),40.84739,-73.939705,1140.0,0,10
2022-07-18,147,175 St (A),40.84739,-73.939705,1112.0,0,10
2022-08-05,147,175 St (A),40.84739,-73.939705,122.0,0,10
2022-08-08,147,175 St (A),40.84739,-73.939705,160.0,0,10
2022-08-09,147,175 St (A),40.84739,-73.939705,1345.0,1,10
2022-08-30,147,175 St (A),40.84739,-73.939705,857.0,0,10
2022-09-13,147,175 St (A),40.84739,-73.939705,2435.0,1,10
2023-05-11,147,175 St (A),40.84739,-73.939705,252.0,0,10
2023-06-14,147,175 St (A),40.84739,-73.939705,777.0,0,10
2023-09-27,147,175 St (A),40.84739,-73.939705,1190.0,1,10
2023-10-04,147,175 St (A),40.84739,-73.939705,67.0,0,10
2023-10-17,147,175 St (A),40.84739,-73.939705,1632.0,1,10
2023-11-02,147,175 St (A),40.84739,-73.939705,525.0,0,10
2023-11-03,147,175 St (A),40.84739,-73.939705,1054.0,0,10
2023-11-08,147,175 St (A),40.84739,-73.939705,1278.0,1,10
2023-11-23,147,175 St (A),40.84739,-73.939705,162.0,0,10
2024-01-15,147,175 St (A),40.84739,-73.939705,844.0,0,10
2024-02-29,147,175 St (A),40.84739,-73.939705,765.0,0,10
2024-03-05,147,175 St (A),40.84739,-73.939705,1915.0,1,10
2024-04-05,147,175 St (A),40.84739,-73.939705,1101.0,0,10
2024-04-16,147,175 St (A),40.84739,-73.939705,735.0,0,10
2024-05-03,147,175 St (A),40.84739,-73.939705,1151.0,0,10
2024-05-07,147,175 St (A),40.84739,-73.939705,2280.0,1,10
2024-05-17,147,175 St (A),40.84739,-73.939705,59.0,0,10
2024-05-24,147,175 St (A),40.84739,-73.939705,1837.0,1,10
2024-05-30,147,175 St (A),40.84739,-73.939705,223.0,0,10
2024-05-31,147,175 St (A),40.84739,-73.939705,702.0,0,10
2024-06-03,147,175 St (A),40.84739,-73.939705,1291.0,1,10
2024-06-13,147,175 St (A),40.84739,-73.939705,350.0,0,10
2024-06-18,147,175 St (A),40.84739,-73.939705,317.0,0,10
2024-06-20,147,175 St (A),40.84739,-73.939705,202.0,0,10
2024-06-21,147,175 St (A),40.84739,-73.939705,1545.0,1,10
2024-06-28,147,175 St (A),40.84739,-73.939705,939.0,0,10
2024-08-28,147,175 St (A),40.84739,-73.939705,1215.0,1,10
2024-08-29,147,175 St (A),40.84739,-73.939705,1.0,0,10
2024-09-04,147,175 St (A),40.84739,-73.939705,934.0,0,10
2024-09-05,147,175 St (A),40.84739,-73.939705,2494.0,1,10
2024-09-13,147,175 St (A),40.84739,-73.939705,1477.0,1,10
2024-09-28,147,175 St (A),40.84739,-73.939705,558.0,0,10
2024-11-16,147,175 St (A),40.84739,-73.939705,8.0,0,10
2024-11-21,147,175 St (A),40.84739,-73.939705,750.0,0,10
2024-11-22,147,175 St (A),40.84739,-73.939705,1043.0,0,10
2024-12-03,147,175 St (A),40.84739,-73.939705,880.0,0,10
2024-12-13,147,175 St (A),40.84739,-73.939705,1015.0,0,10
2024-12-26,147,175 St (A),40.84739,-73.939705,782.0,0,10
2024-12-31,147,175 St (A),40.84739,-73.939705,1034.0,0,10
2021-05-21,149,163 St-Amsterdam Av (C),40.836014,-73.939896,93.0,0,10
2021-05-26,149,163 St-Amsterdam Av (C),40.836014,-73.939896,298.0,0,10
2021-06-10,149,163 St-Amsterdam Av (C),40.836014,-73.939896,43.0,0,10
2021-06-21,149,163 St-Amsterdam Av (C),40.836014,-73.939896,562.0,0,10
2021-06-30,149,163 St-Amsterdam Av (C),40.836014,-73.939896,357.0,0,10
2021-08-25,149,163 St-Amsterdam Av (C),40.836014,-73.939896,150.0,0,10
2021-10-15,149,163 St-Amsterdam Av (C),40.836014,-73.939896,184.0,0,10
2021-10-26,149,163 St-Amsterdam Av (C),40.836014,-73.939896,675.0,0,10
2021-10-27,149,163 St-Amsterdam Av (C),40.836014,-73.939896,10.0,0,10
2021-11-17,149,163 St-Amsterdam Av (C),40.836014,-73.939896,69.0,0,10
2021-11-18,149,163 St-Amsterdam Av (C),40.836014,-73.939896,745.0,0,10
2021-12-02,149,163 St-Amsterdam Av (C),40.836014,-73.939896,22.0,0,10
2021-12-16,149,163 St-Amsterdam Av (C),40.836014,-73.939896,37.0,0,10
2021-12-22,149,163 St-Amsterdam Av (C),40.836014,-73.939896,118.0,0,10
2022-01-26,149,163 St-Amsterdam Av (C),40.836014,-73.939896,470.0,0,10
2022-02-07,149,163 St-Amsterdam Av (C),40.836014,-73.939896,537.0,0,10
2022-02-08,149,163 St-Amsterdam Av (C),40.836014,-73.939896,436.0,0,10
2022-02-09,149,163 St-Amsterdam Av (C),40.836014,-73.939896,337.0,0,10
2022-02-10,149,163 St-Amsterdam Av (C),40.836014,-73.939896,187.0,0,10
2022-02-18,149,163 St-Amsterdam Av (C),40.836014,-73.939896,646.0,0,10
2022-03-02,149,163 St-Amsterdam Av (C),40.836014,-73.939896,609.0,0,10
2022-03-08,149,163 St-Amsterdam Av (C),40.836014,-73.939896,794.0,0,10
2022-03-15,149,163 St-Amsterdam Av (C),40.836014,-73.939896,771.0,0,10
2022-03-29,149,163 St-Amsterdam Av (C),40.836014,-73.939896,817.0,0,10
2022-04-20,149,163 St-Amsterdam Av (C),40.836014,-73.939896,66.0,0,10
2022-04-27,149,163 St-Amsterdam Av (C),40.836014,-73.939896,448.0,0,10
2022-05-31,149,163 St-Amsterdam Av (C),40.836014,-73.939896,76.0,0,10
2022-06-01,149,163 St-Amsterdam Av (C),40.836014,-73.939896,582.0,0,10
2022-07-18,149,163 St-Amsterdam Av (C),40.836014,-73.939896,534.0,0,10
2022-08-05,149,163 St-Amsterdam Av (C),40.836014,-73.939896,12.0,0,10
2022-08-08,149,163 St-Amsterdam Av (C),40.836014,-73.939896,157.0,0,10
2022-08-09,149,163 St-Amsterdam Av (C),40.836014,-73.939896,403.0,0,10
2022-08-30,149,163 St-Amsterdam Av (C),40.836014,-73.939896,251.0,0,10
2022-09-13,149,163 St-Amsterdam Av (C),40.836014,-73.939896,667.0,0,10
2023-05-11,149,163 St-Amsterdam Av (C),40.836014,-73.939896,38.0,0,10
2023-06-14,149,163 St-Amsterdam Av (C),40.836014,-73.939896,280.0,0,10
2023-09-27,149,163 St-Amsterdam Av (C),40.836014,-73.939896,477.0,0,10
2023-10-04,149,163 St-Amsterdam Av (C),40.836014,-73.939896,48.0,0,10
2023-10-17,149,163 St-Amsterdam Av (C),40.836014,-73.939896,756.0,0,10
2023-11-02,149,163 St-Amsterdam Av (C),40.836014,-73.939896,196.0,0,10
2023-11-03,149,163 St-Amsterdam Av (C),40.836014,-73.939896,460.0,0,10
2023-11-08,149,163 St-Amsterdam Av (C),40.836014,-73.939896,472.0,0,10
2023-11-23,149,163 St-Amsterdam Av (C),40.836014,-73.939896,40.0,0,10
2024-01-15,149,163 St-Amsterdam Av (C),40.836014,-73.939896,431.0,0,10
2024-02-29,149,163 St-Amsterdam Av (C),40.836014,-73.939896,393.0,0,10
2024-03-05,149,163 St-Amsterdam Av (C),40.836014,-73.939896,577.0,0,10
2024-04-05,149,163 St-Amsterdam Av (C),40.836014,-73.939896,301.0,0,10
2024-04-16,149,163 St-Amsterdam Av (C),40.836014,-73.939896,84.0,0,10
2024-05-03,149,163 St-Amsterdam Av (C),40.836014,-73.939896,291.0,0,10
2024-05-07,149,163 St-Amsterdam Av (C),40.836014,-73.939896,843.0,0,10
2024-05-17,149,163 St-Amsterdam Av (C),40.836014,-73.939896,22.0,0,10
2024-05-24,149,163 St-Amsterdam Av (C),40.836014,-73.939896,651.0,0,10
2024-05-31,149,163 St-Amsterdam Av (C),40.836014,-73.939896,480.0,0,10
2024-06-03,149,163 St-Amsterdam Av (C),40.836014,-73.939896,631.0,0,10
2024-06-13,149,163 St-Amsterdam Av (C),40.836014,-73.939896,257.0,0,10
2024-06-18,149,163 St-Amsterdam Av (C),40.836014,-73.939896,73.0,0,10
2024-06-20,149,163 St-Amsterdam Av (C),40.836014,-73.939896,160.0,0,10
2024-06-21,149,163 St-Amsterdam Av (C),40.836014,-73.939896,689.0,0,10
2024-06-28,149,163 St-Amsterdam Av (C),40.836014,-73.939896,276.0,0,10
2024-08-28,149,163 St-Amsterdam Av (C),40.836014,-73.939896,315.0,0,10
2024-08-29,149,163 St-Amsterdam Av (C),40.836014,-73.939896,129.0,0,10
2024-09-04,149,163 St-Amsterdam Av (C),40.836014,-73.939896,596.0,0,10
2024-09-05,149,163 St-Amsterdam Av (C),40.836014,-73.939896,559.0,0,10
2024-09-13,149,163 St-Amsterdam Av (C),40.836014,-73.939896,782.0,0,10
2024-09-28,149,163 St-Amsterdam Av (C),40.836014,-73.939896,86.0,0,10
2024-11-16,149,163 St-Amsterdam Av (C),40.836014,-73.939896,9.0,0,10
2024-11-21,149,163 St-Amsterdam Av (C),40.836014,-73.939896,419.0,0,10
2024-11-22,149,163 St-Amsterdam Av (C),40.836014,-73.939896,582.0,0,10
2024-12-03,149,163 St-Amsterdam Av (C),40.836014,-73.939896,85.0,0,10
2024-12-13,149,163 St-Amsterdam Av (C),40.836014,-73.939896,604.0,0,10
2024-12-24,149,163 St-Amsterdam Av (C),40.836014,-73.939896,64.0,0,10
2024-12-26,149,163 St-Amsterdam Av (C),40.836014,-73.939896,281.0,0,10
2024-12-31,149,163 St-Amsterdam Av (C),40.836014,-73.939896,346.0,0,10
2021-05-21,150,155 St (C),40.830517,-73.94151,41.0,0,4
2021-05-26,150,155 St (C),40.830517,-73.94151,231.0,0,4
2021-06-10,150,155 St (C),40.830517,-73.94151,59.0,0,4
2021-06-21,150,155 St (C),40.830517,-73.94151,241.0,0,4
2021-06-30,150,155 St (C),40.830517,-73.94151,271.0,0,4
2021-08-25,150,155 St (C),40.830517,-73.94151,28.0,0,4
2021-10-15,150,155 St (C),40.830517,-73.94151,11.0,0,4
2021-10-19,150,155 St (C),40.830517,-73.94151,8.0,0,4
2021-10-26,150,155 St (C),40.830517,-73.94151,341.0,0,4
2021-10-27,150,155 St (C),40.830517,-73.94151,7.0,0,4
2021-11-17,150,155 St (C),40.830517,-73.94151,68.0,0,4
2021-11-18,150,155 St (C),40.830517,-73.94151,450.0,0,4
2021-11-19,150,155 St (C),40.830517,-73.94151,18.0,0,4
2021-12-02,150,155 St (C),40.830517,-73.94151,26.0,0,4
2021-12-16,150,155 St (C),40.830517,-73.94151,34.0,0,4
2021-12-22,150,155 St (C),40.830517,-73.94151,65.0,0,4
2022-01-04,150,155 St (C),40.830517,-73.94151,168.0,0,4
2022-01-26,150,155 St (C),40.830517,-73.94151,277.0,0,4
2022-02-07,150,155 St (C),40.830517,-73.94151,324.0,0,4
2022-02-08,150,155 St (C),40.830517,-73.94151,236.0,0,4
2022-02-09,150,155 St (C),40.830517,-73.94151,260.0,0,4
2022-02-10,150,155 St (C),40.830517,-73.94151,87.0,0,4
2022-02-18,150,155 St (C),40.830517,-73.94151,373.0,0,4
2022-03-02,150,155 St (C),40.830517,-73.94151,316.0,0,4
2022-03-08,150,155 St (C),40.830517,-73.94151,517.0,0,4
2022-03-15,150,155 St (C),40.830517,-73.94151,426.0,0,4
2022-03-29,150,155 St (C),40.830517,-73.94151,346.0,0,4
2022-04-20,150,155 St (C),40.830517,-73.94151,12.0,0,4
2022-04-27,150,155 St (C),40.830517,-73.94151,382.0,0,4
2022-05-31,150,155 St (C),40.830517,-73.94151,66.0,0,4
2022-06-01,150,155 St (C),40.830517,-73.94151,567.0,0,4
2022-07-18,150,155 St (C),40.830517,-73.94151,267.0,0,4
2022-08-05,150,155 St (C),40.830517,-73.94151,49.0,0,4
2022-08-08,150,155 St (C),40.830517,-73.94151,140.0,0,4
2022-08-09,150,155 St (C),40.830517,-73.94151,304.0,0,4
2022-08-30,150,155 St (C),40.830517,-73.94151,154.0,0,4
2022-09-13,150,155 St (C),40.830517,-73.94151,381.0,0,4
2023-05-11,150,155 St (C),40.830517,-73.94151,48.0,0,4
2023-06-14,150,155 St (C),40.830517,-73.94151,85.0,0,4
2023-09-27,150,155 St (C),40.830517,-73.94151,362.0,0,4
2023-10-03,150,155 St (C),40.830517,-73.94151,90.0,0,4
2023-10-04,150,155 St (C),40.830517,-73.94151,68.0,0,4
2023-10-17,150,155 St (C),40.830517,-73.94151,504.0,0,4
2023-11-02,150,155 St (C),40.830517,-73.94151,403.0,0,4
2023-11-03,150,155 St (C),40.830517,-73.94151,118.0,0,4
2023-11-08,150,155 St (C),40.830517,-73.94151,226.0,0,4
2023-11-23,150,155 St (C),40.830517,-73.94151,21.0,0,4
2024-01-15,150,155 St (C),40.830517,-73.94151,210.0,0,4
2024-02-29,150,155 St (C),40.830517,-73.94151,100.0,0,4
2024-03-05,150,155 St (C),40.830517,-73.94151,377.0,0,4
2024-04-05,150,155 St (C),40.830517,-73.94151,352.0,0,4
2024-04-16,150,155 St (C),40.830517,-73.94151,46.0,0,4
2024-05-03,150,155 St (C),40.830517,-73.94151,187.0,0,4
2024-05-07,150,155 St (C),40.830517,-73.94151,405.0,0,4
2024-05-17,150,155 St (C),40.830517,-73.94151,75.0,0,4
2024-05-24,150,155 St (C),40.830517,-73.94151,303.0,0,4
2024-05-31,150,155 St (C),40.830517,-73.94151,196.0,0,4
2024-06-03,150,155 St (C),40.830517,-73.94151,546.0,0,4
2024-06-13,150,155 St (C),40.830517,-73.94151,332.0,0,4
2024-06-18,150,155 St (C),40.830517,-73.94151,154.0,0,4
2024-06-20,150,155 St (C),40.830517,-73.94151,130.0,0,4
2024-06-21,150,155 St (C),40.830517,-73.94151,302.0,0,4
2024-06-28,150,155 St (C),40.830517,-73.94151,155.0,0,4
2024-08-28,150,155 St (C),40.830517,-73.94151,303.0,0,4
2024-08-29,150,155 St (C),40.830517,-73.94151,78.0,0,4
2024-09-04,150,155 St (C),40.830517,-73.94151,458.0,0,4
2024-09-05,150,155 St (C),40.830517,-73.94151,210.0,0,4
2024-09-13,150,155 St (C),40.830517,-73.94151,378.0,0,4
2024-09-28,150,155 St (C),40.830517,-73.94151,141.0,0,4
2024-11-21,150,155 St (C),40.830517,-73.94151,223.0,0,4
2024-11-22,150,155 St (C),40.830517,-73.94151,511.0,0,4
2024-12-03,150,155 St (C),40.830517,-73.94151,198.0,0,4
2024-12-13,150,155 St (C),40.830517,-73.94151,177.0,0,4
2024-12-26,150,155 St (C),40.830517,-73.94151,250.0,0,4
2024-12-31,150,155 St (C),40.830517,-73.94151,296.0,0,4
2021-05-21,151,"145 St (A,C,B,D)",40.824783,-73.944214,877.0,0,14
2021-05-26,151,"145 St (A,C,B,D)",40.824783,-73.944214,1884.0,1,14
2021-06-10,151,"145 St (A,C,B,D)",40.824783,-73.944214,14.0,0,14
2021-06-21,151,"145 St (A,C,B,D)",40.824783,-73.944214,998.0,0,14
2021-06-30,151,"145 St (A,C,B,D)",40.824783,-73.944214,1869.0,1,14
2021-08-25,151,"145 St (A,C,B,D)",40.824783,-73.944214,506.0,0,14
2021-10-15,151,"145 St (A,C,B,D)",40.824783,-73.944214,236.0,0,14
2021-10-26,151,"145 St (A,C,B,D)",40.824783,-73.944214,1586.0,1,14
2021-11-17,151,"145 St (A,C,B,D)",40.824783,-73.944214,398.0,0,14
2021-11-18,151,"145 St (A,C,B,D)",40.824783,-73.944214,3013.0,1,14
2021-12-16,151,"145 St (A,C,B,D)",40.824783,-73.944214,303.0,0,14
2021-12-22,151,"145 St (A,C,B,D)",40.824783,-73.944214,888.0,0,14
2022-01-04,151,"145 St (A,C,B,D)",40.824783,-73.944214,868.0,0,14
2022-01-26,151,"145 St (A,C,B,D)",40.824783,-73.944214,1915.0,1,14
2022-02-07,151,"145 St (A,C,B,D)",40.824783,-73.944214,2303.0,1,14
2022-02-08,151,"145 St (A,C,B,D)",40.824783,-73.944214,2720.0,1,14
2022-02-09,151,"145 St (A,C,B,D)",40.824783,-73.944214,1430.0,1,14
2022-02-10,151,"145 St (A,C,B,D)",40.824783,-73.944214,1003.0,0,14
2022-02-18,151,"145 St (A,C,B,D)",40.824783,-73.944214,3191.0,1,14
2022-03-02,151,"145 St (A,C,B,D)",40.824783,-73.944214,4165.0,1,14
2022-03-08,151,"145 St (A,C,B,D)",40.824783,-73.944214,3091.0,1,14
2022-03-15,151,"145 St (A,C,B,D)",40.824783,-73.944214,3051.0,1,14
2022-03-29,151,"145 St (A,C,B,D)",40.824783,-73.944214,3292.0,1,14
2022-04-07,151,"145 St (A,C,B,D)",40.824783,-73.944214,494.0,0,14
2022-04-20,151,"145 St (A,C,B,D)",40.824783,-73.944214,577.0,0,14
2022-04-27,151,"145 St (A,C,B,D)",40.824783,-73.944214,2709.0,1,14
2022-05-31,151,"145 St (A,C,B,D)",40.824783,-73.944214,1007.0,0,14
2022-06-01,151,"145 St (A,C,B,D)",40.824783,-73.944214,3071.0,1,14
2022-07-18,151,"145 St (A,C,B,D)",40.824783,-73.944214,1828.0,1,14
2022-08-05,151,"145 St (A,C,B,D)",40.824783,-73.944214,698.0,0,14
2022-08-08,151,"145 St (A,C,B,D)",40.824783,-73.944214,539.0,0,14
2022-08-09,151,"145 St (A,C,B,D)",40.824783,-73.944214,2549.0,1,14
2022-08-30,151,"145 St (A,C,B,D)",40.824783,-73.944214,1226.0,1,14
2022-09-13,151,"145 St (A,C,B,D)",40.824783,-73.944214,2478.0,1,14
2023-05-11,151,"145 St (A,C,B,D)",40.824783,-73.944214,726.0,0,14
2023-06-14,151,"145 St (A,C,B,D)",40.824783,-73.944214,1106.0,0,14
2023-09-27,151,"145 St (A,C,B,D)",40.824783,-73.944214,2561.0,1,14
2023-10-04,151,"145 St (A,C,B,D)",40.824783,-73.944214,1281.0,1,14
2023-10-17,151,"145 St (A,C,B,D)",40.824783,-73.944214,2148.0,1,14
2023-11-02,151,"145 St (A,C,B,D)",40.824783,-73.944214,3159.0,1,14
2023-11-03,151,"145 St (A,C,B,D)",40.824783,-73.944214,1393.0,1,14
2023-11-08,151,"145 St (A,C,B,D)",40.824783,-73.944214,3008.0,1,14
2024-01-15,151,"145 St (A,C,B,D)",40.824783,-73.944214,929.0,0,14
2024-02-29,151,"145 St (A,C,B,D)",40.824783,-73.944214,1355.0,1,14
2024-03-05,151,"145 St (A,C,B,D)",40.824783,-73.944214,4123.0,1,14
2024-04-05,151,"145 St (A,C,B,D)",40.824783,-73.944214,878.0,0,14
2024-04-16,151,"145 St (A,C,B,D)",40.824783,-73.944214,1161.0,0,14
2024-05-03,151,"145 St (A,C,B,D)",40.824783,-73.944214,860.0,0,14
2024-05-07,151,"145 St (A,C,B,D)",40.824783,-73.944214,3729.0,1,14
2024-05-17,151,"145 St (A,C,B,D)",40.824783,-73.944214,83.0,0,14
2024-05-24,151,"145 St (A,C,B,D)",40.824783,-73.944214,2775.0,1,14
2024-05-31,151,"145 St (A,C,B,D)",40.824783,-73.944214,3452.0,1,14
2024-06-03,151,"145 St (A,C,B,D)",40.824783,-73.944214,4409.0,1,14
2024-06-13,151,"145 St (A,C,B,D)",40.824783,-73.944214,1725.0,1,14
2024-06-18,151,"145 St (A,C,B,D)",40.824783,-73.944214,599.0,0,14
2024-06-20,151,"145 St (A,C,B,D)",40.824783,-73.944214,1164.0,0,14
2024-06-21,151,"145 St (A,C,B,D)",40.824783,-73.944214,3157.0,1,14
2024-06-28,151,"145 St (A,C,B,D)",40.824783,-73.944214,1562.0,1,14
2024-08-28,151,"145 St (A,C,B,D)",40.824783,-73.944214,1027.0,0,14
2024-08-29,151,"145 St (A,C,B,D)",40.824783,-73.944214,177.0,0,14
2024-09-04,151,"145 St (A,C,B,D)",40.824783,-73.944214,4543.0,1,14
2024-09-05,151,"145 St (A,C,B,D)",40.824783,-73.944214,3041.0,1,14
2024-09-13,151,"145 St (A,C,B,D)",40.824783,-73.944214,2259.0,1,14
2024-09-28,151,"145 St (A,C,B,D)",40.824783,-73.944214,1201.0,1,14
2024-11-21,151,"145 St (A,C,B,D)",40.824783,-73.944214,189.0,0,14
2024-11-22,151,"145 St (A,C,B,D)",40.824783,-73.944214,2878.0,1,14
2024-12-03,151,"145 St (A,C,B,D)",40.824783,-73.944214,1310.0,1,14
2024-12-13,151,"145 St (A,C,B,D)",40.824783,-73.944214,3886.0,1,14
2024-12-26,151,"145 St (A,C,B,D)",40.824783,-73.944214,1820.0,1,14
2024-12-31,151,"145 St (A,C,B,D)",40.824783,-73.944214,2427.0,1,14
2021-05-21,152,"135 St (C,B)",40.817894,-73.94765,130.0,0,3
2021-05-26,152,"135 St (C,B)",40.817894,-73.94765,458.0,0,3
2021-06-10,152,"135 St (C,B)",40.817894,-73.94765,40.0,0,3
2021-06-21,152,"135 St (C,B)",40.817894,-73.94765,392.0,0,3
2021-06-30,152,"135 St (C,B)",40.817894,-73.94765,410.0,0,3
2021-08-25,152,"135 St (C,B)",40.817894,-73.94765,29.0,0,3
2021-10-15,152,"135 St (C,B)",40.817894,-73.94765,10.0,0,3
2021-10-26,152,"135 St (C,B)",40.817894,-73.94765,658.0,0,3
2021-11-17,152,"135 St (C,B)",40.817894,-73.94765,133.0,0,3
2021-11-18,152,"135 St (C,B)",40.817894,-73.94765,714.0,0,3
2021-12-02,152,"135 St (C,B)",40.817894,-73.94765,40.0,0,3
2021-12-16,152,"135 St (C,B)",40.817894,-73.94765,63.0,0,3
2021-12-22,152,"135 St (C,B)",40.817894,-73.94765,113.0,0,3
2022-01-04,152,"135 St (C,B)",40.817894,-73.94765,203.0,0,3
2022-01-26,152,"135 St (C,B)",40.817894,-73.94765,497.0,0,3
2022-02-07,152,"135 St (C,B)",40.817894,-73.94765,754.0,0,3
2022-02-08,152,"135 St (C,B)",40.817894,-73.94765,606.0,0,3
2022-02-09,152,"135 St (C,B)",40.817894,-73.94765,295.0,0,3
2022-02-10,152,"135 St (C,B)",40.817894,-73.94765,159.0,0,3
2022-02-18,152,"135 St (C,B)",40.817894,-73.94765,766.0,0,3
2022-03-02,152,"135 St (C,B)",40.817894,-73.94765,762.0,0,3
2022-03-08,152,"135 St (C,B)",40.817894,-73.94765,472.0,0,3
2022-03-15,152,"135 St (C,B)",40.817894,-73.94765,725.0,0,3
2022-03-29,152,"135 St (C,B)",40.817894,-73.94765,859.0,0,3
2022-04-07,152,"135 St (C,B)",40.817894,-73.94765,4.0,0,3
2022-04-27,152,"135 St (C,B)",40.817894,-73.94765,540.0,0,3
2022-05-31,152,"135 St (C,B)",40.817894,-73.94765,203.0,0,3
2022-06-01,152,"135 St (C,B)",40.817894,-73.94765,450.0,0,3
2022-07-18,152,"135 St (C,B)",40.817894,-73.94765,419.0,0,3
2022-08-05,152,"135 St (C,B)",40.817894,-73.94765,76.0,0,3
2022-08-08,152,"135 St (C,B)",40.817894,-73.94765,41.0,0,3
2022-08-09,152,"135 St (C,B)",40.817894,-73.94765,593.0,0,3
2022-08-30,152,"135 St (C,B)",40.817894,-73.94765,300.0,0,3
2022-09-13,152,"135 St (C,B)",40.817894,-73.94765,904.0,0,3
2023-05-11,152,"135 St (C,B)",40.817894,-73.94765,23.0,0,3
2023-06-14,152,"135 St (C,B)",40.817894,-73.94765,379.0,0,3
2023-09-27,152,"135 St (C,B)",40.817894,-73.94765,690.0,0,3
2023-10-04,152,"135 St (C,B)",40.817894,-73.94765,100.0,0,3
2023-10-17,152,"135 St (C,B)",40.817894,-73.94765,604.0,0,3
2023-11-02,152,"135 St (C,B)",40.817894,-73.94765,836.0,0,3
2023-11-03,152,"135 St (C,B)",40.817894,-73.94765,562.0,0,3
2023-11-08,152,"135 St (C,B)",40.817894,-73.94765,538.0,0,3
2023-11-23,152,"135 St (C,B)",40.817894,-73.94765,44.0,0,3
2024-01-15,152,"135 St (C,B)",40.817894,-73.94765,379.0,0,3
2024-02-29,152,"135 St (C,B)",40.817894,-73.94765,238.0,0,3
2024-03-05,152,"135 St (C,B)",40.817894,-73.94765,783.0,0,3
2024-04-05,152,"135 St (C,B)",40.817894,-73.94765,428.0,0,3
2024-04-16,152,"135 St (C,B)",40.817894,-73.94765,49.0,0,3
2024-05-03,152,"135 St (C,B)",40.817894,-73.94765,489.0,0,3
2024-05-07,152,"135 St (C,B)",40.817894,-73.94765,642.0,0,3
2024-05-17,152,"135 St (C,B)",40.817894,-73.94765,5.0,0,3
2024-05-24,152,"135 St (C,B)",40.817894,-73.94765,817.0,0,3
2024-05-31,152,"135 St (C,B)",40.817894,-73.94765,463.0,0,3
2024-06-03,152,"135 St (C,B)",40.817894,-73.94765,914.0,0,3
2024-06-13,152,"135 St (C,B)",40.817894,-73.94765,356.0,0,3
2024-06-18,152,"135 St (C,B)",40.817894,-73.94765,210.0,0,3
2024-06-20,152,"135 St (C,B)",40.817894,-73.94765,41.0,0,3
2024-06-21,152,"135 St (C,B)",40.817894,-73.94765,791.0,0,3
2024-06-28,152,"135 St (C,B)",40.817894,-73.94765,92.0,0,3
2024-08-28,152,"135 St (C,B)",40.817894,-73.94765,225.0,0,3
2024-08-29,152,"135 St (C,B)",40.817894,-73.94765,220.0,0,3
2024-09-04,152,"135 St (C,B)",40.817894,-73.94765,710.0,0,3
2024-09-05,152,"135 St (C,B)",40.817894,-73.94765,1002.0,0,3
2024-09-13,152,"135 St (C,B)",40.817894,-73.94765,673.0,0,3
2024-09-28,152,"135 St (C,B)",40.817894,-73.94765,275.0,0,3
2024-11-21,152,"135 St (C,B)",40.817894,-73.94765,52.0,0,3
2024-11-22,152,"135 St (C,B)",40.817894,-73.94765,754.0,0,3
2024-12-03,152,"135 St (C,B)",40.817894,-73.94765,403.0,0,3
2024-12-13,152,"135 St (C,B)",40.817894,-73.94765,695.0,0,3
2024-12-26,152,"135 St (C,B)",40.817894,-73.94765,237.0,0,3
2024-12-31,152,"135 St (C,B)",40.817894,-73.94765,362.0,0,3
2021-05-26,153,"125 St (A,C,B,D)",40.811108,-73.95235,1539.0,1,2
2021-06-10,153,"125 St (A,C,B,D)",40.811108,-73.95235,472.0,0,2
2021-06-21,153,"125 St (A,C,B,D)",40.811108,-73.95235,1432.0,1,2
2021-06-30,153,"125 St (A,C,B,D)",40.811108,-73.95235,1845.0,1,2
2021-08-25,153,"125 St (A,C,B,D)",40.811108,-73.95235,56.0,0,2
2021-10-15,153,"125 St (A,C,B,D)",40.811108,-73.95235,241.0,0,2
2021-10-26,153,"125 St (A,C,B,D)",40.811108,-73.95235,2771.0,1,2
2021-11-17,153,"125 St (A,C,B,D)",40.811108,-73.95235,875.0,0,2
2021-11-18,153,"125 St (A,C,B,D)",40.811108,-73.95235,3377.0,1,2
2021-12-02,153,"125 St (A,C,B,D)",40.811108,-73.95235,576.0,0,2
2021-12-16,153,"125 St (A,C,B,D)",40.811108,-73.95235,374.0,0,2
2021-12-22,153,"125 St (A,C,B,D)",40.811108,-73.95235,335.0,0,2
2022-01-04,153,"125 St (A,C,B,D)",40.811108,-73.95235,668.0,0,2
2022-01-26,153,"125 St (A,C,B,D)",40.811108,-73.95235,2503.0,1,2
2022-02-07,153,"125 St (A,C,B,D)",40.811108,-73.95235,1807.0,1,2
2022-02-08,153,"125 St (A,C,B,D)",40.811108,-73.95235,1452.0,1,2
2022-02-09,153,"125 St (A,C,B,D)",40.811108,-73.95235,2029.0,1,2
2022-02-10,153,"125 St (A,C,B,D)",40.811108,-73.95235,729.0,0,2
2022-02-18,153,"125 St (A,C,B,D)",40.811108,-73.95235,2576.0,1,2
2022-03-02,153,"125 St (A,C,B,D)",40.811108,-73.95235,3018.0,1,2
2022-03-08,153,"125 St (A,C,B,D)",40.811108,-73.95235,4174.0,1,2
2022-03-15,153,"125 St (A,C,B,D)",40.811108,-73.95235,3258.0,1,2
2022-03-29,153,"125 St (A,C,B,D)",40.811108,-73.95235,2984.0,1,2
2022-04-07,153,"125 St (A,C,B,D)",40.811108,-73.95235,304.0,0,2
2022-04-20,153,"125 St (A,C,B,D)",40.811108,-73.95235,13.0,0,2
2022-04-21,153,"125 St (A,C,B,D)",40.811108,-73.95235,98.0,0,2
2022-04-27,153,"125 St (A,C,B,D)",40.811108,-73.95235,2212.0,1,2
2022-05-31,153,"125 St (A,C,B,D)",40.811108,-73.95235,586.0,0,2
2022-06-01,153,"125 St (A,C,B,D)",40.811108,-73.95235,3893.0,1,2
2022-07-18,153,"125 St (A,C,B,D)",40.811108,-73.95235,2183.0,1,2
2022-08-05,153,"125 St (A,C,B,D)",40.811108,-73.95235,513.0,0,2
2022-08-08,153,"125 St (A,C,B,D)",40.811108,-73.95235,775.0,0,2
2022-08-09,153,"125 St (A,C,B,D)",40.811108,-73.95235,1822.0,1,2
2022-08-30,153,"125 St (A,C,B,D)",40.811108,-73.95235,1450.0,1,2
2022-09-13,153,"125 St (A,C,B,D)",40.811108,-73.95235,2238.0,1,2
2023-05-11,153,"125 St (A,C,B,D)",40.811108,-73.95235,675.0,0,2
2023-06-14,153,"125 St (A,C,B,D)",40.811108,-73.95235,1461.0,1,2
2023-09-27,153,"125 St (A,C,B,D)",40.811108,-73.95235,1987.0,1,2
2023-10-04,153,"125 St (A,C,B,D)",40.811108,-73.95235,916.0,0,2
2023-10-17,153,"125 St (A,C,B,D)",40.811108,-73.95235,4039.0,1,2
2023-11-02,153,"125 St (A,C,B,D)",40.811108,-73.95235,1951.0,1,2
2023-11-03,153,"125 St (A,C,B,D)",40.811108,-73.95235,1178.0,0,2
2023-11-08,153,"125 St (A,C,B,D)",40.811108,-73.95235,2095.0,1,2
2023-11-23,153,"125 St (A,C,B,D)",40.811108,-73.95235,142.0,0,2
2024-01-15,153,"125 St (A,C,B,D)",40.811108,-73.95235,1897.0,1,2
2024-02-29,153,"125 St (A,C,B,D)",40.811108,-73.95235,1219.0,1,2
2024-03-05,153,"125 St (A,C,B,D)",40.811108,-73.95235,2554.0,1,2
2024-04-05,153,"125 St (A,C,B,D)",40.811108,-73.95235,1769.0,1,2
2024-04-16,153,"125 St (A,C,B,D)",40.811108,-73.95235,1808.0,1,2
2024-05-03,153,"125 St (A,C,B,D)",40.811108,-73.95235,1371.0,1,2
2024-05-07,153,"125 St (A,C,B,D)",40.811108,-73.95235,4452.0,1,2
2024-05-17,153,"125 St (A,C,B,D)",40.811108,-73.95235,607.0,0,2
2024-05-24,153,"125 St (A,C,B,D)",40.811108,-73.95235,2345.0,1,2
2024-05-31,153,"125 St (A,C,B,D)",40.811108,-73.95235,3026.0,1,2
2024-06-03,153,"125 St (A,C,B,D)",40.811108,-73.95235,3462.0,1,2
2024-06-13,153,"125 St (A,C,B,D)",40.811108,-73.95235,1155.0,0,2
2024-06-18,153,"125 St (A,C,B,D)",40.811108,-73.95235,397.0,0,2
2024-06-20,153,"125 St (A,C,B,D)",40.811108,-73.95235,231.0,0,2
2024-06-21,153,"125 St (A,C,B,D)",40.811108,-73.95235,3349.0,1,2
2024-06-28,153,"125 St (A,C,B,D)",40.811108,-73.95235,1487.0,1,2
2024-08-28,153,"125 St (A,C,B,D)",40.811108,-73.95235,1413.0,1,2
2024-08-29,153,"125 St (A,C,B,D)",40.811108,-73.95235,933.0,0,2
2024-09-04,153,"125 St (A,C,B,D)",40.811108,-73.95235,3660.0,1,2
2024-09-05,153,"125 St (A,C,B,D)",40.811108,-73.95235,4142.0,1,2
2024-09-13,153,"125 St (A,C,B,D)",40.811108,-73.95235,2689.0,1,2
2024-09-28,153,"125 St (A,C,B,D)",40.811108,-73.95235,1516.0,1,2
2024-11-21,153,"125 St (A,C,B,D)",40.811108,-73.95235,453.0,0,2
2024-11-22,153,"125 St (A,C,B,D)",40.811108,-73.95235,1761.0,1,2
2024-12-03,153,"125 St (A,C,B,D)",40.811108,-73.95235,1837.0,1,2
2024-12-13,153,"125 St (A,C,B,D)",40.811108,-73.95235,1949.0,1,2
2024-12-26,153,"125 St (A,C,B,D)",40.811108,-73.95235,1126.0,0,2
2024-12-31,153,"125 St (A,C,B,D)",40.811108,-73.95235,2113.0,1,2
2021-05-21,154,"116 St (C,B)",40.805084,-73.95488,172.0,0,10
2021-05-26,154,"116 St (C,B)",40.805084,-73.95488,366.0,0,10
2021-06-10,154,"116 St (C,B)",40.805084,-73.95488,18.0,0,10
2021-06-21,154,"116 St (C,B)",40.805084,-73.95488,599.0,0,10
2021-06-30,154,"116 St (C,B)",40.805084,-73.95488,709.0,0,10
2021-08-25,154,"116 St (C,B)",40.805084,-73.95488,13.0,0,10
2021-10-15,154,"116 St (C,B)",40.805084,-73.95488,122.0,0,10
2021-10-26,154,"116 St (C,B)",40.805084,-73.95488,1094.0,0,10
2021-11-17,154,"116 St (C,B)",40.805084,-73.95488,80.0,0,10
2021-11-18,154,"116 St (C,B)",40.805084,-73.95488,671.0,0,10
2021-12-02,154,"116 St (C,B)",40.805084,-73.95488,55.0,0,10
2021-12-16,154,"116 St (C,B)",40.805084,-73.95488,85.0,0,10
2021-12-22,154,"116 St (C,B)",40.805084,-73.95488,227.0,0,10
2022-01-04,154,"116 St (C,B)",40.805084,-73.95488,159.0,0,10
2022-01-26,154,"116 St (C,B)",40.805084,-73.95488,740.0,0,10
2022-02-07,154,"116 St (C,B)",40.805084,-73.95488,996.0,0,10
2022-02-08,154,"116 St (C,B)",40.805084,-73.95488,999.0,0,10
2022-02-09,154,"116 St (C,B)",40.805084,-73.95488,494.0,0,10
2022-02-10,154,"116 St (C,B)",40.805084,-73.95488,386.0,0,10
2022-02-18,154,"116 St (C,B)",40.805084,-73.95488,1024.0,0,10
2022-03-02,154,"116 St (C,B)",40.805084,-73.95488,961.0,0,10
2022-03-08,154,"116 St (C,B)",40.805084,-73.95488,1214.0,1,10
2022-03-15,154,"116 St (C,B)",40.805084,-73.95488,1085.0,0,10
2022-03-29,154,"116 St (C,B)",40.805084,-73.95488,791.0,0,10
2022-04-20,154,"116 St (C,B)",40.805084,-73.95488,70.0,0,10
2022-04-27,154,"116 St (C,B)",40.805084,-73.95488,735.0,0,10
2022-05-31,154,"116 St (C,B)",40.805084,-73.95488,354.0,0,10
2022-06-01,154,"116 St (C,B)",40.805084,-73.95488,797.0,0,10
2022-07-18,154,"116 St (C,B)",40.805084,-73.95488,268.0,0,10
2022-08-05,154,"116 St (C,B)",40.805084,-73.95488,46.0,0,10
2022-08-08,154,"116 St (C,B)",40.805084,-73.95488,320.0,0,10
2022-08-09,154,"116 St (C,B)",40.805084,-73.95488,428.0,0,10
2022-08-30,154,"116 St (C,B)",40.805084,-73.95488,218.0,0,10
2022-09-13,154,"116 St (C,B)",40.805084,-73.95488,1083.0,0,10
2023-05-11,154,"116 St (C,B)",40.805084,-73.95488,62.0,0,10
2023-06-14,154,"116 St (C,B)",40.805084,-73.95488,824.0,0,10
2023-09-27,154,"116 St (C,B)",40.805084,-73.95488,970.0,0,10
2023-10-04,154,"116 St (C,B)",40.805084,-73.95488,293.0,0,10
2023-10-17,154,"116 St (C,B)",40.805084,-73.95488,1045.0,0,10
2023-11-02,154,"116 St (C,B)",40.805084,-73.95488,305.0,0,10
2023-11-03,154,"116 St (C,B)",40.805084,-73.95488,83.0,0,10
2023-11-08,154,"116 St (C,B)",40.805084,-73.95488,685.0,0,10
2024-01-15,154,"116 St (C,B)",40.805084,-73.95488,355.0,0,10
2024-02-29,154,"116 St (C,B)",40.805084,-73.95488,75.0,0,10
2024-03-05,154,"116 St (C,B)",40.805084,-73.95488,886.0,0,10
2024-04-05,154,"116 St (C,B)",40.805084,-73.95488,874.0,0,10
2024-04-16,154,"116 St (C,B)",40.805084,-73.95488,22.0,0,10
2024-05-03,154,"116 St (C,B)",40.805084,-73.95488,282.0,0,10
2024-05-07,154,"116 St (C,B)",40.805084,-73.95488,911.0,0,10
2024-05-17,154,"116 St (C,B)",40.805084,-73.95488,300.0,0,10
2024-05-24,154,"116 St (C,B)",40.805084,-73.95488,441.0,0,10
2024-05-31,154,"116 St (C,B)",40.805084,-73.95488,1251.0,1,10
2024-06-03,154,"116 St (C,B)",40.805084,-73.95488,1546.0,1,10
2024-06-13,154,"116 St (C,B)",40.805084,-73.95488,703.0,0,10
2024-06-18,154,"116 St (C,B)",40.805084,-73.95488,235.0,0,10
2024-06-20,154,"116 St (C,B)",40.805084,-73.95488,114.0,0,10
2024-06-21,154,"116 St (C,B)",40.805084,-73.95488,687.0,0,10
2024-06-28,154,"116 St (C,B)",40.805084,-73.95488,389.0,0,10
2024-08-28,154,"116 St (C,B)",40.805084,-73.95488,215.0,0,10
2024-08-29,154,"116 St (C,B)",40.805084,-73.95488,188.0,0,10
2024-09-04,154,"116 St (C,B)",40.805084,-73.95488,1027.0,0,10
2024-09-05,154,"116 St (C,B)",40.805084,-73.95488,1203.0,1,10
2024-09-13,154,"116 St (C,B)",40.805084,-73.95488,1192.0,1,10
2024-09-28,154,"116 St (C,B)",40.805084,-73.95488,331.0,0,10
2024-11-21,154,"116 St (C,B)",40.805084,-73.95488,77.0,0,10
2024-11-22,154,"116 St (C,B)",40.805084,-73.95488,935.0,0,10
2024-12-03,154,"116 St (C,B)",40.805084,-73.95488,52.0,0,10
2024-12-13,154,"116 St (C,B)",40.805084,-73.95488,497.0,0,10
2024-12-26,154,"116 St (C,B)",40.805084,-73.95488,382.0,0,10
2024-12-31,154,"116 St (C,B)",40.805084,-73.95488,460.0,0,10
2021-05-21,155,"Cathedral Pkwy (110 St) (C,B)",40.800602,-73.95816,150.0,0,5
2021-05-26,155,"Cathedral Pkwy (110 St) (C,B)",40.800602,-73.95816,439.0,0,5
2021-06-21,155,"Cathedral Pkwy (110 St) (C,B)",40.800602,-73.95816,755.0,0,5
2021-06-30,155,"Cathedral Pkwy (110 St) (C,B)",40.800602,-73.95816,718.0,0,5
2021-08-25,155,"Cathedral Pkwy (110 St) (C,B)",40.800602,-73.95816,233.0,0,5
2021-10-15,155,"Cathedral Pkwy (110 St) (C,B)",40.800602,-73.95816,168.0,0,5
2021-10-26,155,"Cathedral Pkwy (110 St) (C,B)",40.800602,-73.95816,1216.0,1,5
2021-10-27,155,"Cathedral Pkwy (110 St) (C,B)",40.800602,-73.95816,35.0,0,5
2021-11-17,155,"Cathedral Pkwy (110 St) (C,B)",40.800602,-73.95816,21.0,0,5
2021-11-18,155,"Cathedral Pkwy (110 St) (C,B)",40.800602,-73.95816,1201.0,1,5
2021-12-02,155,"Cathedral Pkwy (110 St) (C,B)",40.800602,-73.95816,40.0,0,5
2021-12-16,155,"Cathedral Pkwy (110 St) (C,B)",40.800602,-73.95816,151.0,0,5
2021-12-22,155,"Cathedral Pkwy (110 St) (C,B)",40.800602,-73.95816,225.0,0,5
2022-01-04,155,"Cathedral Pkwy (110 St) (C,B)",40.800602,-73.95816,216.0,0,5
2022-01-26,155,"Cathedral Pkwy (110 St) (C,B)",40.800602,-73.95816,717.0,0,5
2022-02-07,155,"Cathedral Pkwy (110 St) (C,B)",40.800602,-73.95816,879.0,0,5
2022-02-08,155,"Cathedral Pkwy (110 St) (C,B)",40.800602,-73.95816,885.0,0,5
2022-02-09,155,"Cathedral Pkwy (110 St) (C,B)",40.800602,-73.95816,554.0,0,5
2022-02-10,155,"Cathedral Pkwy (110 St) (C,B)",40.800602,-73.95816,252.0,0,5
2022-02-18,155,"Cathedral Pkwy (110 St) (C,B)",40.800602,-73.95816,1166.0,0,5
2022-03-02,155,"Cathedral Pkwy (110 St) (C,B)",40.800602,-73.95816,1146.0,0,5
2022-03-08,155,"Cathedral Pkwy (110 St) (C,B)",40.800602,-73.95816,686.0,0,5
2022-03-15,155,"Cathedral Pkwy (110 St) (C,B)",40.800602,-73.95816,1363.0,1,5
2022-03-29,155,"Cathedral Pkwy (110 St) (C,B)",40.800602,-73.95816,1343.0,1,5
2022-04-07,155,"Cathedral Pkwy (110 St) (C,B)",40.800602,-73.95816,74.0,0,5
2022-04-20,155,"Cathedral Pkwy (110 St) (C,B)",40.800602,-73.95816,124.0,0,5
2022-04-27,155,"Cathedral Pkwy (110 St) (C,B)",40.800602,-73.95816,910.0,0,5
2022-05-31,155,"Cathedral Pkwy (110 St) (C,B)",40.800602,-73.95816,49.0,0,5
2022-06-01,155,"Cathedral Pkwy (110 St) (C,B)",40.800602,-73.95816,1259.0,1,5
2022-07-18,155,"Cathedral Pkwy (110 St) (C,B)",40.800602,-73.95816,782.0,0,5
2022-08-05,155,"Cathedral Pkwy (110 St) (C,B)",40.800602,-73.95816,193.0,0,5
2022-08-08,155,"Cathedral Pkwy (110 St) (C,B)",40.800602,-73.95816,167.0,0,5
2022-08-09,155,"Cathedral Pkwy (110 St) (C,B)",40.800602,-73.95816,1009.0,0,5
2022-08-30,155,"Cathedral Pkwy (110 St) (C,B)",40.800602,-73.95816,846.0,0,5
2022-09-13,155,"Cathedral Pkwy (110 St) (C,B)",40.800602,-73.95816,1259.0,1,5
2023-05-11,155,"Cathedral Pkwy (110 St) (C,B)",40.800602,-73.95816,238.0,0,5
2023-06-14,155,"Cathedral Pkwy (110 St) (C,B)",40.800602,-73.95816,401.0,0,5
2023-09-27,155,"Cathedral Pkwy (110 St) (C,B)",40.800602,-73.95816,723.0,0,5
2023-10-04,155,"Cathedral Pkwy (110 St) (C,B)",40.800602,-73.95816,584.0,0,5
2023-10-17,155,"Cathedral Pkwy (110 St) (C,B)",40.800602,-73.95816,1441.0,1,5
2023-11-02,155,"Cathedral Pkwy (110 St) (C,B)",40.800602,-73.95816,865.0,0,5
2023-11-03,155,"Cathedral Pkwy (110 St) (C,B)",40.800602,-73.95816,284.0,0,5
2023-11-08,155,"Cathedral Pkwy (110 St) (C,B)",40.800602,-73.95816,588.0,0,5
2023-11-17,155,"Cathedral Pkwy (110 St) (C,B)",40.800602,-73.95816,36.0,0,5
2023-11-23,155,"Cathedral Pkwy (110 St) (C,B)",40.800602,-73.95816,189.0,0,5
2024-01-15,155,"Cathedral Pkwy (110 St) (C,B)",40.800602,-73.95816,549.0,0,5
2024-02-29,155,"Cathedral Pkwy (110 St) (C,B)",40.800602,-73.95816,681.0,0,5
2024-03-05,155,"Cathedral Pkwy (110 St) (C,B)",40.800602,-73.95816,503.0,0,5
2024-04-05,155,"Cathedral Pkwy (110 St) (C,B)",40.800602,-73.95816,581.0,0,5
2024-04-16,155,"Cathedral Pkwy (110 St) (C,B)",40.800602,-73.95816,114.0,0,5
2024-05-03,155,"Cathedral Pkwy (110 St) (C,B)",40.800602,-73.95816,698.0,0,5
2024-05-07,155,"Cathedral Pkwy (110 St) (C,B)",40.800602,-73.95816,1215.0,1,5
2024-05-17,155,"Cathedral Pkwy (110 St) (C,B)",40.800602,-73.95816,30.0,0,5
2024-05-24,155,"Cathedral Pkwy (110 St) (C,B)",40.800602,-73.95816,1145.0,0,5
2024-05-31,155,"Cathedral Pkwy (110 St) (C,B)",40.800602,-73.95816,804.0,0,5
2024-06-03,155,"Cathedral Pkwy (110 St) (C,B)",40.800602,-73.95816,1841.0,1,5
2024-06-13,155,"Cathedral Pkwy (110 St) (C,B)",40.800602,-73.95816,664.0,0,5
2024-06-18,155,"Cathedral Pkwy (110 St) (C,B)",40.800602,-73.95816,241.0,0,5
2024-06-20,155,"Cathedral Pkwy (110 St) (C,B)",40.800602,-73.95816,131.0,0,5
2024-06-21,155,"Cathedral Pkwy (110 St) (C,B)",40.800602,-73.95816,1288.0,1,5
2024-06-28,155,"Cathedral Pkwy (110 St) (C,B)",40.800602,-73.95816,369.0,0,5
2024-08-28,155,"Cathedral Pkwy (110 St) (C,B)",40.800602,-73.95816,1122.0,0,5
2024-08-29,155,"Cathedral Pkwy (110 St) (C,B)",40.800602,-73.95816,53.0,0,5
2024-09-04,155,"Cathedral Pkwy (110 St) (C,B)",40.800602,-73.95816,1137.0,0,5
2024-09-05,155,"Cathedral Pkwy (110 St) (C,B)",40.800602,-73.95816,1276.0,1,5
2024-09-13,155,"Cathedral Pkwy (110 St) (C,B)",40.800602,-73.95816,1482.0,1,5
2024-09-28,155,"Cathedral Pkwy (110 St) (C,B)",40.800602,-73.95816,274.0,0,5
2024-10-14,155,"Cathedral Pkwy (110 St) (C,B)",40.800602,-73.95816,6.0,0,5
2024-11-21,155,"Cathedral Pkwy (110 St) (C,B)",40.800602,-73.95816,697.0,0,5
2024-11-22,155,"Cathedral Pkwy (110 St) (C,B)",40.800602,-73.95816,880.0,0,5
2024-12-03,155,"Cathedral Pkwy (110 St) (C,B)",40.800602,-73.95816,325.0,0,5
2024-12-13,155,"Cathedral Pkwy (110 St) (C,B)",40.800602,-73.95816,755.0,0,5
2024-12-26,155,"Cathedral Pkwy (110 St) (C,B)",40.800602,-73.95816,732.0,0,5
2024-12-31,155,"Cathedral Pkwy (110 St) (C,B)",40.800602,-73.95816,344.0,0,5
2021-05-21,156,"103 St (C,B)",40.796093,-73.96146,79.0,0,5
2021-05-26,156,"103 St (C,B)",40.796093,-73.96146,481.0,0,5
2021-06-10,156,"103 St (C,B)",40.796093,-73.96146,80.0,0,5
2021-06-21,156,"103 St (C,B)",40.796093,-73.96146,306.0,0,5
2021-06-30,156,"103 St (C,B)",40.796093,-73.96146,378.0,0,5
2021-08-25,156,"103 St (C,B)",40.796093,-73.96146,26.0,0,5
2021-10-15,156,"103 St (C,B)",40.796093,-73.96146,98.0,0,5
2021-10-26,156,"103 St (C,B)",40.796093,-73.96146,471.0,0,5
2021-10-27,156,"103 St (C,B)",40.796093,-73.96146,6.0,0,5
2021-11-17,156,"103 St (C,B)",40.796093,-73.96146,74.0,0,5
2021-11-18,156,"103 St (C,B)",40.796093,-73.96146,744.0,0,5
2021-12-16,156,"103 St (C,B)",40.796093,-73.96146,118.0,0,5
2021-12-22,156,"103 St (C,B)",40.796093,-73.96146,187.0,0,5
2022-01-04,156,"103 St (C,B)",40.796093,-73.96146,201.0,0,5
2022-01-26,156,"103 St (C,B)",40.796093,-73.96146,283.0,0,5
2022-02-07,156,"103 St (C,B)",40.796093,-73.96146,391.0,0,5
2022-02-08,156,"103 St (C,B)",40.796093,-73.96146,298.0,0,5
2022-02-09,156,"103 St (C,B)",40.796093,-73.96146,322.0,0,5
2022-02-10,156,"103 St (C,B)",40.796093,-73.96146,127.0,0,5
2022-02-18,156,"103 St (C,B)",40.796093,-73.96146,546.0,0,5
2022-03-02,156,"103 St (C,B)",40.796093,-73.96146,836.0,0,5
2022-03-08,156,"103 St (C,B)",40.796093,-73.96146,763.0,0,5
2022-03-15,156,"103 St (C,B)",40.796093,-73.96146,624.0,0,5
2022-03-29,156,"103 St (C,B)",40.796093,-73.96146,805.0,0,5
2022-04-07,156,"103 St (C,B)",40.796093,-73.96146,84.0,0,5
2022-04-20,156,"103 St (C,B)",40.796093,-73.96146,13.0,0,5
2022-04-27,156,"103 St (C,B)",40.796093,-73.96146,674.0,0,5
2022-05-31,156,"103 St (C,B)",40.796093,-73.96146,90.0,0,5
2022-06-01,156,"103 St (C,B)",40.796093,-73.96146,597.0,0,5
2022-07-18,156,"103 St (C,B)",40.796093,-73.96146,581.0,0,5
2022-08-05,156,"103 St (C,B)",40.796093,-73.96146,5.0,0,5
2022-08-08,156,"103 St (C,B)",40.796093,-73.96146,48.0,0,5
2022-08-09,156,"103 St (C,B)",40.796093,-73.96146,370.0,0,5
2022-08-30,156,"103 St (C,B)",40.796093,-73.96146,443.0,0,5
2022-09-13,156,"103 St (C,B)",40.796093,-73.96146,734.0,0,5
2023-05-11,156,"103 St (C,B)",40.796093,-73.96146,26.0,0,5
2023-06-14,156,"103 St (C,B)",40.796093,-73.96146,186.0,0,5
2023-09-27,156,"103 St (C,B)",40.796093,-73.96146,617.0,0,5
2023-10-04,156,"103 St (C,B)",40.796093,-73.96146,141.0,0,5
2023-10-17,156,"103 St (C,B)",40.796093,-73.96146,1049.0,0,5
2023-11-02,156,"103 St (C,B)",40.796093,-73.96146,421.0,0,5
2023-11-03,156,"103 St (C,B)",40.796093,-73.96146,348.0,0,5
2023-11-08,156,"103 St (C,B)",40.796093,-73.96146,600.0,0,5
2023-11-17,156,"103 St (C,B)",40.796093,-73.96146,19.0,0,5
2024-01-15,156,"103 St (C,B)",40.796093,-73.96146,305.0,0,5
2024-02-29,156,"103 St (C,B)",40.796093,-73.96146,304.0,0,5
2024-03-05,156,"103 St (C,B)",40.796093,-73.96146,973.0,0,5
2024-04-05,156,"103 St (C,B)",40.796093,-73.96146,473.0,0,5
2024-04-16,156,"103 St (C,B)",40.796093,-73.96146,110.0,0,5
2024-05-03,156,"103 St (C,B)",40.796093,-73.96146,226.0,0,5
2024-05-07,156,"103 St (C,B)",40.796093,-73.96146,849.0,0,5
2024-05-17,156,"103 St (C,B)",40.796093,-73.96146,107.0,0,5
2024-05-24,156,"103 St (C,B)",40.796093,-73.96146,629.0,0,5
2024-05-31,156,"103 St (C,B)",40.796093,-73.96146,515.0,0,5
2024-06-03,156,"103 St (C,B)",40.796093,-73.96146,817.0,0,5
2024-06-13,156,"103 St (C,B)",40.796093,-73.96146,153.0,0,5
2024-06-18,156,"103 St (C,B)",40.796093,-73.96146,367.0,0,5
2024-06-20,156,"103 St (C,B)",40.796093,-73.96146,207.0,0,5
2024-06-21,156,"103 St (C,B)",40.796093,-73.96146,522.0,0,5
2024-06-28,156,"103 St (C,B)",40.796093,-73.96146,172.0,0,5
2024-08-28,156,"103 St (C,B)",40.796093,-73.96146,579.0,0,5
2024-08-29,156,"103 St (C,B)",40.796093,-73.96146,195.0,0,5
2024-09-04,156,"103 St (C,B)",40.796093,-73.96146,877.0,0,5
2024-09-05,156,"103 St (C,B)",40.796093,-73.96146,460.0,0,5
2024-09-13,156,"103 St (C,B)",40.796093,-73.96146,591.0,0,5
2024-09-28,156,"103 St (C,B)",40.796093,-73.96146,225.0,0,5
2024-11-21,156,"103 St (C,B)",40.796093,-73.96146,261.0,0,5
2024-11-22,156,"103 St (C,B)",40.796093,-73.96146,409.0,0,5
2024-12-03,156,"103 St (C,B)",40.796093,-73.96146,76.0,0,5
2024-12-13,156,"103 St (C,B)",40.796093,-73.96146,697.0,0,5
2024-12-26,156,"103 St (C,B)",40.796093,-73.96146,277.0,0,5
2024-12-31,156,"103 St (C,B)",40.796093,-73.96146,400.0,0,5
2021-05-21,157,"96 St (C,B)",40.79164,-73.9647,39.0,0,6
2021-05-26,157,"96 St (C,B)",40.79164,-73.9647,685.0,0,6
2021-06-10,157,"96 St (C,B)",40.79164,-73.9647,79.0,0,6
2021-06-21,157,"96 St (C,B)",40.79164,-73.9647,712.0,0,6
2021-06-30,157,"96 St (C,B)",40.79164,-73.9647,576.0,0,6
2021-08-25,157,"96 St (C,B)",40.79164,-73.9647,58.0,0,6
2021-10-15,157,"96 St (C,B)",40.79164,-73.9647,37.0,0,6
2021-10-26,157,"96 St (C,B)",40.79164,-73.9647,767.0,0,6
2021-11-17,157,"96 St (C,B)",40.79164,-73.9647,103.0,0,6
2021-11-18,157,"96 St (C,B)",40.79164,-73.9647,1162.0,0,6
2021-12-02,157,"96 St (C,B)",40.79164,-73.9647,57.0,0,6
2021-12-16,157,"96 St (C,B)",40.79164,-73.9647,29.0,0,6
2021-12-22,157,"96 St (C,B)",40.79164,-73.9647,172.0,0,6
2022-01-04,157,"96 St (C,B)",40.79164,-73.9647,244.0,0,6
2022-01-26,157,"96 St (C,B)",40.79164,-73.9647,1030.0,0,6
2022-02-07,157,"96 St (C,B)",40.79164,-73.9647,777.0,0,6
2022-02-08,157,"96 St (C,B)",40.79164,-73.9647,730.0,0,6
2022-02-09,157,"96 St (C,B)",40.79164,-73.9647,468.0,0,6
2022-02-10,157,"96 St (C,B)",40.79164,-73.9647,248.0,0,6
2022-02-18,157,"96 St (C,B)",40.79164,-73.9647,943.0,0,6
2022-03-02,157,"96 St (C,B)",40.79164,-73.9647,1390.0,1,6
2022-03-08,157,"96 St (C,B)",40.79164,-73.9647,1135.0,0,6
2022-03-15,157,"96 St (C,B)",40.79164,-73.9647,773.0,0,6
2022-03-22,157,"96 St (C,B)",40.79164,-73.9647,9.0,0,6
2022-03-29,157,"96 St (C,B)",40.79164,-73.9647,962.0,0,6
2022-04-07,157,"96 St (C,B)",40.79164,-73.9647,4.0,0,6
2022-04-20,157,"96 St (C,B)",40.79164,-73.9647,28.0,0,6
2022-04-27,157,"96 St (C,B)",40.79164,-73.9647,1139.0,0,6
2022-05-31,157,"96 St (C,B)",40.79164,-73.9647,635.0,0,6
2022-06-01,157,"96 St (C,B)",40.79164,-73.9647,1075.0,0,6
2022-07-18,157,"96 St (C,B)",40.79164,-73.9647,343.0,0,6
2022-08-05,157,"96 St (C,B)",40.79164,-73.9647,327.0,0,6
2022-08-08,157,"96 St (C,B)",40.79164,-73.9647,263.0,0,6
2022-08-09,157,"96 St (C,B)",40.79164,-73.9647,988.0,0,6
2022-08-30,157,"96 St (C,B)",40.79164,-73.9647,417.0,0,6
2022-09-13,157,"96 St (C,B)",40.79164,-73.9647,1112.0,0,6
2023-05-11,157,"96 St (C,B)",40.79164,-73.9647,16.0,0,6
2023-06-14,157,"96 St (C,B)",40.79164,-73.9647,413.0,0,6
2023-09-27,157,"96 St (C,B)",40.79164,-73.9647,532.0,0,6
2023-10-04,157,"96 St (C,B)",40.79164,-73.9647,62.0,0,6
2023-10-17,157,"96 St (C,B)",40.79164,-73.9647,1671.0,1,6
2023-11-02,157,"96 St (C,B)",40.79164,-73.9647,1323.0,1,6
2023-11-03,157,"96 St (C,B)",40.79164,-73.9647,286.0,0,6
2023-11-08,157,"96 St (C,B)",40.79164,-73.9647,863.0,0,6
2024-01-15,157,"96 St (C,B)",40.79164,-73.9647,252.0,0,6
2024-02-29,157,"96 St (C,B)",40.79164,-73.9647,264.0,0,6
2024-03-05,157,"96 St (C,B)",40.79164,-73.9647,640.0,0,6
2024-04-05,157,"96 St (C,B)",40.79164,-73.9647,165.0,0,6
2024-04-16,157,"96 St (C,B)",40.79164,-73.9647,90.0,0,6
2024-05-03,157,"96 St (C,B)",40.79164,-73.9647,678.0,0,6
2024-05-07,157,"96 St (C,B)",40.79164,-73.9647,1392.0,1,6
2024-05-17,157,"96 St (C,B)",40.79164,-73.9647,254.0,0,6
2024-05-24,157,"96 St (C,B)",40.79164,-73.9647,909.0,0,6
2024-05-31,157,"96 St (C,B)",40.79164,-73.9647,780.0,0,6
2024-06-03,157,"96 St (C,B)",40.79164,-73.9647,1456.0,1,6
2024-06-13,157,"96 St (C,B)",40.79164,-73.9647,458.0,0,6
2024-06-18,157,"96 St (C,B)",40.79164,-73.9647,84.0,0,6
2024-06-20,157,"96 St (C,B)",40.79164,-73.9647,10.0,0,6
2024-06-21,157,"96 St (C,B)",40.79164,-73.9647,1223.0,1,6
2024-06-28,157,"96 St (C,B)",40.79164,-73.9647,787.0,0,6
2024-08-28,157,"96 St (C,B)",40.79164,-73.9647,1027.0,0,6
2024-08-29,157,"96 St (C,B)",40.79164,-73.9647,179.0,0,6
2024-09-04,157,"96 St (C,B)",40.79164,-73.9647,1322.0,1,6
2024-09-05,157,"96 St (C,B)",40.79164,-73.9647,979.0,0,6
2024-09-13,157,"96 St (C,B)",40.79164,-73.9647,776.0,0,6
2024-09-28,157,"96 St (C,B)",40.79164,-73.9647,385.0,0,6
2024-10-14,157,"96 St (C,B)",40.79164,-73.9647,10.0,0,6
2024-11-21,157,"96 St (C,B)",40.79164,-73.9647,163.0,0,6
2024-11-22,157,"96 St (C,B)",40.79164,-73.9647,1234.0,1,6
2024-12-03,157,"96 St (C,B)",40.79164,-73.9647,1050.0,0,6
2024-12-13,157,"96 St (C,B)",40.79164,-73.9647,665.0,0,6
2024-12-26,157,"96 St (C,B)",40.79164,-73.9647,576.0,0,6
2024-12-31,157,"96 St (C,B)",40.79164,-73.9647,325.0,0,6
2021-05-21,158,"86 St (C,B)",40.78587,-73.96892,24.0,0,8
2021-05-26,158,"86 St (C,B)",40.78587,-73.96892,565.0,0,8
2021-06-10,158,"86 St (C,B)",40.78587,-73.96892,167.0,0,8
2021-06-21,158,"86 St (C,B)",40.78587,-73.96892,731.0,0,8
2021-06-30,158,"86 St (C,B)",40.78587,-73.96892,662.0,0,8
2021-08-25,158,"86 St (C,B)",40.78587,-73.96892,31.0,0,8
2021-10-15,158,"86 St (C,B)",40.78587,-73.96892,177.0,0,8
2021-10-26,158,"86 St (C,B)",40.78587,-73.96892,717.0,0,8
2021-10-27,158,"86 St (C,B)",40.78587,-73.96892,86.0,0,8
2021-11-17,158,"86 St (C,B)",40.78587,-73.96892,7.0,0,8
2021-11-18,158,"86 St (C,B)",40.78587,-73.96892,952.0,0,8
2021-12-02,158,"86 St (C,B)",40.78587,-73.96892,40.0,0,8
2021-12-16,158,"86 St (C,B)",40.78587,-73.96892,92.0,0,8
2021-12-22,158,"86 St (C,B)",40.78587,-73.96892,107.0,0,8
2022-01-04,158,"86 St (C,B)",40.78587,-73.96892,176.0,0,8
2022-01-26,158,"86 St (C,B)",40.78587,-73.96892,943.0,0,8
2022-02-07,158,"86 St (C,B)",40.78587,-73.96892,863.0,0,8
2022-02-08,158,"86 St (C,B)",40.78587,-73.96892,679.0,0,8
2022-02-09,158,"86 St (C,B)",40.78587,-73.96892,1000.0,0,8
2022-02-10,158,"86 St (C,B)",40.78587,-73.96892,646.0,0,8
2022-02-18,158,"86 St (C,B)",40.78587,-73.96892,590.0,0,8
2022-03-02,158,"86 St (C,B)",40.78587,-73.96892,1005.0,0,8
2022-03-08,158,"86 St (C,B)",40.78587,-73.96892,1251.0,1,8
2022-03-15,158,"86 St (C,B)",40.78587,-73.96892,1160.0,0,8
2022-03-29,158,"86 St (C,B)",40.78587,-73.96892,1279.0,1,8
2022-04-07,158,"86 St (C,B)",40.78587,-73.96892,50.0,0,8
2022-04-20,158,"86 St (C,B)",40.78587,-73.96892,261.0,0,8
2022-04-27,158,"86 St (C,B)",40.78587,-73.96892,937.0,0,8
2022-05-31,158,"86 St (C,B)",40.78587,-73.96892,498.0,0,8
2022-06-01,158,"86 St (C,B)",40.78587,-73.96892,1295.0,1,8
2022-07-18,158,"86 St (C,B)",40.78587,-73.96892,228.0,0,8
2022-08-05,158,"86 St (C,B)",40.78587,-73.96892,131.0,0,8
2022-08-08,158,"86 St (C,B)",40.78587,-73.96892,110.0,0,8
2022-08-09,158,"86 St (C,B)",40.78587,-73.96892,520.0,0,8
2022-08-30,158,"86 St (C,B)",40.78587,-73.96892,450.0,0,8
2022-09-13,158,"86 St (C,B)",40.78587,-73.96892,1186.0,1,8
2023-05-11,158,"86 St (C,B)",40.78587,-73.96892,578.0,0,8
2023-06-14,158,"86 St (C,B)",40.78587,-73.96892,340.0,0,8
2023-09-27,158,"86 St (C,B)",40.78587,-73.96892,1294.0,1,8
2023-10-04,158,"86 St (C,B)",40.78587,-73.96892,1057.0,0,8
2023-10-17,158,"86 St (C,B)",40.78587,-73.96892,1994.0,1,8
2023-11-02,158,"86 St (C,B)",40.78587,-73.96892,533.0,0,8
2023-11-03,158,"86 St (C,B)",40.78587,-73.96892,376.0,0,8
2023-11-08,158,"86 St (C,B)",40.78587,-73.96892,677.0,0,8
2023-11-23,158,"86 St (C,B)",40.78587,-73.96892,39.0,0,8
2024-01-15,158,"86 St (C,B)",40.78587,-73.96892,332.0,0,8
2024-02-29,158,"86 St (C,B)",40.78587,-73.96892,758.0,0,8
2024-03-05,158,"86 St (C,B)",40.78587,-73.96892,613.0,0,8
2024-04-05,158,"86 St (C,B)",40.78587,-73.96892,380.0,0,8
2024-04-16,158,"86 St (C,B)",40.78587,-73.96892,152.0,0,8
2024-05-03,158,"86 St (C,B)",40.78587,-73.96892,822.0,0,8
2024-05-07,158,"86 St (C,B)",40.78587,-73.96892,1391.0,1,8
2024-05-17,158,"86 St (C,B)",40.78587,-73.96892,74.0,0,8
2024-05-24,158,"86 St (C,B)",40.78587,-73.96892,568.0,0,8
2024-05-31,158,"86 St (C,B)",40.78587,-73.96892,995.0,0,8
2024-06-03,158,"86 St (C,B)",40.78587,-73.96892,1886.0,1,8
2024-06-13,158,"86 St (C,B)",40.78587,-73.96892,380.0,0,8
2024-06-18,158,"86 St (C,B)",40.78587,-73.96892,122.0,0,8
2024-06-20,158,"86 St (C,B)",40.78587,-73.96892,152.0,0,8
2024-06-21,158,"86 St (C,B)",40.78587,-73.96892,707.0,0,8
2024-06-28,158,"86 St (C,B)",40.78587,-73.96892,854.0,0,8
2024-08-28,158,"86 St (C,B)",40.78587,-73.96892,1289.0,1,8
2024-08-29,158,"86 St (C,B)",40.78587,-73.96892,21.0,0,8
2024-09-04,158,"86 St (C,B)",40.78587,-73.96892,1641.0,1,8
2024-09-05,158,"86 St (C,B)",40.78587,-73.96892,1966.0,1,8
2024-09-13,158,"86 St (C,B)",40.78587,-73.96892,1190.0,1,8
2024-09-28,158,"86 St (C,B)",40.78587,-73.96892,143.0,0,8
2024-11-21,158,"86 St (C,B)",40.78587,-73.96892,101.0,0,8
2024-11-22,158,"86 St (C,B)",40.78587,-73.96892,534.0,0,8
2024-12-03,158,"86 St (C,B)",40.78587,-73.96892,333.0,0,8
2024-12-13,158,"86 St (C,B)",40.78587,-73.96892,962.0,0,8
2024-12-24,158,"86 St (C,B)",40.78587,-73.96892,3.0,0,8
2024-12-26,158,"86 St (C,B)",40.78587,-73.96892,324.0,0,8
2024-12-31,158,"86 St (C,B)",40.78587,-73.96892,534.0,0,8
2021-05-21,159,"81 St-Museum of Natural History (C,B)",40.781433,-73.972145,46.0,0,8
2021-05-26,159,"81 St-Museum of Natural History (C,B)",40.781433,-73.972145,405.0,0,8
2021-06-10,159,"81 St-Museum of Natural History (C,B)",40.781433,-73.972145,39.0,0,8
2021-06-21,159,"81 St-Museum of Natural History (C,B)",40.781433,-73.972145,464.0,0,8
2021-06-30,159,"81 St-Museum of Natural History (C,B)",40.781433,-73.972145,576.0,0,8
2021-08-25,159,"81 St-Museum of Natural History (C,B)",40.781433,-73.972145,104.0,0,8
2021-10-15,159,"81 St-Museum of Natural History (C,B)",40.781433,-73.972145,60.0,0,8
2021-10-19,159,"81 St-Museum of Natural History (C,B)",40.781433,-73.972145,5.0,0,8
2021-10-26,159,"81 St-Museum of Natural History (C,B)",40.781433,-73.972145,734.0,0,8
2021-10-27,159,"81 St-Museum of Natural History (C,B)",40.781433,-73.972145,1.0,0,8
2021-11-17,159,"81 St-Museum of Natural History (C,B)",40.781433,-73.972145,101.0,0,8
2021-11-18,159,"81 St-Museum of Natural History (C,B)",40.781433,-73.972145,877.0,0,8
2021-12-02,159,"81 St-Museum of Natural History (C,B)",40.781433,-73.972145,1.0,0,8
2021-12-16,159,"81 St-Museum of Natural History (C,B)",40.781433,-73.972145,100.0,0,8
2021-12-22,159,"81 St-Museum of Natural History (C,B)",40.781433,-73.972145,1.0,0,8
2022-01-04,159,"81 St-Museum of Natural History (C,B)",40.781433,-73.972145,101.0,0,8
2022-01-26,159,"81 St-Museum of Natural History (C,B)",40.781433,-73.972145,440.0,0,8
2022-02-07,159,"81 St-Museum of Natural History (C,B)",40.781433,-73.972145,498.0,0,8
2022-02-08,159,"81 St-Museum of Natural History (C,B)",40.781433,-73.972145,612.0,0,8
2022-02-09,159,"81 St-Museum of Natural History (C,B)",40.781433,-73.972145,449.0,0,8
2022-02-10,159,"81 St-Museum of Natural History (C,B)",40.781433,-73.972145,88.0,0,8
2022-02-18,159,"81 St-Museum of Natural History (C,B)",40.781433,-73.972145,581.0,0,8
2022-03-02,159,"81 St-Museum of Natural History (C,B)",40.781433,-73.972145,624.0,0,8
2022-03-08,159,"81 St-Museum of Natural History (C,B)",40.781433,-73.972145,868.0,0,8
2022-03-15,159,"81 St-Museum of Natural History (C,B)",40.781433,-73.972145,806.0,0,8
2022-03-29,159,"81 St-Museum of Natural History (C,B)",40.781433,-73.972145,756.0,0,8
2022-04-20,159,"81 St-Museum of Natural History (C,B)",40.781433,-73.972145,117.0,0,8
2022-04-21,159,"81 St-Museum of Natural History (C,B)",40.781433,-73.972145,45.0,0,8
2022-04-27,159,"81 St-Museum of Natural History (C,B)",40.781433,-73.972145,769.0,0,8
2022-05-31,159,"81 St-Museum of Natural History (C,B)",40.781433,-73.972145,188.0,0,8
2022-06-01,159,"81 St-Museum of Natural History (C,B)",40.781433,-73.972145,871.0,0,8
2022-07-18,159,"81 St-Museum of Natural History (C,B)",40.781433,-73.972145,330.0,0,8
2022-08-05,159,"81 St-Museum of Natural History (C,B)",40.781433,-73.972145,229.0,0,8
2022-08-08,159,"81 St-Museum of Natural History (C,B)",40.781433,-73.972145,11.0,0,8
2022-08-09,159,"81 St-Museum of Natural History (C,B)",40.781433,-73.972145,757.0,0,8
2022-08-30,159,"81 St-Museum of Natural History (C,B)",40.781433,-73.972145,237.0,0,8
2022-09-13,159,"81 St-Museum of Natural History (C,B)",40.781433,-73.972145,714.0,0,8
2023-05-11,159,"81 St-Museum of Natural History (C,B)",40.781433,-73.972145,150.0,0,8
2023-06-14,159,"81 St-Museum of Natural History (C,B)",40.781433,-73.972145,600.0,0,8
2023-09-27,159,"81 St-Museum of Natural History (C,B)",40.781433,-73.972145,474.0,0,8
2023-10-04,159,"81 St-Museum of Natural History (C,B)",40.781433,-73.972145,579.0,0,8
2023-10-17,159,"81 St-Museum of Natural History (C,B)",40.781433,-73.972145,1085.0,0,8
2023-11-02,159,"81 St-Museum of Natural History (C,B)",40.781433,-73.972145,421.0,0,8
2023-11-03,159,"81 St-Museum of Natural History (C,B)",40.781433,-73.972145,189.0,0,8
2023-11-08,159,"81 St-Museum of Natural History (C,B)",40.781433,-73.972145,721.0,0,8
2024-01-15,159,"81 St-Museum of Natural History (C,B)",40.781433,-73.972145,369.0,0,8
2024-02-29,159,"81 St-Museum of Natural History (C,B)",40.781433,-73.972145,410.0,0,8
2024-03-05,159,"81 St-Museum of Natural History (C,B)",40.781433,-73.972145,1111.0,0,8
2024-04-05,159,"81 St-Museum of Natural History (C,B)",40.781433,-73.972145,124.0,0,8
2024-04-16,159,"81 St-Museum of Natural History (C,B)",40.781433,-73.972145,61.0,0,8
2024-05-03,159,"81 St-Museum of Natural History (C,B)",40.781433,-73.972145,270.0,0,8
2024-05-07,159,"81 St-Museum of Natural History (C,B)",40.781433,-73.972145,830.0,0,8
2024-05-17,159,"81 St-Museum of Natural History (C,B)",40.781433,-73.972145,19.0,0,8
2024-05-24,159,"81 St-Museum of Natural History (C,B)",40.781433,-73.972145,883.0,0,8
2024-05-31,159,"81 St-Museum of Natural History (C,B)",40.781433,-73.972145,482.0,0,8
2024-06-03,159,"81 St-Museum of Natural History (C,B)",40.781433,-73.972145,1206.0,1,8
2024-06-13,159,"81 St-Museum of Natural History (C,B)",40.781433,-73.972145,222.0,0,8
2024-06-18,159,"81 St-Museum of Natural History (C,B)",40.781433,-73.972145,182.0,0,8
2024-06-20,159,"81 St-Museum of Natural History (C,B)",40.781433,-73.972145,260.0,0,8
2024-06-21,159,"81 St-Museum of Natural History (C,B)",40.781433,-73.972145,821.0,0,8
2024-06-28,159,"81 St-Museum of Natural History (C,B)",40.781433,-73.972145,509.0,0,8
2024-08-28,159,"81 St-Museum of Natural History (C,B)",40.781433,-73.972145,407.0,0,8
2024-08-29,159,"81 St-Museum of Natural History (C,B)",40.781433,-73.972145,18.0,0,8
2024-09-04,159,"81 St-Museum of Natural History (C,B)",40.781433,-73.972145,765.0,0,8
2024-09-05,159,"81 St-Museum of Natural History (C,B)",40.781433,-73.972145,1202.0,1,8
2024-09-13,159,"81 St-Museum of Natural History (C,B)",40.781433,-73.972145,803.0,0,8
2024-09-28,159,"81 St-Museum of Natural History (C,B)",40.781433,-73.972145,90.0,0,8
2024-11-21,159,"81 St-Museum of Natural History (C,B)",40.781433,-73.972145,33.0,0,8
2024-11-22,159,"81 St-Museum of Natural History (C,B)",40.781433,-73.972145,266.0,0,8
2024-12-03,159,"81 St-Museum of Natural History (C,B)",40.781433,-73.972145,422.0,0,8
2024-12-13,159,"81 St-Museum of Natural History (C,B)",40.781433,-73.972145,431.0,0,8
2024-12-26,159,"81 St-Museum of Natural History (C,B)",40.781433,-73.972145,329.0,0,8
2024-12-31,159,"81 St-Museum of Natural History (C,B)",40.781433,-73.972145,267.0,0,8
2021-05-21,16,"8 St-NYU (R,W)",40.730328,-73.99263,43.0,0,53
2021-05-26,16,"8 St-NYU (R,W)",40.730328,-73.99263,329.0,0,53
2021-06-10,16,"8 St-NYU (R,W)",40.730328,-73.99263,84.0,0,53
2021-06-21,16,"8 St-NYU (R,W)",40.730328,-73.99263,559.0,0,53
2021-06-30,16,"8 St-NYU (R,W)",40.730328,-73.99263,590.0,0,53
2021-08-25,16,"8 St-NYU (R,W)",40.730328,-73.99263,78.0,0,53
2021-10-15,16,"8 St-NYU (R,W)",40.730328,-73.99263,27.0,0,53
2021-10-26,16,"8 St-NYU (R,W)",40.730328,-73.99263,807.0,0,53
2021-11-17,16,"8 St-NYU (R,W)",40.730328,-73.99263,337.0,0,53
2021-11-18,16,"8 St-NYU (R,W)",40.730328,-73.99263,905.0,0,53
2021-12-02,16,"8 St-NYU (R,W)",40.730328,-73.99263,112.0,0,53
2021-12-16,16,"8 St-NYU (R,W)",40.730328,-73.99263,290.0,0,53
2021-12-22,16,"8 St-NYU (R,W)",40.730328,-73.99263,225.0,0,53
2022-01-04,16,"8 St-NYU (R,W)",40.730328,-73.99263,148.0,0,53
2022-01-26,16,"8 St-NYU (R,W)",40.730328,-73.99263,773.0,0,53
2022-02-07,16,"8 St-NYU (R,W)",40.730328,-73.99263,604.0,0,53
2022-02-08,16,"8 St-NYU (R,W)",40.730328,-73.99263,571.0,0,53
2022-02-09,16,"8 St-NYU (R,W)",40.730328,-73.99263,218.0,0,53
2022-02-10,16,"8 St-NYU (R,W)",40.730328,-73.99263,274.0,0,53
2022-02-18,16,"8 St-NYU (R,W)",40.730328,-73.99263,714.0,0,53
2022-03-02,16,"8 St-NYU (R,W)",40.730328,-73.99263,1008.0,0,53
2022-03-08,16,"8 St-NYU (R,W)",40.730328,-73.99263,1387.0,1,53
2022-03-15,16,"8 St-NYU (R,W)",40.730328,-73.99263,617.0,0,53
2022-03-29,16,"8 St-NYU (R,W)",40.730328,-73.99263,900.0,0,53
2022-04-07,16,"8 St-NYU (R,W)",40.730328,-73.99263,170.0,0,53
2022-04-27,16,"8 St-NYU (R,W)",40.730328,-73.99263,675.0,0,53
2022-05-31,16,"8 St-NYU (R,W)",40.730328,-73.99263,277.0,0,53
2022-06-01,16,"8 St-NYU (R,W)",40.730328,-73.99263,1060.0,0,53
2022-07-18,16,"8 St-NYU (R,W)",40.730328,-73.99263,829.0,0,53
2022-08-05,16,"8 St-NYU (R,W)",40.730328,-73.99263,256.0,0,53
2022-08-08,16,"8 St-NYU (R,W)",40.730328,-73.99263,88.0,0,53
2022-08-09,16,"8 St-NYU (R,W)",40.730328,-73.99263,869.0,0,53
2022-08-30,16,"8 St-NYU (R,W)",40.730328,-73.99263,412.0,0,53
2022-09-13,16,"8 St-NYU (R,W)",40.730328,-73.99263,1054.0,0,53
2023-05-11,16,"8 St-NYU (R,W)",40.730328,-73.99263,3.0,0,53
2023-06-14,16,"8 St-NYU (R,W)",40.730328,-73.99263,524.0,0,53
2023-09-27,16,"8 St-NYU (R,W)",40.730328,-73.99263,1238.0,1,53
2023-10-04,16,"8 St-NYU (R,W)",40.730328,-73.99263,96.0,0,53
2023-10-17,16,"8 St-NYU (R,W)",40.730328,-73.99263,1501.0,1,53
2023-11-02,16,"8 St-NYU (R,W)",40.730328,-73.99263,971.0,0,53
2023-11-03,16,"8 St-NYU (R,W)",40.730328,-73.99263,308.0,0,53
2023-11-08,16,"8 St-NYU (R,W)",40.730328,-73.99263,690.0,0,53
2023-11-23,16,"8 St-NYU (R,W)",40.730328,-73.99263,11.0,0,53
2024-01-15,16,"8 St-NYU (R,W)",40.730328,-73.99263,374.0,0,53
2024-02-29,16,"8 St-NYU (R,W)",40.730328,-73.99263,399.0,0,53
2024-03-05,16,"8 St-NYU (R,W)",40.730328,-73.99263,1546.0,1,53
2024-04-05,16,"8 St-NYU (R,W)",40.730328,-73.99263,1023.0,0,53
2024-04-16,16,"8 St-NYU (R,W)",40.730328,-73.99263,3.0,0,53
2024-05-03,16,"8 St-NYU (R,W)",40.730328,-73.99263,506.0,0,53
2024-05-07,16,"8 St-NYU (R,W)",40.730328,-73.99263,2101.0,1,53
2024-05-24,16,"8 St-NYU (R,W)",40.730328,-73.99263,682.0,0,53
2024-05-31,16,"8 St-NYU (R,W)",40.730328,-73.99263,754.0,0,53
2024-06-03,16,"8 St-NYU (R,W)",40.730328,-73.99263,1163.0,0,53
2024-06-13,16,"8 St-NYU (R,W)",40.730328,-73.99263,1049.0,0,53
2024-06-18,16,"8 St-NYU (R,W)",40.730328,-73.99263,134.0,0,53
2024-06-20,16,"8 St-NYU (R,W)",40.730328,-73.99263,65.0,0,53
2024-06-21,16,"8 St-NYU (R,W)",40.730328,-73.99263,433.0,0,53
2024-06-28,16,"8 St-NYU (R,W)",40.730328,-73.99263,273.0,0,53
2024-08-28,16,"8 St-NYU (R,W)",40.730328,-73.99263,415.0,0,53
2024-08-29,16,"8 St-NYU (R,W)",40.730328,-73.99263,233.0,0,53
2024-09-04,16,"8 St-NYU (R,W)",40.730328,-73.99263,1956.0,1,53
2024-09-05,16,"8 St-NYU (R,W)",40.730328,-73.99263,1454.0,1,53
2024-09-13,16,"8 St-NYU (R,W)",40.730328,-73.99263,1056.0,0,53
2024-09-28,16,"8 St-NYU (R,W)",40.730328,-73.99263,328.0,0,53
2024-11-16,16,"8 St-NYU (R,W)",40.730328,-73.99263,2.0,0,53
2024-11-21,16,"8 St-NYU (R,W)",40.730328,-73.99263,1581.0,1,53
2024-11-22,16,"8 St-NYU (R,W)",40.730328,-73.99263,639.0,0,53
2024-12-03,16,"8 St-NYU (R,W)",40.730328,-73.99263,1076.0,0,53
2024-12-13,16,"8 St-NYU (R,W)",40.730328,-73.99263,347.0,0,53
2024-12-26,16,"8 St-NYU (R,W)",40.730328,-73.99263,255.0,0,53
2024-12-31,16,"8 St-NYU (R,W)",40.730328,-73.99263,492.0,0,53
2021-05-21,160,"72 St (C,B)",40.775593,-73.97641,9.0,0,14
2021-05-26,160,"72 St (C,B)",40.775593,-73.97641,369.0,0,14
2021-06-10,160,"72 St (C,B)",40.775593,-73.97641,12.0,0,14
2021-06-21,160,"72 St (C,B)",40.775593,-73.97641,361.0,0,14
2021-06-30,160,"72 St (C,B)",40.775593,-73.97641,380.0,0,14
2021-08-25,160,"72 St (C,B)",40.775593,-73.97641,186.0,0,14
2021-10-15,160,"72 St (C,B)",40.775593,-73.97641,44.0,0,14
2021-10-26,160,"72 St (C,B)",40.775593,-73.97641,717.0,0,14
2021-10-27,160,"72 St (C,B)",40.775593,-73.97641,15.0,0,14
2021-11-17,160,"72 St (C,B)",40.775593,-73.97641,95.0,0,14
2021-11-18,160,"72 St (C,B)",40.775593,-73.97641,809.0,0,14
2021-12-16,160,"72 St (C,B)",40.775593,-73.97641,139.0,0,14
2021-12-22,160,"72 St (C,B)",40.775593,-73.97641,128.0,0,14
2022-01-04,160,"72 St (C,B)",40.775593,-73.97641,32.0,0,14
2022-01-26,160,"72 St (C,B)",40.775593,-73.97641,470.0,0,14
2022-02-07,160,"72 St (C,B)",40.775593,-73.97641,320.0,0,14
2022-02-08,160,"72 St (C,B)",40.775593,-73.97641,406.0,0,14
2022-02-09,160,"72 St (C,B)",40.775593,-73.97641,422.0,0,14
2022-02-10,160,"72 St (C,B)",40.775593,-73.97641,163.0,0,14
2022-02-18,160,"72 St (C,B)",40.775593,-73.97641,469.0,0,14
2022-03-02,160,"72 St (C,B)",40.775593,-73.97641,828.0,0,14
2022-03-08,160,"72 St (C,B)",40.775593,-73.97641,787.0,0,14
2022-03-15,160,"72 St (C,B)",40.775593,-73.97641,964.0,0,14
2022-03-29,160,"72 St (C,B)",40.775593,-73.97641,709.0,0,14
2022-04-07,160,"72 St (C,B)",40.775593,-73.97641,88.0,0,14
2022-04-20,160,"72 St (C,B)",40.775593,-73.97641,59.0,0,14
2022-04-27,160,"72 St (C,B)",40.775593,-73.97641,817.0,0,14
2022-05-31,160,"72 St (C,B)",40.775593,-73.97641,42.0,0,14
2022-06-01,160,"72 St (C,B)",40.775593,-73.97641,835.0,0,14
2022-07-18,160,"72 St (C,B)",40.775593,-73.97641,598.0,0,14
2022-08-05,160,"72 St (C,B)",40.775593,-73.97641,502.0,0,14
2022-08-08,160,"72 St (C,B)",40.775593,-73.97641,28.0,0,14
2022-08-09,160,"72 St (C,B)",40.775593,-73.97641,238.0,0,14
2022-08-30,160,"72 St (C,B)",40.775593,-73.97641,199.0,0,14
2022-09-13,160,"72 St (C,B)",40.775593,-73.97641,914.0,0,14
2023-05-11,160,"72 St (C,B)",40.775593,-73.97641,57.0,0,14
2023-06-14,160,"72 St (C,B)",40.775593,-73.97641,381.0,0,14
2023-09-27,160,"72 St (C,B)",40.775593,-73.97641,506.0,0,14
2023-10-04,160,"72 St (C,B)",40.775593,-73.97641,504.0,0,14
2023-10-17,160,"72 St (C,B)",40.775593,-73.97641,376.0,0,14
2023-11-02,160,"72 St (C,B)",40.775593,-73.97641,1170.0,0,14
2023-11-03,160,"72 St (C,B)",40.775593,-73.97641,200.0,0,14
2023-11-08,160,"72 St (C,B)",40.775593,-73.97641,934.0,0,14
2024-01-15,160,"72 St (C,B)",40.775593,-73.97641,332.0,0,14
2024-02-29,160,"72 St (C,B)",40.775593,-73.97641,510.0,0,14
2024-03-05,160,"72 St (C,B)",40.775593,-73.97641,962.0,0,14
2024-04-05,160,"72 St (C,B)",40.775593,-73.97641,539.0,0,14
2024-04-16,160,"72 St (C,B)",40.775593,-73.97641,28.0,0,14
2024-05-03,160,"72 St (C,B)",40.775593,-73.97641,711.0,0,14
2024-05-07,160,"72 St (C,B)",40.775593,-73.97641,525.0,0,14
2024-05-17,160,"72 St (C,B)",40.775593,-73.97641,93.0,0,14
2024-05-24,160,"72 St (C,B)",40.775593,-73.97641,351.0,0,14
2024-05-31,160,"72 St (C,B)",40.775593,-73.97641,801.0,0,14
2024-06-03,160,"72 St (C,B)",40.775593,-73.97641,737.0,0,14
2024-06-13,160,"72 St (C,B)",40.775593,-73.97641,617.0,0,14
2024-06-18,160,"72 St (C,B)",40.775593,-73.97641,310.0,0,14
2024-06-20,160,"72 St (C,B)",40.775593,-73.97641,271.0,0,14
2024-06-21,160,"72 St (C,B)",40.775593,-73.97641,819.0,0,14
2024-06-28,160,"72 St (C,B)",40.775593,-73.97641,261.0,0,14
2024-08-28,160,"72 St (C,B)",40.775593,-73.97641,635.0,0,14
2024-08-29,160,"72 St (C,B)",40.775593,-73.97641,38.0,0,14
2024-09-04,160,"72 St (C,B)",40.775593,-73.97641,1196.0,1,14
2024-09-05,160,"72 St (C,B)",40.775593,-73.97641,753.0,0,14
2024-09-13,160,"72 St (C,B)",40.775593,-73.97641,644.0,0,14
2024-09-28,160,"72 St (C,B)",40.775593,-73.97641,214.0,0,14
2024-11-21,160,"72 St (C,B)",40.775593,-73.97641,153.0,0,14
2024-11-22,160,"72 St (C,B)",40.775593,-73.97641,724.0,0,14
2024-12-03,160,"72 St (C,B)",40.775593,-73.97641,91.0,0,14
2024-12-13,160,"72 St (C,B)",40.775593,-73.97641,542.0,0,14
2024-12-26,160,"72 St (C,B)",40.775593,-73.97641,303.0,0,14
2024-12-31,160,"72 St (C,B)",40.775593,-73.97641,396.0,0,14
2021-05-21,162,"50 St (C,E)",40.762455,-73.985985,107.0,0,67
2021-05-26,162,"50 St (C,E)",40.762455,-73.985985,453.0,0,67
2021-06-10,162,"50 St (C,E)",40.762455,-73.985985,86.0,0,67
2021-06-21,162,"50 St (C,E)",40.762455,-73.985985,877.0,0,67
2021-06-30,162,"50 St (C,E)",40.762455,-73.985985,788.0,0,67
2021-08-25,162,"50 St (C,E)",40.762455,-73.985985,225.0,0,67
2021-10-15,162,"50 St (C,E)",40.762455,-73.985985,289.0,0,67
2021-10-19,162,"50 St (C,E)",40.762455,-73.985985,10.0,0,67
2021-10-26,162,"50 St (C,E)",40.762455,-73.985985,1057.0,0,67
2021-10-27,162,"50 St (C,E)",40.762455,-73.985985,87.0,0,67
2021-11-17,162,"50 St (C,E)",40.762455,-73.985985,179.0,0,67
2021-11-18,162,"50 St (C,E)",40.762455,-73.985985,1266.0,1,67
2021-12-02,162,"50 St (C,E)",40.762455,-73.985985,108.0,0,67
2021-12-16,162,"50 St (C,E)",40.762455,-73.985985,102.0,0,67
2021-12-22,162,"50 St (C,E)",40.762455,-73.985985,116.0,0,67
2022-01-04,162,"50 St (C,E)",40.762455,-73.985985,152.0,0,67
2022-01-26,162,"50 St (C,E)",40.762455,-73.985985,940.0,0,67
2022-02-07,162,"50 St (C,E)",40.762455,-73.985985,636.0,0,67
2022-02-08,162,"50 St (C,E)",40.762455,-73.985985,1295.0,1,67
2022-02-09,162,"50 St (C,E)",40.762455,-73.985985,977.0,0,67
2022-02-10,162,"50 St (C,E)",40.762455,-73.985985,312.0,0,67
2022-02-18,162,"50 St (C,E)",40.762455,-73.985985,1268.0,1,67
2022-03-02,162,"50 St (C,E)",40.762455,-73.985985,1295.0,1,67
2022-03-08,162,"50 St (C,E)",40.762455,-73.985985,1981.0,1,67
2022-03-15,162,"50 St (C,E)",40.762455,-73.985985,1150.0,0,67
2022-03-29,162,"50 St (C,E)",40.762455,-73.985985,1765.0,1,67
2022-04-21,162,"50 St (C,E)",40.762455,-73.985985,49.0,0,67
2022-04-27,162,"50 St (C,E)",40.762455,-73.985985,1540.0,1,67
2022-05-31,162,"50 St (C,E)",40.762455,-73.985985,169.0,0,67
2022-06-01,162,"50 St (C,E)",40.762455,-73.985985,1970.0,1,67
2022-07-18,162,"50 St (C,E)",40.762455,-73.985985,608.0,0,67
2022-08-05,162,"50 St (C,E)",40.762455,-73.985985,270.0,0,67
2022-08-08,162,"50 St (C,E)",40.762455,-73.985985,191.0,0,67
2022-08-09,162,"50 St (C,E)",40.762455,-73.985985,964.0,0,67
2022-08-30,162,"50 St (C,E)",40.762455,-73.985985,1258.0,1,67
2022-09-13,162,"50 St (C,E)",40.762455,-73.985985,2122.0,1,67
2023-05-11,162,"50 St (C,E)",40.762455,-73.985985,261.0,0,67
2023-06-14,162,"50 St (C,E)",40.762455,-73.985985,506.0,0,67
2023-09-27,162,"50 St (C,E)",40.762455,-73.985985,2567.0,1,67
2023-10-04,162,"50 St (C,E)",40.762455,-73.985985,271.0,0,67
2023-10-17,162,"50 St (C,E)",40.762455,-73.985985,1947.0,1,67
2023-11-02,162,"50 St (C,E)",40.762455,-73.985985,568.0,0,67
2023-11-03,162,"50 St (C,E)",40.762455,-73.985985,308.0,0,67
2023-11-08,162,"50 St (C,E)",40.762455,-73.985985,1048.0,0,67
2023-11-17,162,"50 St (C,E)",40.762455,-73.985985,1.0,0,67
2023-11-23,162,"50 St (C,E)",40.762455,-73.985985,62.0,0,67
2024-01-15,162,"50 St (C,E)",40.762455,-73.985985,834.0,0,67
2024-02-29,162,"50 St (C,E)",40.762455,-73.985985,1019.0,0,67
2024-03-05,162,"50 St (C,E)",40.762455,-73.985985,2602.0,1,67
2024-04-05,162,"50 St (C,E)",40.762455,-73.985985,1367.0,1,67
2024-05-03,162,"50 St (C,E)",40.762455,-73.985985,1296.0,1,67
2024-05-07,162,"50 St (C,E)",40.762455,-73.985985,966.0,0,67
2024-05-17,162,"50 St (C,E)",40.762455,-73.985985,99.0,0,67
2024-05-24,162,"50 St (C,E)",40.762455,-73.985985,2179.0,1,67
2024-05-31,162,"50 St (C,E)",40.762455,-73.985985,1204.0,1,67
2024-06-03,162,"50 St (C,E)",40.762455,-73.985985,2608.0,1,67
2024-06-13,162,"50 St (C,E)",40.762455,-73.985985,1654.0,1,67
2024-06-18,162,"50 St (C,E)",40.762455,-73.985985,200.0,0,67
2024-06-20,162,"50 St (C,E)",40.762455,-73.985985,761.0,0,67
2024-06-21,162,"50 St (C,E)",40.762455,-73.985985,1171.0,0,67
2024-06-28,162,"50 St (C,E)",40.762455,-73.985985,788.0,0,67
2024-08-28,162,"50 St (C,E)",40.762455,-73.985985,570.0,0,67
2024-08-29,162,"50 St (C,E)",40.762455,-73.985985,570.0,0,67
2024-09-04,162,"50 St (C,E)",40.762455,-73.985985,1568.0,1,67
2024-09-05,162,"50 St (C,E)",40.762455,-73.985985,2229.0,1,67
2024-09-13,162,"50 St (C,E)",40.762455,-73.985985,1391.0,1,67
2024-09-28,162,"50 St (C,E)",40.762455,-73.985985,1299.0,1,67
2024-11-16,162,"50 St (C,E)",40.762455,-73.985985,5.0,0,67
2024-11-21,162,"50 St (C,E)",40.762455,-73.985985,18.0,0,67
2024-11-22,162,"50 St (C,E)",40.762455,-73.985985,581.0,0,67
2024-12-03,162,"50 St (C,E)",40.762455,-73.985985,421.0,0,67
2024-12-13,162,"50 St (C,E)",40.762455,-73.985985,1042.0,0,67
2024-12-26,162,"50 St (C,E)",40.762455,-73.985985,1562.0,1,67
2024-12-31,162,"50 St (C,E)",40.762455,-73.985985,1703.0,1,67
2021-05-21,164,"34 St-Penn Station (A,C,E)",40.75229,-73.99339,384.0,0,85
2021-05-26,164,"34 St-Penn Station (A,C,E)",40.75229,-73.99339,3339.0,1,85
2021-06-10,164,"34 St-Penn Station (A,C,E)",40.75229,-73.99339,1273.0,1,85
2021-06-21,164,"34 St-Penn Station (A,C,E)",40.75229,-73.99339,4537.0,1,85
2021-06-30,164,"34 St-Penn Station (A,C,E)",40.75229,-73.99339,3369.0,1,85
2021-08-25,164,"34 St-Penn Station (A,C,E)",40.75229,-73.99339,254.0,0,85
2021-10-15,164,"34 St-Penn Station (A,C,E)",40.75229,-73.99339,1789.0,1,85
2021-10-26,164,"34 St-Penn Station (A,C,E)",40.75229,-73.99339,8753.0,1,85
2021-10-27,164,"34 St-Penn Station (A,C,E)",40.75229,-73.99339,234.0,0,85
2021-11-17,164,"34 St-Penn Station (A,C,E)",40.75229,-73.99339,3391.0,1,85
2021-11-18,164,"34 St-Penn Station (A,C,E)",40.75229,-73.99339,9006.0,1,85
2021-12-16,164,"34 St-Penn Station (A,C,E)",40.75229,-73.99339,123.0,0,85
2021-12-22,164,"34 St-Penn Station (A,C,E)",40.75229,-73.99339,2042.0,1,85
2022-01-04,164,"34 St-Penn Station (A,C,E)",40.75229,-73.99339,3525.0,1,85
2022-01-26,164,"34 St-Penn Station (A,C,E)",40.75229,-73.99339,3899.0,1,85
2022-02-07,164,"34 St-Penn Station (A,C,E)",40.75229,-73.99339,5407.0,1,85
2022-02-08,164,"34 St-Penn Station (A,C,E)",40.75229,-73.99339,6819.0,1,85
2022-02-09,164,"34 St-Penn Station (A,C,E)",40.75229,-73.99339,624.0,0,85
2022-02-10,164,"34 St-Penn Station (A,C,E)",40.75229,-73.99339,2781.0,1,85
2022-02-18,164,"34 St-Penn Station (A,C,E)",40.75229,-73.99339,3538.0,1,85
2022-03-02,164,"34 St-Penn Station (A,C,E)",40.75229,-73.99339,9257.0,1,85
2022-03-08,164,"34 St-Penn Station (A,C,E)",40.75229,-73.99339,11030.0,1,85
2022-03-15,164,"34 St-Penn Station (A,C,E)",40.75229,-73.99339,8619.0,1,85
2022-03-29,164,"34 St-Penn Station (A,C,E)",40.75229,-73.99339,8463.0,1,85
2022-04-20,164,"34 St-Penn Station (A,C,E)",40.75229,-73.99339,2038.0,1,85
2022-04-27,164,"34 St-Penn Station (A,C,E)",40.75229,-73.99339,7842.0,1,85
2022-05-31,164,"34 St-Penn Station (A,C,E)",40.75229,-73.99339,9951.0,1,85
2022-06-01,164,"34 St-Penn Station (A,C,E)",40.75229,-73.99339,14361.0,1,85
2022-07-18,164,"34 St-Penn Station (A,C,E)",40.75229,-73.99339,5756.0,1,85
2022-08-05,164,"34 St-Penn Station (A,C,E)",40.75229,-73.99339,1160.0,0,85
2022-08-08,164,"34 St-Penn Station (A,C,E)",40.75229,-73.99339,3960.0,1,85
2022-08-09,164,"34 St-Penn Station (A,C,E)",40.75229,-73.99339,6723.0,1,85
2022-08-30,164,"34 St-Penn Station (A,C,E)",40.75229,-73.99339,1574.0,1,85
2022-09-13,164,"34 St-Penn Station (A,C,E)",40.75229,-73.99339,9777.0,1,85
2023-05-11,164,"34 St-Penn Station (A,C,E)",40.75229,-73.99339,3057.0,1,85
2023-06-14,164,"34 St-Penn Station (A,C,E)",40.75229,-73.99339,7405.0,1,85
2023-09-27,164,"34 St-Penn Station (A,C,E)",40.75229,-73.99339,8348.0,1,85
2023-10-04,164,"34 St-Penn Station (A,C,E)",40.75229,-73.99339,406.0,0,85
2023-10-17,164,"34 St-Penn Station (A,C,E)",40.75229,-73.99339,10562.0,1,85
2023-11-02,164,"34 St-Penn Station (A,C,E)",40.75229,-73.99339,8810.0,1,85
2023-11-03,164,"34 St-Penn Station (A,C,E)",40.75229,-73.99339,2048.0,1,85
2023-11-08,164,"34 St-Penn Station (A,C,E)",40.75229,-73.99339,8810.0,1,85
2023-11-23,164,"34 St-Penn Station (A,C,E)",40.75229,-73.99339,150.0,0,85
2024-01-15,164,"34 St-Penn Station (A,C,E)",40.75229,-73.99339,3471.0,1,85
2024-02-29,164,"34 St-Penn Station (A,C,E)",40.75229,-73.99339,8576.0,1,85
2024-03-05,164,"34 St-Penn Station (A,C,E)",40.75229,-73.99339,3174.0,1,85
2024-04-05,164,"34 St-Penn Station (A,C,E)",40.75229,-73.99339,2521.0,1,85
2024-04-16,164,"34 St-Penn Station (A,C,E)",40.75229,-73.99339,243.0,0,85
2024-05-03,164,"34 St-Penn Station (A,C,E)",40.75229,-73.99339,1442.0,1,85
2024-05-07,164,"34 St-Penn Station (A,C,E)",40.75229,-73.99339,9590.0,1,85
2024-05-17,164,"34 St-Penn Station (A,C,E)",40.75229,-73.99339,191.0,0,85
2024-05-24,164,"34 St-Penn Station (A,C,E)",40.75229,-73.99339,5963.0,1,85
2024-05-31,164,"34 St-Penn Station (A,C,E)",40.75229,-73.99339,9206.0,1,85
2024-06-03,164,"34 St-Penn Station (A,C,E)",40.75229,-73.99339,10122.0,1,85
2024-06-13,164,"34 St-Penn Station (A,C,E)",40.75229,-73.99339,1782.0,1,85
2024-06-18,164,"34 St-Penn Station (A,C,E)",40.75229,-73.99339,2950.0,1,85
2024-06-20,164,"34 St-Penn Station (A,C,E)",40.75229,-73.99339,515.0,0,85
2024-06-21,164,"34 St-Penn Station (A,C,E)",40.75229,-73.99339,5660.0,1,85
2024-06-28,164,"34 St-Penn Station (A,C,E)",40.75229,-73.99339,2479.0,1,85
2024-08-28,164,"34 St-Penn Station (A,C,E)",40.75229,-73.99339,10375.0,1,85
2024-08-29,164,"34 St-Penn Station (A,C,E)",40.75229,-73.99339,2518.0,1,85
2024-09-04,164,"34 St-Penn Station (A,C,E)",40.75229,-73.99339,16819.0,1,85
2024-09-05,164,"34 St-Penn Station (A,C,E)",40.75229,-73.99339,11749.0,1,85
2024-09-13,164,"34 St-Penn Station (A,C,E)",40.75229,-73.99339,6662.0,1,85
2024-09-28,164,"34 St-Penn Station (A,C,E)",40.75229,-73.99339,1834.0,1,85
2024-10-14,164,"34 St-Penn Station (A,C,E)",40.75229,-73.99339,78.0,0,85
2024-11-21,164,"34 St-Penn Station (A,C,E)",40.75229,-73.99339,607.0,0,85
2024-11-22,164,"34 St-Penn Station (A,C,E)",40.75229,-73.99339,5227.0,1,85
2024-12-03,164,"34 St-Penn Station (A,C,E)",40.75229,-73.99339,5377.0,1,85
2024-12-13,164,"34 St-Penn Station (A,C,E)",40.75229,-73.99339,3862.0,1,85
2024-12-26,164,"34 St-Penn Station (A,C,E)",40.75229,-73.99339,3080.0,1,85
2024-12-31,164,"34 St-Penn Station (A,C,E)",40.75229,-73.99339,5085.0,1,85
2021-05-21,165,"23 St (C,E)",40.745907,-73.99804,52.0,0,33
2021-05-26,165,"23 St (C,E)",40.745907,-73.99804,625.0,0,33
2021-06-10,165,"23 St (C,E)",40.745907,-73.99804,153.0,0,33
2021-06-21,165,"23 St (C,E)",40.745907,-73.99804,674.0,0,33
2021-06-30,165,"23 St (C,E)",40.745907,-73.99804,1264.0,1,33
2021-08-25,165,"23 St (C,E)",40.745907,-73.99804,3.0,0,33
2021-10-15,165,"23 St (C,E)",40.745907,-73.99804,48.0,0,33
2021-10-26,165,"23 St (C,E)",40.745907,-73.99804,1755.0,1,33
2021-10-27,165,"23 St (C,E)",40.745907,-73.99804,204.0,0,33
2021-11-17,165,"23 St (C,E)",40.745907,-73.99804,235.0,0,33
2021-11-18,165,"23 St (C,E)",40.745907,-73.99804,2098.0,1,33
2021-12-02,165,"23 St (C,E)",40.745907,-73.99804,7.0,0,33
2021-12-16,165,"23 St (C,E)",40.745907,-73.99804,72.0,0,33
2021-12-22,165,"23 St (C,E)",40.745907,-73.99804,35.0,0,33
2022-01-04,165,"23 St (C,E)",40.745907,-73.99804,291.0,0,33
2022-01-26,165,"23 St (C,E)",40.745907,-73.99804,1593.0,1,33
2022-02-07,165,"23 St (C,E)",40.745907,-73.99804,821.0,0,33
2022-02-08,165,"23 St (C,E)",40.745907,-73.99804,1197.0,1,33
2022-02-09,165,"23 St (C,E)",40.745907,-73.99804,764.0,0,33
2022-02-10,165,"23 St (C,E)",40.745907,-73.99804,644.0,0,33
2022-02-18,165,"23 St (C,E)",40.745907,-73.99804,1174.0,0,33
2022-03-02,165,"23 St (C,E)",40.745907,-73.99804,1918.0,1,33
2022-03-08,165,"23 St (C,E)",40.745907,-73.99804,1446.0,1,33
2022-03-15,165,"23 St (C,E)",40.745907,-73.99804,1851.0,1,33
2022-03-29,165,"23 St (C,E)",40.745907,-73.99804,888.0,0,33
2022-04-07,165,"23 St (C,E)",40.745907,-73.99804,35.0,0,33
2022-04-20,165,"23 St (C,E)",40.745907,-73.99804,7.0,0,33
2022-04-21,165,"23 St (C,E)",40.745907,-73.99804,41.0,0,33
2022-04-27,165,"23 St (C,E)",40.745907,-73.99804,1086.0,0,33
2022-05-31,165,"23 St (C,E)",40.745907,-73.99804,646.0,0,33
2022-06-01,165,"23 St (C,E)",40.745907,-73.99804,1278.0,1,33
2022-07-18,165,"23 St (C,E)",40.745907,-73.99804,1011.0,0,33
2022-08-05,165,"23 St (C,E)",40.745907,-73.99804,483.0,0,33
2022-08-08,165,"23 St (C,E)",40.745907,-73.99804,446.0,0,33
2022-08-09,165,"23 St (C,E)",40.745907,-73.99804,1018.0,0,33
2022-08-30,165,"23 St (C,E)",40.745907,-73.99804,1114.0,0,33
2022-09-13,165,"23 St (C,E)",40.745907,-73.99804,1210.0,1,33
2023-05-11,165,"23 St (C,E)",40.745907,-73.99804,2.0,0,33
2023-06-14,165,"23 St (C,E)",40.745907,-73.99804,193.0,0,33
2023-09-27,165,"23 St (C,E)",40.745907,-73.99804,1904.0,1,33
2023-10-04,165,"23 St (C,E)",40.745907,-73.99804,128.0,0,33
2023-10-17,165,"23 St (C,E)",40.745907,-73.99804,927.0,0,33
2023-11-02,165,"23 St (C,E)",40.745907,-73.99804,634.0,0,33
2023-11-03,165,"23 St (C,E)",40.745907,-73.99804,1326.0,1,33
2023-11-08,165,"23 St (C,E)",40.745907,-73.99804,850.0,0,33
2023-11-23,165,"23 St (C,E)",40.745907,-73.99804,192.0,0,33
2024-01-15,165,"23 St (C,E)",40.745907,-73.99804,777.0,0,33
2024-02-29,165,"23 St (C,E)",40.745907,-73.99804,316.0,0,33
2024-03-05,165,"23 St (C,E)",40.745907,-73.99804,798.0,0,33
2024-04-05,165,"23 St (C,E)",40.745907,-73.99804,883.0,0,33
2024-04-16,165,"23 St (C,E)",40.745907,-73.99804,425.0,0,33
2024-05-03,165,"23 St (C,E)",40.745907,-73.99804,690.0,0,33
2024-05-07,165,"23 St (C,E)",40.745907,-73.99804,2525.0,1,33
2024-05-17,165,"23 St (C,E)",40.745907,-73.99804,205.0,0,33
2024-05-24,165,"23 St (C,E)",40.745907,-73.99804,1517.0,1,33
2024-05-31,165,"23 St (C,E)",40.745907,-73.99804,1141.0,0,33
2024-06-03,165,"23 St (C,E)",40.745907,-73.99804,1552.0,1,33
2024-06-13,165,"23 St (C,E)",40.745907,-73.99804,165.0,0,33
2024-06-18,165,"23 St (C,E)",40.745907,-73.99804,1136.0,0,33
2024-06-20,165,"23 St (C,E)",40.745907,-73.99804,172.0,0,33
2024-06-21,165,"23 St (C,E)",40.745907,-73.99804,1679.0,1,33
2024-06-28,165,"23 St (C,E)",40.745907,-73.99804,651.0,0,33
2024-08-28,165,"23 St (C,E)",40.745907,-73.99804,1582.0,1,33
2024-08-29,165,"23 St (C,E)",40.745907,-73.99804,44.0,0,33
2024-09-04,165,"23 St (C,E)",40.745907,-73.99804,2216.0,1,33
2024-09-05,165,"23 St (C,E)",40.745907,-73.99804,2194.0,1,33
2024-09-13,165,"23 St (C,E)",40.745907,-73.99804,1153.0,0,33
2024-09-28,165,"23 St (C,E)",40.745907,-73.99804,653.0,0,33
2024-11-16,165,"23 St (C,E)",40.745907,-73.99804,175.0,0,33
2024-11-21,165,"23 St (C,E)",40.745907,-73.99804,211.0,0,33
2024-11-22,165,"23 St (C,E)",40.745907,-73.99804,1482.0,1,33
2024-12-03,165,"23 St (C,E)",40.745907,-73.99804,165.0,0,33
2024-12-13,165,"23 St (C,E)",40.745907,-73.99804,1093.0,0,33
2024-12-26,165,"23 St (C,E)",40.745907,-73.99804,720.0,0,33
2024-12-31,165,"23 St (C,E)",40.745907,-73.99804,427.0,0,33
2021-05-21,167,"W 4 St-Wash Sq (A,C,E,B,D,F,M)",40.732338,-74.000496,59.0,0,68
2021-05-26,167,"W 4 St-Wash Sq (A,C,E,B,D,F,M)",40.732338,-74.000496,816.0,0,68
2021-06-10,167,"W 4 St-Wash Sq (A,C,E,B,D,F,M)",40.732338,-74.000496,268.0,0,68
2021-06-21,167,"W 4 St-Wash Sq (A,C,E,B,D,F,M)",40.732338,-74.000496,1121.0,0,68
2021-06-30,167,"W 4 St-Wash Sq (A,C,E,B,D,F,M)",40.732338,-74.000496,1450.0,1,68
2021-08-25,167,"W 4 St-Wash Sq (A,C,E,B,D,F,M)",40.732338,-74.000496,297.0,0,68
2021-10-15,167,"W 4 St-Wash Sq (A,C,E,B,D,F,M)",40.732338,-74.000496,247.0,0,68
2021-10-26,167,"W 4 St-Wash Sq (A,C,E,B,D,F,M)",40.732338,-74.000496,2104.0,1,68
2021-10-27,167,"W 4 St-Wash Sq (A,C,E,B,D,F,M)",40.732338,-74.000496,95.0,0,68
2021-11-17,167,"W 4 St-Wash Sq (A,C,E,B,D,F,M)",40.732338,-74.000496,7.0,0,68
2021-11-18,167,"W 4 St-Wash Sq (A,C,E,B,D,F,M)",40.732338,-74.000496,2097.0,1,68
2021-12-16,167,"W 4 St-Wash Sq (A,C,E,B,D,F,M)",40.732338,-74.000496,338.0,0,68
2021-12-22,167,"W 4 St-Wash Sq (A,C,E,B,D,F,M)",40.732338,-74.000496,129.0,0,68
2022-01-04,167,"W 4 St-Wash Sq (A,C,E,B,D,F,M)",40.732338,-74.000496,291.0,0,68
2022-01-26,167,"W 4 St-Wash Sq (A,C,E,B,D,F,M)",40.732338,-74.000496,1048.0,0,68
2022-02-07,167,"W 4 St-Wash Sq (A,C,E,B,D,F,M)",40.732338,-74.000496,1272.0,1,68
2022-02-08,167,"W 4 St-Wash Sq (A,C,E,B,D,F,M)",40.732338,-74.000496,1253.0,1,68
2022-02-09,167,"W 4 St-Wash Sq (A,C,E,B,D,F,M)",40.732338,-74.000496,1559.0,1,68
2022-02-10,167,"W 4 St-Wash Sq (A,C,E,B,D,F,M)",40.732338,-74.000496,330.0,0,68
2022-02-18,167,"W 4 St-Wash Sq (A,C,E,B,D,F,M)",40.732338,-74.000496,1608.0,1,68
2022-03-02,167,"W 4 St-Wash Sq (A,C,E,B,D,F,M)",40.732338,-74.000496,1703.0,1,68
2022-03-08,167,"W 4 St-Wash Sq (A,C,E,B,D,F,M)",40.732338,-74.000496,2931.0,1,68
2022-03-15,167,"W 4 St-Wash Sq (A,C,E,B,D,F,M)",40.732338,-74.000496,2541.0,1,68
2022-03-29,167,"W 4 St-Wash Sq (A,C,E,B,D,F,M)",40.732338,-74.000496,2631.0,1,68
2022-04-07,167,"W 4 St-Wash Sq (A,C,E,B,D,F,M)",40.732338,-74.000496,285.0,0,68
2022-04-20,167,"W 4 St-Wash Sq (A,C,E,B,D,F,M)",40.732338,-74.000496,192.0,0,68
2022-04-27,167,"W 4 St-Wash Sq (A,C,E,B,D,F,M)",40.732338,-74.000496,2835.0,1,68
2022-05-31,167,"W 4 St-Wash Sq (A,C,E,B,D,F,M)",40.732338,-74.000496,762.0,0,68
2022-06-01,167,"W 4 St-Wash Sq (A,C,E,B,D,F,M)",40.732338,-74.000496,2774.0,1,68
2022-07-18,167,"W 4 St-Wash Sq (A,C,E,B,D,F,M)",40.732338,-74.000496,1097.0,0,68
2022-08-05,167,"W 4 St-Wash Sq (A,C,E,B,D,F,M)",40.732338,-74.000496,444.0,0,68
2022-08-08,167,"W 4 St-Wash Sq (A,C,E,B,D,F,M)",40.732338,-74.000496,183.0,0,68
2022-08-09,167,"W 4 St-Wash Sq (A,C,E,B,D,F,M)",40.732338,-74.000496,1572.0,1,68
2022-08-30,167,"W 4 St-Wash Sq (A,C,E,B,D,F,M)",40.732338,-74.000496,649.0,0,68
2022-09-13,167,"W 4 St-Wash Sq (A,C,E,B,D,F,M)",40.732338,-74.000496,3858.0,1,68
2023-06-14,167,"W 4 St-Wash Sq (A,C,E,B,D,F,M)",40.732338,-74.000496,497.0,0,68
2023-09-27,167,"W 4 St-Wash Sq (A,C,E,B,D,F,M)",40.732338,-74.000496,1013.0,0,68
2023-10-04,167,"W 4 St-Wash Sq (A,C,E,B,D,F,M)",40.732338,-74.000496,440.0,0,68
2023-10-17,167,"W 4 St-Wash Sq (A,C,E,B,D,F,M)",40.732338,-74.000496,3876.0,1,68
2023-11-02,167,"W 4 St-Wash Sq (A,C,E,B,D,F,M)",40.732338,-74.000496,1797.0,1,68
2023-11-03,167,"W 4 St-Wash Sq (A,C,E,B,D,F,M)",40.732338,-74.000496,1354.0,1,68
2023-11-08,167,"W 4 St-Wash Sq (A,C,E,B,D,F,M)",40.732338,-74.000496,1148.0,0,68
2023-11-23,167,"W 4 St-Wash Sq (A,C,E,B,D,F,M)",40.732338,-74.000496,13.0,0,68
2024-01-15,167,"W 4 St-Wash Sq (A,C,E,B,D,F,M)",40.732338,-74.000496,1042.0,0,68
2024-02-29,167,"W 4 St-Wash Sq (A,C,E,B,D,F,M)",40.732338,-74.000496,407.0,0,68
2024-03-05,167,"W 4 St-Wash Sq (A,C,E,B,D,F,M)",40.732338,-74.000496,2865.0,1,68
2024-04-05,167,"W 4 St-Wash Sq (A,C,E,B,D,F,M)",40.732338,-74.000496,649.0,0,68
2024-04-16,167,"W 4 St-Wash Sq (A,C,E,B,D,F,M)",40.732338,-74.000496,139.0,0,68
2024-05-03,167,"W 4 St-Wash Sq (A,C,E,B,D,F,M)",40.732338,-74.000496,908.0,0,68
2024-05-07,167,"W 4 St-Wash Sq (A,C,E,B,D,F,M)",40.732338,-74.000496,3942.0,1,68
2024-05-17,167,"W 4 St-Wash Sq (A,C,E,B,D,F,M)",40.732338,-74.000496,99.0,0,68
2024-05-24,167,"W 4 St-Wash Sq (A,C,E,B,D,F,M)",40.732338,-74.000496,2042.0,1,68
2024-05-31,167,"W 4 St-Wash Sq (A,C,E,B,D,F,M)",40.732338,-74.000496,1695.0,1,68
2024-06-03,167,"W 4 St-Wash Sq (A,C,E,B,D,F,M)",40.732338,-74.000496,2278.0,1,68
2024-06-13,167,"W 4 St-Wash Sq (A,C,E,B,D,F,M)",40.732338,-74.000496,2061.0,1,68
2024-06-20,167,"W 4 St-Wash Sq (A,C,E,B,D,F,M)",40.732338,-74.000496,757.0,0,68
2024-06-21,167,"W 4 St-Wash Sq (A,C,E,B,D,F,M)",40.732338,-74.000496,2060.0,1,68
2024-06-28,167,"W 4 St-Wash Sq (A,C,E,B,D,F,M)",40.732338,-74.000496,433.0,0,68
2024-08-28,167,"W 4 St-Wash Sq (A,C,E,B,D,F,M)",40.732338,-74.000496,1988.0,1,68
2024-08-29,167,"W 4 St-Wash Sq (A,C,E,B,D,F,M)",40.732338,-74.000496,98.0,0,68
2024-09-04,167,"W 4 St-Wash Sq (A,C,E,B,D,F,M)",40.732338,-74.000496,3892.0,1,68
2024-09-05,167,"W 4 St-Wash Sq (A,C,E,B,D,F,M)",40.732338,-74.000496,3353.0,1,68
2024-09-13,167,"W 4 St-Wash Sq (A,C,E,B,D,F,M)",40.732338,-74.000496,1712.0,1,68
2024-09-28,167,"W 4 St-Wash Sq (A,C,E,B,D,F,M)",40.732338,-74.000496,980.0,0,68
2024-11-21,167,"W 4 St-Wash Sq (A,C,E,B,D,F,M)",40.732338,-74.000496,275.0,0,68
2024-11-22,167,"W 4 St-Wash Sq (A,C,E,B,D,F,M)",40.732338,-74.000496,1422.0,1,68
2024-12-03,167,"W 4 St-Wash Sq (A,C,E,B,D,F,M)",40.732338,-74.000496,433.0,0,68
2024-12-13,167,"W 4 St-Wash Sq (A,C,E,B,D,F,M)",40.732338,-74.000496,2385.0,1,68
2024-12-26,167,"W 4 St-Wash Sq (A,C,E,B,D,F,M)",40.732338,-74.000496,439.0,0,68
2024-12-31,167,"W 4 St-Wash Sq (A,C,E,B,D,F,M)",40.732338,-74.000496,420.0,0,68
2021-05-21,168,"Spring St (C,E)",40.726227,-74.00374,45.0,0,52
2021-05-26,168,"Spring St (C,E)",40.726227,-74.00374,194.0,0,52
2021-06-10,168,"Spring St (C,E)",40.726227,-74.00374,83.0,0,52
2021-06-21,168,"Spring St (C,E)",40.726227,-74.00374,326.0,0,52
2021-06-30,168,"Spring St (C,E)",40.726227,-74.00374,277.0,0,52
2021-08-25,168,"Spring St (C,E)",40.726227,-74.00374,4.0,0,52
2021-10-15,168,"Spring St (C,E)",40.726227,-74.00374,3.0,0,52
2021-10-19,168,"Spring St (C,E)",40.726227,-74.00374,18.0,0,52
2021-10-26,168,"Spring St (C,E)",40.726227,-74.00374,756.0,0,52
2021-11-17,168,"Spring St (C,E)",40.726227,-74.00374,73.0,0,52
2021-11-18,168,"Spring St (C,E)",40.726227,-74.00374,527.0,0,52
2021-12-02,168,"Spring St (C,E)",40.726227,-74.00374,54.0,0,52
2021-12-16,168,"Spring St (C,E)",40.726227,-74.00374,110.0,0,52
2021-12-22,168,"Spring St (C,E)",40.726227,-74.00374,51.0,0,52
2022-01-04,168,"Spring St (C,E)",40.726227,-74.00374,114.0,0,52
2022-01-26,168,"Spring St (C,E)",40.726227,-74.00374,323.0,0,52
2022-02-07,168,"Spring St (C,E)",40.726227,-74.00374,328.0,0,52
2022-02-08,168,"Spring St (C,E)",40.726227,-74.00374,290.0,0,52
2022-02-09,168,"Spring St (C,E)",40.726227,-74.00374,207.0,0,52
2022-02-10,168,"Spring St (C,E)",40.726227,-74.00374,231.0,0,52
2022-02-18,168,"Spring St (C,E)",40.726227,-74.00374,403.0,0,52
2022-03-02,168,"Spring St (C,E)",40.726227,-74.00374,603.0,0,52
2022-03-08,168,"Spring St (C,E)",40.726227,-74.00374,717.0,0,52
2022-03-15,168,"Spring St (C,E)",40.726227,-74.00374,502.0,0,52
2022-03-29,168,"Spring St (C,E)",40.726227,-74.00374,686.0,0,52
2022-04-07,168,"Spring St (C,E)",40.726227,-74.00374,8.0,0,52
2022-04-20,168,"Spring St (C,E)",40.726227,-74.00374,58.0,0,52
2022-04-27,168,"Spring St (C,E)",40.726227,-74.00374,461.0,0,52
2022-05-31,168,"Spring St (C,E)",40.726227,-74.00374,154.0,0,52
2022-06-01,168,"Spring St (C,E)",40.726227,-74.00374,518.0,0,52
2022-07-18,168,"Spring St (C,E)",40.726227,-74.00374,196.0,0,52
2022-08-05,168,"Spring St (C,E)",40.726227,-74.00374,39.0,0,52
2022-08-08,168,"Spring St (C,E)",40.726227,-74.00374,45.0,0,52
2022-08-09,168,"Spring St (C,E)",40.726227,-74.00374,436.0,0,52
2022-08-30,168,"Spring St (C,E)",40.726227,-74.00374,82.0,0,52
2022-09-13,168,"Spring St (C,E)",40.726227,-74.00374,726.0,0,52
2023-05-11,168,"Spring St (C,E)",40.726227,-74.00374,91.0,0,52
2023-06-14,168,"Spring St (C,E)",40.726227,-74.00374,249.0,0,52
2023-09-27,168,"Spring St (C,E)",40.726227,-74.00374,695.0,0,52
2023-10-04,168,"Spring St (C,E)",40.726227,-74.00374,119.0,0,52
2023-10-17,168,"Spring St (C,E)",40.726227,-74.00374,659.0,0,52
2023-11-02,168,"Spring St (C,E)",40.726227,-74.00374,407.0,0,52
2023-11-03,168,"Spring St (C,E)",40.726227,-74.00374,290.0,0,52
2023-11-08,168,"Spring St (C,E)",40.726227,-74.00374,333.0,0,52
2023-11-23,168,"Spring St (C,E)",40.726227,-74.00374,76.0,0,52
2024-01-15,168,"Spring St (C,E)",40.726227,-74.00374,358.0,0,52
2024-02-29,168,"Spring St (C,E)",40.726227,-74.00374,561.0,0,52
2024-03-05,168,"Spring St (C,E)",40.726227,-74.00374,698.0,0,52
2024-04-05,168,"Spring St (C,E)",40.726227,-74.00374,52.0,0,52
2024-04-16,168,"Spring St (C,E)",40.726227,-74.00374,37.0,0,52
2024-05-03,168,"Spring St (C,E)",40.726227,-74.00374,206.0,0,52
2024-05-07,168,"Spring St (C,E)",40.726227,-74.00374,811.0,0,52
2024-05-17,168,"Spring St (C,E)",40.726227,-74.00374,32.0,0,52
2024-05-24,168,"Spring St (C,E)",40.726227,-74.00374,677.0,0,52
2024-05-31,168,"Spring St (C,E)",40.726227,-74.00374,549.0,0,52
2024-06-03,168,"Spring St (C,E)",40.726227,-74.00374,737.0,0,52
2024-06-13,168,"Spring St (C,E)",40.726227,-74.00374,365.0,0,52
2024-06-18,168,"Spring St (C,E)",40.726227,-74.00374,446.0,0,52
2024-06-20,168,"Spring St (C,E)",40.726227,-74.00374,18.0,0,52
2024-06-21,168,"Spring St (C,E)",40.726227,-74.00374,528.0,0,52
2024-06-28,168,"Spring St (C,E)",40.726227,-74.00374,479.0,0,52
2024-08-28,168,"Spring St (C,E)",40.726227,-74.00374,638.0,0,52
2024-08-29,168,"Spring St (C,E)",40.726227,-74.00374,37.0,0,52
2024-09-04,168,"Spring St (C,E)",40.726227,-74.00374,782.0,0,52
2024-09-05,168,"Spring St (C,E)",40.726227,-74.00374,767.0,0,52
2024-09-13,168,"Spring St (C,E)",40.726227,-74.00374,392.0,0,52
2024-09-28,168,"Spring St (C,E)",40.726227,-74.00374,346.0,0,52
2024-11-21,168,"Spring St (C,E)",40.726227,-74.00374,40.0,0,52
2024-11-22,168,"Spring St (C,E)",40.726227,-74.00374,477.0,0,52
2024-12-03,168,"Spring St (C,E)",40.726227,-74.00374,413.0,0,52
2024-12-13,168,"Spring St (C,E)",40.726227,-74.00374,711.0,0,52
2024-12-26,168,"Spring St (C,E)",40.726227,-74.00374,364.0,0,52
2024-12-31,168,"Spring St (C,E)",40.726227,-74.00374,354.0,0,52
2021-05-21,169,"Canal St (A,C,E)",40.720825,-74.005226,29.0,0,24
2021-05-26,169,"Canal St (A,C,E)",40.720825,-74.005226,235.0,0,24
2021-06-10,169,"Canal St (A,C,E)",40.720825,-74.005226,59.0,0,24
2021-06-21,169,"Canal St (A,C,E)",40.720825,-74.005226,484.0,0,24
2021-06-30,169,"Canal St (A,C,E)",40.720825,-74.005226,349.0,0,24
2021-08-25,169,"Canal St (A,C,E)",40.720825,-74.005226,65.0,0,24
2021-10-15,169,"Canal St (A,C,E)",40.720825,-74.005226,13.0,0,24
2021-10-26,169,"Canal St (A,C,E)",40.720825,-74.005226,832.0,0,24
2021-11-17,169,"Canal St (A,C,E)",40.720825,-74.005226,244.0,0,24
2021-11-18,169,"Canal St (A,C,E)",40.720825,-74.005226,716.0,0,24
2021-12-02,169,"Canal St (A,C,E)",40.720825,-74.005226,49.0,0,24
2021-12-16,169,"Canal St (A,C,E)",40.720825,-74.005226,86.0,0,24
2021-12-22,169,"Canal St (A,C,E)",40.720825,-74.005226,155.0,0,24
2022-01-04,169,"Canal St (A,C,E)",40.720825,-74.005226,96.0,0,24
2022-01-26,169,"Canal St (A,C,E)",40.720825,-74.005226,622.0,0,24
2022-02-07,169,"Canal St (A,C,E)",40.720825,-74.005226,440.0,0,24
2022-02-08,169,"Canal St (A,C,E)",40.720825,-74.005226,289.0,0,24
2022-02-09,169,"Canal St (A,C,E)",40.720825,-74.005226,341.0,0,24
2022-02-10,169,"Canal St (A,C,E)",40.720825,-74.005226,95.0,0,24
2022-02-18,169,"Canal St (A,C,E)",40.720825,-74.005226,536.0,0,24
2022-03-02,169,"Canal St (A,C,E)",40.720825,-74.005226,520.0,0,24
2022-03-08,169,"Canal St (A,C,E)",40.720825,-74.005226,902.0,0,24
2022-03-15,169,"Canal St (A,C,E)",40.720825,-74.005226,839.0,0,24
2022-03-29,169,"Canal St (A,C,E)",40.720825,-74.005226,715.0,0,24
2022-04-07,169,"Canal St (A,C,E)",40.720825,-74.005226,313.0,0,24
2022-04-20,169,"Canal St (A,C,E)",40.720825,-74.005226,96.0,0,24
2022-04-21,169,"Canal St (A,C,E)",40.720825,-74.005226,28.0,0,24
2022-04-27,169,"Canal St (A,C,E)",40.720825,-74.005226,693.0,0,24
2022-05-31,169,"Canal St (A,C,E)",40.720825,-74.005226,135.0,0,24
2022-06-01,169,"Canal St (A,C,E)",40.720825,-74.005226,787.0,0,24
2022-07-18,169,"Canal St (A,C,E)",40.720825,-74.005226,534.0,0,24
2022-08-05,169,"Canal St (A,C,E)",40.720825,-74.005226,171.0,0,24
2022-08-08,169,"Canal St (A,C,E)",40.720825,-74.005226,205.0,0,24
2022-08-09,169,"Canal St (A,C,E)",40.720825,-74.005226,406.0,0,24
2022-08-30,169,"Canal St (A,C,E)",40.720825,-74.005226,104.0,0,24
2022-09-13,169,"Canal St (A,C,E)",40.720825,-74.005226,670.0,0,24
2023-05-11,169,"Canal St (A,C,E)",40.720825,-74.005226,42.0,0,24
2023-06-14,169,"Canal St (A,C,E)",40.720825,-74.005226,303.0,0,24
2023-09-27,169,"Canal St (A,C,E)",40.720825,-74.005226,339.0,0,24
2023-10-04,169,"Canal St (A,C,E)",40.720825,-74.005226,467.0,0,24
2023-10-17,169,"Canal St (A,C,E)",40.720825,-74.005226,1193.0,1,24
2023-11-02,169,"Canal St (A,C,E)",40.720825,-74.005226,911.0,0,24
2023-11-03,169,"Canal St (A,C,E)",40.720825,-74.005226,163.0,0,24
2023-11-08,169,"Canal St (A,C,E)",40.720825,-74.005226,583.0,0,24
2023-11-17,169,"Canal St (A,C,E)",40.720825,-74.005226,17.0,0,24
2024-01-15,169,"Canal St (A,C,E)",40.720825,-74.005226,383.0,0,24
2024-02-29,169,"Canal St (A,C,E)",40.720825,-74.005226,544.0,0,24
2024-03-05,169,"Canal St (A,C,E)",40.720825,-74.005226,836.0,0,24
2024-04-05,169,"Canal St (A,C,E)",40.720825,-74.005226,251.0,0,24
2024-04-16,169,"Canal St (A,C,E)",40.720825,-74.005226,54.0,0,24
2024-05-03,169,"Canal St (A,C,E)",40.720825,-74.005226,246.0,0,24
2024-05-07,169,"Canal St (A,C,E)",40.720825,-74.005226,578.0,0,24
2024-05-17,169,"Canal St (A,C,E)",40.720825,-74.005226,421.0,0,24
2024-05-24,169,"Canal St (A,C,E)",40.720825,-74.005226,584.0,0,24
2024-05-31,169,"Canal St (A,C,E)",40.720825,-74.005226,483.0,0,24
2024-06-03,169,"Canal St (A,C,E)",40.720825,-74.005226,1018.0,0,24
2024-06-13,169,"Canal St (A,C,E)",40.720825,-74.005226,882.0,0,24
2024-06-18,169,"Canal St (A,C,E)",40.720825,-74.005226,73.0,0,24
2024-06-20,169,"Canal St (A,C,E)",40.720825,-74.005226,78.0,0,24
2024-06-21,169,"Canal St (A,C,E)",40.720825,-74.005226,1015.0,0,24
2024-06-28,169,"Canal St (A,C,E)",40.720825,-74.005226,77.0,0,24
2024-08-28,169,"Canal St (A,C,E)",40.720825,-74.005226,460.0,0,24
2024-08-29,169,"Canal St (A,C,E)",40.720825,-74.005226,229.0,0,24
2024-09-04,169,"Canal St (A,C,E)",40.720825,-74.005226,1125.0,0,24
2024-09-05,169,"Canal St (A,C,E)",40.720825,-74.005226,980.0,0,24
2024-09-13,169,"Canal St (A,C,E)",40.720825,-74.005226,739.0,0,24
2024-09-28,169,"Canal St (A,C,E)",40.720825,-74.005226,122.0,0,24
2024-11-16,169,"Canal St (A,C,E)",40.720825,-74.005226,2.0,0,24
2024-11-21,169,"Canal St (A,C,E)",40.720825,-74.005226,50.0,0,24
2024-11-22,169,"Canal St (A,C,E)",40.720825,-74.005226,722.0,0,24
2024-12-03,169,"Canal St (A,C,E)",40.720825,-74.005226,33.0,0,24
2024-12-13,169,"Canal St (A,C,E)",40.720825,-74.005226,657.0,0,24
2024-12-26,169,"Canal St (A,C,E)",40.720825,-74.005226,356.0,0,24
2024-12-31,169,"Canal St (A,C,E)",40.720825,-74.005226,330.0,0,24
2021-05-21,17,"Prince St (R,W)",40.72433,-73.9977,48.0,0,67
2021-05-26,17,"Prince St (R,W)",40.72433,-73.9977,212.0,0,67
2021-06-10,17,"Prince St (R,W)",40.72433,-73.9977,106.0,0,67
2021-06-21,17,"Prince St (R,W)",40.72433,-73.9977,225.0,0,67
2021-06-30,17,"Prince St (R,W)",40.72433,-73.9977,259.0,0,67
2021-08-25,17,"Prince St (R,W)",40.72433,-73.9977,63.0,0,67
2021-10-15,17,"Prince St (R,W)",40.72433,-73.9977,27.0,0,67
2021-10-19,17,"Prince St (R,W)",40.72433,-73.9977,67.0,0,67
2021-10-26,17,"Prince St (R,W)",40.72433,-73.9977,278.0,0,67
2021-11-17,17,"Prince St (R,W)",40.72433,-73.9977,16.0,0,67
2021-11-18,17,"Prince St (R,W)",40.72433,-73.9977,414.0,0,67
2021-12-02,17,"Prince St (R,W)",40.72433,-73.9977,11.0,0,67
2021-12-16,17,"Prince St (R,W)",40.72433,-73.9977,80.0,0,67
2021-12-22,17,"Prince St (R,W)",40.72433,-73.9977,22.0,0,67
2022-01-04,17,"Prince St (R,W)",40.72433,-73.9977,164.0,0,67
2022-01-26,17,"Prince St (R,W)",40.72433,-73.9977,317.0,0,67
2022-02-07,17,"Prince St (R,W)",40.72433,-73.9977,263.0,0,67
2022-02-08,17,"Prince St (R,W)",40.72433,-73.9977,226.0,0,67
2022-02-09,17,"Prince St (R,W)",40.72433,-73.9977,249.0,0,67
2022-02-10,17,"Prince St (R,W)",40.72433,-73.9977,22.0,0,67
2022-02-18,17,"Prince St (R,W)",40.72433,-73.9977,242.0,0,67
2022-03-02,17,"Prince St (R,W)",40.72433,-73.9977,382.0,0,67
2022-03-08,17,"Prince St (R,W)",40.72433,-73.9977,453.0,0,67
2022-03-15,17,"Prince St (R,W)",40.72433,-73.9977,415.0,0,67
2022-03-29,17,"Prince St (R,W)",40.72433,-73.9977,221.0,0,67
2022-04-07,17,"Prince St (R,W)",40.72433,-73.9977,77.0,0,67
2022-04-20,17,"Prince St (R,W)",40.72433,-73.9977,5.0,0,67
2022-04-27,17,"Prince St (R,W)",40.72433,-73.9977,288.0,0,67
2022-05-31,17,"Prince St (R,W)",40.72433,-73.9977,43.0,0,67
2022-06-01,17,"Prince St (R,W)",40.72433,-73.9977,290.0,0,67
2022-07-18,17,"Prince St (R,W)",40.72433,-73.9977,208.0,0,67
2022-08-05,17,"Prince St (R,W)",40.72433,-73.9977,66.0,0,67
2022-08-08,17,"Prince St (R,W)",40.72433,-73.9977,30.0,0,67
2022-08-09,17,"Prince St (R,W)",40.72433,-73.9977,434.0,0,67
2022-08-30,17,"Prince St (R,W)",40.72433,-73.9977,168.0,0,67
2022-09-13,17,"Prince St (R,W)",40.72433,-73.9977,443.0,0,67
2023-05-11,17,"Prince St (R,W)",40.72433,-73.9977,150.0,0,67
2023-06-14,17,"Prince St (R,W)",40.72433,-73.9977,166.0,0,67
2023-09-27,17,"Prince St (R,W)",40.72433,-73.9977,134.0,0,67
2023-10-04,17,"Prince St (R,W)",40.72433,-73.9977,84.0,0,67
2023-10-17,17,"Prince St (R,W)",40.72433,-73.9977,513.0,0,67
2023-11-02,17,"Prince St (R,W)",40.72433,-73.9977,255.0,0,67
2023-11-03,17,"Prince St (R,W)",40.72433,-73.9977,240.0,0,67
2023-11-08,17,"Prince St (R,W)",40.72433,-73.9977,425.0,0,67
2023-11-23,17,"Prince St (R,W)",40.72433,-73.9977,39.0,0,67
2024-01-15,17,"Prince St (R,W)",40.72433,-73.9977,222.0,0,67
2024-02-29,17,"Prince St (R,W)",40.72433,-73.9977,200.0,0,67
2024-03-05,17,"Prince St (R,W)",40.72433,-73.9977,668.0,0,67
2024-04-05,17,"Prince St (R,W)",40.72433,-73.9977,90.0,0,67
2024-04-16,17,"Prince St (R,W)",40.72433,-73.9977,10.0,0,67
2024-05-03,17,"Prince St (R,W)",40.72433,-73.9977,303.0,0,67
2024-05-07,17,"Prince St (R,W)",40.72433,-73.9977,624.0,0,67
2024-05-24,17,"Prince St (R,W)",40.72433,-73.9977,241.0,0,67
2024-05-31,17,"Prince St (R,W)",40.72433,-73.9977,449.0,0,67
2024-06-03,17,"Prince St (R,W)",40.72433,-73.9977,294.0,0,67
2024-06-13,17,"Prince St (R,W)",40.72433,-73.9977,425.0,0,67
2024-06-18,17,"Prince St (R,W)",40.72433,-73.9977,277.0,0,67
2024-06-20,17,"Prince St (R,W)",40.72433,-73.9977,1.0,0,67
2024-06-21,17,"Prince St (R,W)",40.72433,-73.9977,228.0,0,67
2024-06-28,17,"Prince St (R,W)",40.72433,-73.9977,56.0,0,67
2024-08-28,17,"Prince St (R,W)",40.72433,-73.9977,290.0,0,67
2024-08-29,17,"Prince St (R,W)",40.72433,-73.9977,27.0,0,67
2024-09-04,17,"Prince St (R,W)",40.72433,-73.9977,308.0,0,67
2024-09-05,17,"Prince St (R,W)",40.72433,-73.9977,462.0,0,67
2024-09-13,17,"Prince St (R,W)",40.72433,-73.9977,404.0,0,67
2024-09-28,17,"Prince St (R,W)",40.72433,-73.9977,107.0,0,67
2024-11-21,17,"Prince St (R,W)",40.72433,-73.9977,171.0,0,67
2024-11-22,17,"Prince St (R,W)",40.72433,-73.9977,270.0,0,67
2024-12-03,17,"Prince St (R,W)",40.72433,-73.9977,235.0,0,67
2024-12-13,17,"Prince St (R,W)",40.72433,-73.9977,271.0,0,67
2024-12-26,17,"Prince St (R,W)",40.72433,-73.9977,136.0,0,67
2024-12-31,17,"Prince St (R,W)",40.72433,-73.9977,156.0,0,67
2021-05-21,20,"City Hall (R,W)",40.713284,-74.00698,61.0,0,39
2021-05-26,20,"City Hall (R,W)",40.713284,-74.00698,128.0,0,39
2021-06-10,20,"City Hall (R,W)",40.713284,-74.00698,1.0,0,39
2021-06-21,20,"City Hall (R,W)",40.713284,-74.00698,168.0,0,39
2021-06-30,20,"City Hall (R,W)",40.713284,-74.00698,116.0,0,39
2021-08-25,20,"City Hall (R,W)",40.713284,-74.00698,11.0,0,39
2021-10-15,20,"City Hall (R,W)",40.713284,-74.00698,17.0,0,39
2021-10-19,20,"City Hall (R,W)",40.713284,-74.00698,13.0,0,39
2021-10-26,20,"City Hall (R,W)",40.713284,-74.00698,217.0,0,39
2021-11-17,20,"City Hall (R,W)",40.713284,-74.00698,10.0,0,39
2021-11-18,20,"City Hall (R,W)",40.713284,-74.00698,366.0,0,39
2021-12-16,20,"City Hall (R,W)",40.713284,-74.00698,32.0,0,39
2021-12-22,20,"City Hall (R,W)",40.713284,-74.00698,32.0,0,39
2022-01-04,20,"City Hall (R,W)",40.713284,-74.00698,51.0,0,39
2022-01-26,20,"City Hall (R,W)",40.713284,-74.00698,143.0,0,39
2022-02-07,20,"City Hall (R,W)",40.713284,-74.00698,203.0,0,39
2022-02-08,20,"City Hall (R,W)",40.713284,-74.00698,134.0,0,39
2022-02-09,20,"City Hall (R,W)",40.713284,-74.00698,171.0,0,39
2022-02-10,20,"City Hall (R,W)",40.713284,-74.00698,97.0,0,39
2022-02-18,20,"City Hall (R,W)",40.713284,-74.00698,167.0,0,39
2022-03-02,20,"City Hall (R,W)",40.713284,-74.00698,229.0,0,39
2022-03-08,20,"City Hall (R,W)",40.713284,-74.00698,327.0,0,39
2022-03-15,20,"City Hall (R,W)",40.713284,-74.00698,279.0,0,39
2022-03-29,20,"City Hall (R,W)",40.713284,-74.00698,279.0,0,39
2022-04-07,20,"City Hall (R,W)",40.713284,-74.00698,39.0,0,39
2022-04-20,20,"City Hall (R,W)",40.713284,-74.00698,19.0,0,39
2022-04-21,20,"City Hall (R,W)",40.713284,-74.00698,5.0,0,39
2022-04-27,20,"City Hall (R,W)",40.713284,-74.00698,161.0,0,39
2022-05-31,20,"City Hall (R,W)",40.713284,-74.00698,42.0,0,39
2022-06-01,20,"City Hall (R,W)",40.713284,-74.00698,278.0,0,39
2022-07-18,20,"City Hall (R,W)",40.713284,-74.00698,187.0,0,39
2022-08-05,20,"City Hall (R,W)",40.713284,-74.00698,50.0,0,39
2022-08-08,20,"City Hall (R,W)",40.713284,-74.00698,38.0,0,39
2022-08-09,20,"City Hall (R,W)",40.713284,-74.00698,183.0,0,39
2022-08-30,20,"City Hall (R,W)",40.713284,-74.00698,155.0,0,39
2022-09-13,20,"City Hall (R,W)",40.713284,-74.00698,325.0,0,39
2023-05-11,20,"City Hall (R,W)",40.713284,-74.00698,32.0,0,39
2023-06-14,20,"City Hall (R,W)",40.713284,-74.00698,119.0,0,39
2023-09-27,20,"City Hall (R,W)",40.713284,-74.00698,149.0,0,39
2023-10-04,20,"City Hall (R,W)",40.713284,-74.00698,64.0,0,39
2023-10-17,20,"City Hall (R,W)",40.713284,-74.00698,162.0,0,39
2023-11-02,20,"City Hall (R,W)",40.713284,-74.00698,207.0,0,39
2023-11-03,20,"City Hall (R,W)",40.713284,-74.00698,69.0,0,39
2023-11-08,20,"City Hall (R,W)",40.713284,-74.00698,229.0,0,39
2024-01-15,20,"City Hall (R,W)",40.713284,-74.00698,92.0,0,39
2024-02-29,20,"City Hall (R,W)",40.713284,-74.00698,321.0,0,39
2024-03-05,20,"City Hall (R,W)",40.713284,-74.00698,251.0,0,39
2024-04-05,20,"City Hall (R,W)",40.713284,-74.00698,193.0,0,39
2024-04-16,20,"City Hall (R,W)",40.713284,-74.00698,30.0,0,39
2024-05-03,20,"City Hall (R,W)",40.713284,-74.00698,86.0,0,39
2024-05-07,20,"City Hall (R,W)",40.713284,-74.00698,340.0,0,39
2024-05-17,20,"City Hall (R,W)",40.713284,-74.00698,1.0,0,39
2024-05-24,20,"City Hall (R,W)",40.713284,-74.00698,389.0,0,39
2024-05-31,20,"City Hall (R,W)",40.713284,-74.00698,240.0,0,39
2024-06-03,20,"City Hall (R,W)",40.713284,-74.00698,428.0,0,39
2024-06-13,20,"City Hall (R,W)",40.713284,-74.00698,14.0,0,39
2024-06-18,20,"City Hall (R,W)",40.713284,-74.00698,38.0,0,39
2024-06-20,20,"City Hall (R,W)",40.713284,-74.00698,58.0,0,39
2024-06-21,20,"City Hall (R,W)",40.713284,-74.00698,387.0,0,39
2024-06-28,20,"City Hall (R,W)",40.713284,-74.00698,121.0,0,39
2024-08-28,20,"City Hall (R,W)",40.713284,-74.00698,125.0,0,39
2024-08-29,20,"City Hall (R,W)",40.713284,-74.00698,23.0,0,39
2024-09-04,20,"City Hall (R,W)",40.713284,-74.00698,404.0,0,39
2024-09-05,20,"City Hall (R,W)",40.713284,-74.00698,432.0,0,39
2024-09-13,20,"City Hall (R,W)",40.713284,-74.00698,282.0,0,39
2024-09-28,20,"City Hall (R,W)",40.713284,-74.00698,13.0,0,39
2024-11-21,20,"City Hall (R,W)",40.713284,-74.00698,191.0,0,39
2024-11-22,20,"City Hall (R,W)",40.713284,-74.00698,264.0,0,39
2024-12-03,20,"City Hall (R,W)",40.713284,-74.00698,51.0,0,39
2024-12-13,20,"City Hall (R,W)",40.713284,-74.00698,353.0,0,39
2024-12-26,20,"City Hall (R,W)",40.713284,-74.00698,68.0,0,39
2024-12-31,20,"City Hall (R,W)",40.713284,-74.00698,134.0,0,39
2021-05-21,22,"Rector St (R,W)",40.70722,-74.01334,74.0,0,37
2021-05-26,22,"Rector St (R,W)",40.70722,-74.01334,290.0,0,37
2021-06-10,22,"Rector St (R,W)",40.70722,-74.01334,77.0,0,37
2021-06-21,22,"Rector St (R,W)",40.70722,-74.01334,326.0,0,37
2021-06-30,22,"Rector St (R,W)",40.70722,-74.01334,313.0,0,37
2021-08-25,22,"Rector St (R,W)",40.70722,-74.01334,34.0,0,37
2021-10-15,22,"Rector St (R,W)",40.70722,-74.01334,68.0,0,37
2021-10-19,22,"Rector St (R,W)",40.70722,-74.01334,62.0,0,37
2021-10-26,22,"Rector St (R,W)",40.70722,-74.01334,385.0,0,37
2021-11-17,22,"Rector St (R,W)",40.70722,-74.01334,2.0,0,37
2021-11-18,22,"Rector St (R,W)",40.70722,-74.01334,425.0,0,37
2021-12-02,22,"Rector St (R,W)",40.70722,-74.01334,111.0,0,37
2021-12-16,22,"Rector St (R,W)",40.70722,-74.01334,10.0,0,37
2021-12-22,22,"Rector St (R,W)",40.70722,-74.01334,119.0,0,37
2022-01-04,22,"Rector St (R,W)",40.70722,-74.01334,32.0,0,37
2022-01-26,22,"Rector St (R,W)",40.70722,-74.01334,205.0,0,37
2022-02-07,22,"Rector St (R,W)",40.70722,-74.01334,170.0,0,37
2022-02-08,22,"Rector St (R,W)",40.70722,-74.01334,514.0,0,37
2022-02-09,22,"Rector St (R,W)",40.70722,-74.01334,52.0,0,37
2022-02-10,22,"Rector St (R,W)",40.70722,-74.01334,74.0,0,37
2022-02-18,22,"Rector St (R,W)",40.70722,-74.01334,338.0,0,37
2022-03-02,22,"Rector St (R,W)",40.70722,-74.01334,431.0,0,37
2022-03-08,22,"Rector St (R,W)",40.70722,-74.01334,548.0,0,37
2022-03-15,22,"Rector St (R,W)",40.70722,-74.01334,541.0,0,37
2022-03-29,22,"Rector St (R,W)",40.70722,-74.01334,349.0,0,37
2022-04-07,22,"Rector St (R,W)",40.70722,-74.01334,90.0,0,37
2022-04-27,22,"Rector St (R,W)",40.70722,-74.01334,357.0,0,37
2022-05-31,22,"Rector St (R,W)",40.70722,-74.01334,40.0,0,37
2022-06-01,22,"Rector St (R,W)",40.70722,-74.01334,420.0,0,37
2022-07-18,22,"Rector St (R,W)",40.70722,-74.01334,263.0,0,37
2022-08-05,22,"Rector St (R,W)",40.70722,-74.01334,70.0,0,37
2022-08-08,22,"Rector St (R,W)",40.70722,-74.01334,103.0,0,37
2022-08-09,22,"Rector St (R,W)",40.70722,-74.01334,481.0,0,37
2022-08-30,22,"Rector St (R,W)",40.70722,-74.01334,44.0,0,37
2022-09-13,22,"Rector St (R,W)",40.70722,-74.01334,459.0,0,37
2023-05-11,22,"Rector St (R,W)",40.70722,-74.01334,6.0,0,37
2023-06-14,22,"Rector St (R,W)",40.70722,-74.01334,299.0,0,37
2023-09-27,22,"Rector St (R,W)",40.70722,-74.01334,319.0,0,37
2023-10-04,22,"Rector St (R,W)",40.70722,-74.01334,458.0,0,37
2023-10-17,22,"Rector St (R,W)",40.70722,-74.01334,672.0,0,37
2023-11-02,22,"Rector St (R,W)",40.70722,-74.01334,391.0,0,37
2023-11-03,22,"Rector St (R,W)",40.70722,-74.01334,457.0,0,37
2023-11-08,22,"Rector St (R,W)",40.70722,-74.01334,637.0,0,37
2023-11-17,22,"Rector St (R,W)",40.70722,-74.01334,25.0,0,37
2023-11-23,22,"Rector St (R,W)",40.70722,-74.01334,20.0,0,37
2024-01-15,22,"Rector St (R,W)",40.70722,-74.01334,231.0,0,37
2024-02-29,22,"Rector St (R,W)",40.70722,-74.01334,254.0,0,37
2024-03-05,22,"Rector St (R,W)",40.70722,-74.01334,593.0,0,37
2024-04-05,22,"Rector St (R,W)",40.70722,-74.01334,106.0,0,37
2024-04-16,22,"Rector St (R,W)",40.70722,-74.01334,141.0,0,37
2024-05-03,22,"Rector St (R,W)",40.70722,-74.01334,409.0,0,37
2024-05-07,22,"Rector St (R,W)",40.70722,-74.01334,568.0,0,37
2024-05-17,22,"Rector St (R,W)",40.70722,-74.01334,140.0,0,37
2024-05-24,22,"Rector St (R,W)",40.70722,-74.01334,633.0,0,37
2024-05-31,22,"Rector St (R,W)",40.70722,-74.01334,361.0,0,37
2024-06-03,22,"Rector St (R,W)",40.70722,-74.01334,482.0,0,37
2024-06-13,22,"Rector St (R,W)",40.70722,-74.01334,198.0,0,37
2024-06-18,22,"Rector St (R,W)",40.70722,-74.01334,161.0,0,37
2024-06-20,22,"Rector St (R,W)",40.70722,-74.01334,319.0,0,37
2024-06-21,22,"Rector St (R,W)",40.70722,-74.01334,367.0,0,37
2024-06-28,22,"Rector St (R,W)",40.70722,-74.01334,174.0,0,37
2024-08-28,22,"Rector St (R,W)",40.70722,-74.01334,417.0,0,37
2024-08-29,22,"Rector St (R,W)",40.70722,-74.01334,99.0,0,37
2024-09-04,22,"Rector St (R,W)",40.70722,-74.01334,668.0,0,37
2024-09-05,22,"Rector St (R,W)",40.70722,-74.01334,839.0,0,37
2024-09-13,22,"Rector St (R,W)",40.70722,-74.01334,485.0,0,37
2024-09-28,22,"Rector St (R,W)",40.70722,-74.01334,170.0,0,37
2024-11-21,22,"Rector St (R,W)",40.70722,-74.01334,159.0,0,37
2024-11-22,22,"Rector St (R,W)",40.70722,-74.01334,410.0,0,37
2024-12-03,22,"Rector St (R,W)",40.70722,-74.01334,168.0,0,37
2024-12-13,22,"Rector St (R,W)",40.70722,-74.01334,259.0,0,37
2024-12-26,22,"Rector St (R,W)",40.70722,-74.01334,84.0,0,37
2024-12-31,22,"Rector St (R,W)",40.70722,-74.01334,309.0,0,37
2021-05-21,220,"155 St (B,D)",40.830135,-73.93821,69.0,0,1
2021-05-26,220,"155 St (B,D)",40.830135,-73.93821,302.0,0,1
2021-06-10,220,"155 St (B,D)",40.830135,-73.93821,69.0,0,1
2021-06-21,220,"155 St (B,D)",40.830135,-73.93821,314.0,0,1
2021-06-30,220,"155 St (B,D)",40.830135,-73.93821,276.0,0,1
2021-08-25,220,"155 St (B,D)",40.830135,-73.93821,64.0,0,1
2021-10-15,220,"155 St (B,D)",40.830135,-73.93821,17.0,0,1
2021-10-26,220,"155 St (B,D)",40.830135,-73.93821,414.0,0,1
2021-10-27,220,"155 St (B,D)",40.830135,-73.93821,26.0,0,1
2021-11-17,220,"155 St (B,D)",40.830135,-73.93821,36.0,0,1
2021-11-18,220,"155 St (B,D)",40.830135,-73.93821,652.0,0,1
2021-12-02,220,"155 St (B,D)",40.830135,-73.93821,21.0,0,1
2021-12-16,220,"155 St (B,D)",40.830135,-73.93821,27.0,0,1
2021-12-22,220,"155 St (B,D)",40.830135,-73.93821,176.0,0,1
2022-01-04,220,"155 St (B,D)",40.830135,-73.93821,172.0,0,1
2022-01-26,220,"155 St (B,D)",40.830135,-73.93821,347.0,0,1
2022-02-07,220,"155 St (B,D)",40.830135,-73.93821,318.0,0,1
2022-02-08,220,"155 St (B,D)",40.830135,-73.93821,366.0,0,1
2022-02-09,220,"155 St (B,D)",40.830135,-73.93821,216.0,0,1
2022-02-10,220,"155 St (B,D)",40.830135,-73.93821,169.0,0,1
2022-02-18,220,"155 St (B,D)",40.830135,-73.93821,517.0,0,1
2022-03-02,220,"155 St (B,D)",40.830135,-73.93821,608.0,0,1
2022-03-08,220,"155 St (B,D)",40.830135,-73.93821,646.0,0,1
2022-03-15,220,"155 St (B,D)",40.830135,-73.93821,472.0,0,1
2022-03-29,220,"155 St (B,D)",40.830135,-73.93821,627.0,0,1
2022-04-07,220,"155 St (B,D)",40.830135,-73.93821,52.0,0,1
2022-04-20,220,"155 St (B,D)",40.830135,-73.93821,62.0,0,1
2022-04-27,220,"155 St (B,D)",40.830135,-73.93821,416.0,0,1
2022-05-31,220,"155 St (B,D)",40.830135,-73.93821,25.0,0,1
2022-06-01,220,"155 St (B,D)",40.830135,-73.93821,534.0,0,1
2022-07-18,220,"155 St (B,D)",40.830135,-73.93821,263.0,0,1
2022-08-05,220,"155 St (B,D)",40.830135,-73.93821,129.0,0,1
2022-08-08,220,"155 St (B,D)",40.830135,-73.93821,78.0,0,1
2022-08-09,220,"155 St (B,D)",40.830135,-73.93821,365.0,0,1
2022-08-30,220,"155 St (B,D)",40.830135,-73.93821,190.0,0,1
2022-09-13,220,"155 St (B,D)",40.830135,-73.93821,595.0,0,1
2023-05-11,220,"155 St (B,D)",40.830135,-73.93821,103.0,0,1
2023-06-14,220,"155 St (B,D)",40.830135,-73.93821,171.0,0,1
2023-09-27,220,"155 St (B,D)",40.830135,-73.93821,384.0,0,1
2023-10-04,220,"155 St (B,D)",40.830135,-73.93821,131.0,0,1
2023-10-17,220,"155 St (B,D)",40.830135,-73.93821,342.0,0,1
2023-11-02,220,"155 St (B,D)",40.830135,-73.93821,277.0,0,1
2023-11-03,220,"155 St (B,D)",40.830135,-73.93821,278.0,0,1
2023-11-08,220,"155 St (B,D)",40.830135,-73.93821,428.0,0,1
2023-11-17,220,"155 St (B,D)",40.830135,-73.93821,15.0,0,1
2024-01-15,220,"155 St (B,D)",40.830135,-73.93821,170.0,0,1
2024-02-29,220,"155 St (B,D)",40.830135,-73.93821,193.0,0,1
2024-03-05,220,"155 St (B,D)",40.830135,-73.93821,350.0,0,1
2024-04-05,220,"155 St (B,D)",40.830135,-73.93821,100.0,0,1
2024-04-16,220,"155 St (B,D)",40.830135,-73.93821,9.0,0,1
2024-05-03,220,"155 St (B,D)",40.830135,-73.93821,173.0,0,1
2024-05-07,220,"155 St (B,D)",40.830135,-73.93821,603.0,0,1
2024-05-17,220,"155 St (B,D)",40.830135,-73.93821,38.0,0,1
2024-05-24,220,"155 St (B,D)",40.830135,-73.93821,287.0,0,1
2024-05-31,220,"155 St (B,D)",40.830135,-73.93821,366.0,0,1
2024-06-03,220,"155 St (B,D)",40.830135,-73.93821,392.0,0,1
2024-06-13,220,"155 St (B,D)",40.830135,-73.93821,177.0,0,1
2024-06-18,220,"155 St (B,D)",40.830135,-73.93821,58.0,0,1
2024-06-20,220,"155 St (B,D)",40.830135,-73.93821,31.0,0,1
2024-06-21,220,"155 St (B,D)",40.830135,-73.93821,309.0,0,1
2024-06-28,220,"155 St (B,D)",40.830135,-73.93821,161.0,0,1
2024-08-28,220,"155 St (B,D)",40.830135,-73.93821,270.0,0,1
2024-08-29,220,"155 St (B,D)",40.830135,-73.93821,105.0,0,1
2024-09-04,220,"155 St (B,D)",40.830135,-73.93821,385.0,0,1
2024-09-05,220,"155 St (B,D)",40.830135,-73.93821,437.0,0,1
2024-09-13,220,"155 St (B,D)",40.830135,-73.93821,667.0,0,1
2024-09-28,220,"155 St (B,D)",40.830135,-73.93821,111.0,0,1
2024-11-16,220,"155 St (B,D)",40.830135,-73.93821,1.0,0,1
2024-11-21,220,"155 St (B,D)",40.830135,-73.93821,175.0,0,1
2024-11-22,220,"155 St (B,D)",40.830135,-73.93821,523.0,0,1
2024-12-03,220,"155 St (B,D)",40.830135,-73.93821,115.0,0,1
2024-12-13,220,"155 St (B,D)",40.830135,-73.93821,295.0,0,1
2024-12-26,220,"155 St (B,D)",40.830135,-73.93821,269.0,0,1
2024-12-31,220,"155 St (B,D)",40.830135,-73.93821,253.0,0,1
2021-05-21,222,Roosevelt Island (F),40.759144,-73.95326,283.0,0,1
2021-05-26,222,Roosevelt Island (F),40.759144,-73.95326,632.0,0,1
2021-06-10,222,Roosevelt Island (F),40.759144,-73.95326,25.0,0,1
2021-06-21,222,Roosevelt Island (F),40.759144,-73.95326,925.0,0,1
2021-06-30,222,Roosevelt Island (F),40.759144,-73.95326,937.0,0,1
2021-08-25,222,Roosevelt Island (F),40.759144,-73.95326,148.0,0,1
2021-10-15,222,Roosevelt Island (F),40.759144,-73.95326,45.0,0,1
2021-10-26,222,Roosevelt Island (F),40.759144,-73.95326,1518.0,1,1
2021-11-17,222,Roosevelt Island (F),40.759144,-73.95326,107.0,0,1
2021-11-18,222,Roosevelt Island (F),40.759144,-73.95326,1472.0,1,1
2021-12-02,222,Roosevelt Island (F),40.759144,-73.95326,195.0,0,1
2021-12-16,222,Roosevelt Island (F),40.759144,-73.95326,127.0,0,1
2021-12-22,222,Roosevelt Island (F),40.759144,-73.95326,265.0,0,1
2022-01-04,222,Roosevelt Island (F),40.759144,-73.95326,278.0,0,1
2022-01-26,222,Roosevelt Island (F),40.759144,-73.95326,557.0,0,1
2022-02-07,222,Roosevelt Island (F),40.759144,-73.95326,880.0,0,1
2022-02-08,222,Roosevelt Island (F),40.759144,-73.95326,724.0,0,1
2022-02-09,222,Roosevelt Island (F),40.759144,-73.95326,763.0,0,1
2022-02-10,222,Roosevelt Island (F),40.759144,-73.95326,475.0,0,1
2022-02-18,222,Roosevelt Island (F),40.759144,-73.95326,1272.0,1,1
2022-03-02,222,Roosevelt Island (F),40.759144,-73.95326,1156.0,0,1
2022-03-08,222,Roosevelt Island (F),40.759144,-73.95326,1185.0,1,1
2022-03-15,222,Roosevelt Island (F),40.759144,-73.95326,1271.0,1,1
2022-03-29,222,Roosevelt Island (F),40.759144,-73.95326,1059.0,0,1
2022-04-20,222,Roosevelt Island (F),40.759144,-73.95326,34.0,0,1
2022-04-27,222,Roosevelt Island (F),40.759144,-73.95326,1322.0,1,1
2022-05-31,222,Roosevelt Island (F),40.759144,-73.95326,449.0,0,1
2022-06-01,222,Roosevelt Island (F),40.759144,-73.95326,1367.0,1,1
2022-07-18,222,Roosevelt Island (F),40.759144,-73.95326,923.0,0,1
2022-08-05,222,Roosevelt Island (F),40.759144,-73.95326,461.0,0,1
2022-08-08,222,Roosevelt Island (F),40.759144,-73.95326,469.0,0,1
2022-08-09,222,Roosevelt Island (F),40.759144,-73.95326,1231.0,1,1
2022-08-30,222,Roosevelt Island (F),40.759144,-73.95326,192.0,0,1
2022-09-13,222,Roosevelt Island (F),40.759144,-73.95326,1146.0,0,1
2023-05-11,222,Roosevelt Island (F),40.759144,-73.95326,16.0,0,1
2023-06-14,222,Roosevelt Island (F),40.759144,-73.95326,699.0,0,1
2023-09-27,222,Roosevelt Island (F),40.759144,-73.95326,627.0,0,1
2023-10-04,222,Roosevelt Island (F),40.759144,-73.95326,364.0,0,1
2023-10-17,222,Roosevelt Island (F),40.759144,-73.95326,881.0,0,1
2023-11-02,222,Roosevelt Island (F),40.759144,-73.95326,471.0,0,1
2023-11-03,222,Roosevelt Island (F),40.759144,-73.95326,667.0,0,1
2023-11-08,222,Roosevelt Island (F),40.759144,-73.95326,1255.0,1,1
2023-11-23,222,Roosevelt Island (F),40.759144,-73.95326,28.0,0,1
2024-01-15,222,Roosevelt Island (F),40.759144,-73.95326,333.0,0,1
2024-02-29,222,Roosevelt Island (F),40.759144,-73.95326,433.0,0,1
2024-03-05,222,Roosevelt Island (F),40.759144,-73.95326,536.0,0,1
2024-04-05,222,Roosevelt Island (F),40.759144,-73.95326,666.0,0,1
2024-04-16,222,Roosevelt Island (F),40.759144,-73.95326,84.0,0,1
2024-05-03,222,Roosevelt Island (F),40.759144,-73.95326,381.0,0,1
2024-05-07,222,Roosevelt Island (F),40.759144,-73.95326,1181.0,1,1
2024-05-17,222,Roosevelt Island (F),40.759144,-73.95326,37.0,0,1
2024-05-24,222,Roosevelt Island (F),40.759144,-73.95326,623.0,0,1
2024-05-31,222,Roosevelt Island (F),40.759144,-73.95326,945.0,0,1
2024-06-03,222,Roosevelt Island (F),40.759144,-73.95326,1151.0,0,1
2024-06-13,222,Roosevelt Island (F),40.759144,-73.95326,221.0,0,1
2024-06-18,222,Roosevelt Island (F),40.759144,-73.95326,204.0,0,1
2024-06-20,222,Roosevelt Island (F),40.759144,-73.95326,488.0,0,1
2024-06-21,222,Roosevelt Island (F),40.759144,-73.95326,1231.0,1,1
2024-06-28,222,Roosevelt Island (F),40.759144,-73.95326,308.0,0,1
2024-08-28,222,Roosevelt Island (F),40.759144,-73.95326,166.0,0,1
2024-08-29,222,Roosevelt Island (F),40.759144,-73.95326,26.0,0,1
2024-09-04,222,Roosevelt Island (F),40.759144,-73.95326,839.0,0,1
2024-09-05,222,Roosevelt Island (F),40.759144,-73.95326,979.0,0,1
2024-09-13,222,Roosevelt Island (F),40.759144,-73.95326,1834.0,1,1
2024-09-28,222,Roosevelt Island (F),40.759144,-73.95326,312.0,0,1
2024-11-16,222,Roosevelt Island (F),40.759144,-73.95326,14.0,0,1
2024-11-21,222,Roosevelt Island (F),40.759144,-73.95326,716.0,0,1
2024-11-22,222,Roosevelt Island (F),40.759144,-73.95326,768.0,0,1
2024-12-03,222,Roosevelt Island (F),40.759144,-73.95326,200.0,0,1
2024-12-13,222,Roosevelt Island (F),40.759144,-73.95326,1004.0,0,1
2024-12-26,222,Roosevelt Island (F),40.759144,-73.95326,610.0,0,1
2024-12-31,222,Roosevelt Island (F),40.759144,-73.95326,1300.0,1,1
2021-05-21,223,"Lexington Av/63 St (F,Q)",40.76463,-73.96611,31.0,0,26
2021-05-26,223,"Lexington Av/63 St (F,Q)",40.76463,-73.96611,646.0,0,26
2021-06-10,223,"Lexington Av/63 St (F,Q)",40.76463,-73.96611,8.0,0,26
2021-06-21,223,"Lexington Av/63 St (F,Q)",40.76463,-73.96611,695.0,0,26
2021-06-30,223,"Lexington Av/63 St (F,Q)",40.76463,-73.96611,733.0,0,26
2021-08-25,223,"Lexington Av/63 St (F,Q)",40.76463,-73.96611,178.0,0,26
2021-10-15,223,"Lexington Av/63 St (F,Q)",40.76463,-73.96611,177.0,0,26
2021-10-26,223,"Lexington Av/63 St (F,Q)",40.76463,-73.96611,1219.0,1,26
2021-10-27,223,"Lexington Av/63 St (F,Q)",40.76463,-73.96611,43.0,0,26
2021-11-17,223,"Lexington Av/63 St (F,Q)",40.76463,-73.96611,233.0,0,26
2021-11-18,223,"Lexington Av/63 St (F,Q)",40.76463,-73.96611,1384.0,1,26
2021-12-02,223,"Lexington Av/63 St (F,Q)",40.76463,-73.96611,11.0,0,26
2021-12-16,223,"Lexington Av/63 St (F,Q)",40.76463,-73.96611,148.0,0,26
2021-12-22,223,"Lexington Av/63 St (F,Q)",40.76463,-73.96611,355.0,0,26
2022-01-04,223,"Lexington Av/63 St (F,Q)",40.76463,-73.96611,349.0,0,26
2022-01-26,223,"Lexington Av/63 St (F,Q)",40.76463,-73.96611,945.0,0,26
2022-02-07,223,"Lexington Av/63 St (F,Q)",40.76463,-73.96611,957.0,0,26
2022-02-08,223,"Lexington Av/63 St (F,Q)",40.76463,-73.96611,1246.0,1,26
2022-02-09,223,"Lexington Av/63 St (F,Q)",40.76463,-73.96611,612.0,0,26
2022-02-10,223,"Lexington Av/63 St (F,Q)",40.76463,-73.96611,228.0,0,26
2022-02-18,223,"Lexington Av/63 St (F,Q)",40.76463,-73.96611,855.0,0,26
2022-03-02,223,"Lexington Av/63 St (F,Q)",40.76463,-73.96611,1383.0,1,26
2022-03-08,223,"Lexington Av/63 St (F,Q)",40.76463,-73.96611,994.0,0,26
2022-03-15,223,"Lexington Av/63 St (F,Q)",40.76463,-73.96611,1680.0,1,26
2022-03-29,223,"Lexington Av/63 St (F,Q)",40.76463,-73.96611,1608.0,1,26
2022-04-07,223,"Lexington Av/63 St (F,Q)",40.76463,-73.96611,169.0,0,26
2022-04-20,223,"Lexington Av/63 St (F,Q)",40.76463,-73.96611,19.0,0,26
2022-04-27,223,"Lexington Av/63 St (F,Q)",40.76463,-73.96611,1338.0,1,26
2022-05-31,223,"Lexington Av/63 St (F,Q)",40.76463,-73.96611,200.0,0,26
2022-06-01,223,"Lexington Av/63 St (F,Q)",40.76463,-73.96611,1714.0,1,26
2022-07-18,223,"Lexington Av/63 St (F,Q)",40.76463,-73.96611,1057.0,0,26
2022-08-05,223,"Lexington Av/63 St (F,Q)",40.76463,-73.96611,311.0,0,26
2022-08-08,223,"Lexington Av/63 St (F,Q)",40.76463,-73.96611,387.0,0,26
2022-08-09,223,"Lexington Av/63 St (F,Q)",40.76463,-73.96611,1232.0,1,26
2022-08-30,223,"Lexington Av/63 St (F,Q)",40.76463,-73.96611,744.0,0,26
2022-09-13,223,"Lexington Av/63 St (F,Q)",40.76463,-73.96611,1698.0,1,26
2023-05-11,223,"Lexington Av/63 St (F,Q)",40.76463,-73.96611,458.0,0,26
2023-06-14,223,"Lexington Av/63 St (F,Q)",40.76463,-73.96611,1007.0,0,26
2023-09-27,223,"Lexington Av/63 St (F,Q)",40.76463,-73.96611,110.0,0,26
2023-10-04,223,"Lexington Av/63 St (F,Q)",40.76463,-73.96611,277.0,0,26
2023-10-17,223,"Lexington Av/63 St (F,Q)",40.76463,-73.96611,1460.0,1,26
2023-11-02,223,"Lexington Av/63 St (F,Q)",40.76463,-73.96611,463.0,0,26
2023-11-03,223,"Lexington Av/63 St (F,Q)",40.76463,-73.96611,548.0,0,26
2023-11-08,223,"Lexington Av/63 St (F,Q)",40.76463,-73.96611,1076.0,0,26
2023-11-23,223,"Lexington Av/63 St (F,Q)",40.76463,-73.96611,18.0,0,26
2024-01-15,223,"Lexington Av/63 St (F,Q)",40.76463,-73.96611,337.0,0,26
2024-02-29,223,"Lexington Av/63 St (F,Q)",40.76463,-73.96611,663.0,0,26
2024-03-05,223,"Lexington Av/63 St (F,Q)",40.76463,-73.96611,1297.0,1,26
2024-04-05,223,"Lexington Av/63 St (F,Q)",40.76463,-73.96611,643.0,0,26
2024-04-16,223,"Lexington Av/63 St (F,Q)",40.76463,-73.96611,17.0,0,26
2024-05-03,223,"Lexington Av/63 St (F,Q)",40.76463,-73.96611,785.0,0,26
2024-05-07,223,"Lexington Av/63 St (F,Q)",40.76463,-73.96611,1258.0,1,26
2024-05-17,223,"Lexington Av/63 St (F,Q)",40.76463,-73.96611,367.0,0,26
2024-05-24,223,"Lexington Av/63 St (F,Q)",40.76463,-73.96611,1270.0,1,26
2024-05-31,223,"Lexington Av/63 St (F,Q)",40.76463,-73.96611,1204.0,1,26
2024-06-03,223,"Lexington Av/63 St (F,Q)",40.76463,-73.96611,1757.0,1,26
2024-06-13,223,"Lexington Av/63 St (F,Q)",40.76463,-73.96611,548.0,0,26
2024-06-18,223,"Lexington Av/63 St (F,Q)",40.76463,-73.96611,650.0,0,26
2024-06-20,223,"Lexington Av/63 St (F,Q)",40.76463,-73.96611,252.0,0,26
2024-06-21,223,"Lexington Av/63 St (F,Q)",40.76463,-73.96611,1160.0,0,26
2024-06-28,223,"Lexington Av/63 St (F,Q)",40.76463,-73.96611,877.0,0,26
2024-08-28,223,"Lexington Av/63 St (F,Q)",40.76463,-73.96611,1000.0,0,26
2024-08-29,223,"Lexington Av/63 St (F,Q)",40.76463,-73.96611,446.0,0,26
2024-09-04,223,"Lexington Av/63 St (F,Q)",40.76463,-73.96611,2349.0,1,26
2024-09-05,223,"Lexington Av/63 St (F,Q)",40.76463,-73.96611,1577.0,1,26
2024-09-13,223,"Lexington Av/63 St (F,Q)",40.76463,-73.96611,1736.0,1,26
2024-09-28,223,"Lexington Av/63 St (F,Q)",40.76463,-73.96611,102.0,0,26
2024-11-16,223,"Lexington Av/63 St (F,Q)",40.76463,-73.96611,7.0,0,26
2024-11-21,223,"Lexington Av/63 St (F,Q)",40.76463,-73.96611,122.0,0,26
2024-11-22,223,"Lexington Av/63 St (F,Q)",40.76463,-73.96611,1027.0,0,26
2024-12-03,223,"Lexington Av/63 St (F,Q)",40.76463,-73.96611,928.0,0,26
2024-12-13,223,"Lexington Av/63 St (F,Q)",40.76463,-73.96611,1390.0,1,26
2024-12-26,223,"Lexington Av/63 St (F,Q)",40.76463,-73.96611,625.0,0,26
2024-12-31,223,"Lexington Av/63 St (F,Q)",40.76463,-73.96611,557.0,0,26
2021-05-21,224,57 St (F),40.763973,-73.97745,8.0,0,44
2021-05-26,224,57 St (F),40.763973,-73.97745,250.0,0,44
2021-06-10,224,57 St (F),40.763973,-73.97745,1.0,0,44
2021-06-21,224,57 St (F),40.763973,-73.97745,276.0,0,44
2021-06-30,224,57 St (F),40.763973,-73.97745,265.0,0,44
2021-08-25,224,57 St (F),40.763973,-73.97745,41.0,0,44
2021-10-15,224,57 St (F),40.763973,-73.97745,40.0,0,44
2021-10-26,224,57 St (F),40.763973,-73.97745,201.0,0,44
2021-10-27,224,57 St (F),40.763973,-73.97745,32.0,0,44
2021-11-17,224,57 St (F),40.763973,-73.97745,79.0,0,44
2021-11-18,224,57 St (F),40.763973,-73.97745,471.0,0,44
2021-12-02,224,57 St (F),40.763973,-73.97745,60.0,0,44
2021-12-16,224,57 St (F),40.763973,-73.97745,55.0,0,44
2021-12-22,224,57 St (F),40.763973,-73.97745,54.0,0,44
2022-01-04,224,57 St (F),40.763973,-73.97745,72.0,0,44
2022-01-26,224,57 St (F),40.763973,-73.97745,254.0,0,44
2022-02-07,224,57 St (F),40.763973,-73.97745,338.0,0,44
2022-02-08,224,57 St (F),40.763973,-73.97745,323.0,0,44
2022-02-09,224,57 St (F),40.763973,-73.97745,187.0,0,44
2022-02-10,224,57 St (F),40.763973,-73.97745,96.0,0,44
2022-02-18,224,57 St (F),40.763973,-73.97745,284.0,0,44
2022-03-02,224,57 St (F),40.763973,-73.97745,300.0,0,44
2022-03-08,224,57 St (F),40.763973,-73.97745,341.0,0,44
2022-03-15,224,57 St (F),40.763973,-73.97745,451.0,0,44
2022-03-29,224,57 St (F),40.763973,-73.97745,403.0,0,44
2022-04-07,224,57 St (F),40.763973,-73.97745,136.0,0,44
2022-04-20,224,57 St (F),40.763973,-73.97745,37.0,0,44
2022-04-21,224,57 St (F),40.763973,-73.97745,22.0,0,44
2022-04-27,224,57 St (F),40.763973,-73.97745,330.0,0,44
2022-05-31,224,57 St (F),40.763973,-73.97745,42.0,0,44
2022-06-01,224,57 St (F),40.763973,-73.97745,400.0,0,44
2022-07-18,224,57 St (F),40.763973,-73.97745,366.0,0,44
2022-08-05,224,57 St (F),40.763973,-73.97745,35.0,0,44
2022-08-08,224,57 St (F),40.763973,-73.97745,139.0,0,44
2022-08-09,224,57 St (F),40.763973,-73.97745,479.0,0,44
2022-08-30,224,57 St (F),40.763973,-73.97745,117.0,0,44
2022-09-13,224,57 St (F),40.763973,-73.97745,514.0,0,44
2023-05-11,224,57 St (F),40.763973,-73.97745,35.0,0,44
2023-06-14,224,57 St (F),40.763973,-73.97745,244.0,0,44
2023-09-27,224,57 St (F),40.763973,-73.97745,136.0,0,44
2023-10-04,224,57 St (F),40.763973,-73.97745,27.0,0,44
2023-10-17,224,57 St (F),40.763973,-73.97745,260.0,0,44
2023-11-02,224,57 St (F),40.763973,-73.97745,211.0,0,44
2023-11-03,224,57 St (F),40.763973,-73.97745,78.0,0,44
2023-11-08,224,57 St (F),40.763973,-73.97745,118.0,0,44
2024-01-15,224,57 St (F),40.763973,-73.97745,92.0,0,44
2024-02-29,224,57 St (F),40.763973,-73.97745,123.0,0,44
2024-03-05,224,57 St (F),40.763973,-73.97745,382.0,0,44
2024-04-05,224,57 St (F),40.763973,-73.97745,293.0,0,44
2024-04-16,224,57 St (F),40.763973,-73.97745,27.0,0,44
2024-05-03,224,57 St (F),40.763973,-73.97745,273.0,0,44
2024-05-07,224,57 St (F),40.763973,-73.97745,855.0,0,44
2024-05-17,224,57 St (F),40.763973,-73.97745,3.0,0,44
2024-05-24,224,57 St (F),40.763973,-73.97745,558.0,0,44
2024-05-31,224,57 St (F),40.763973,-73.97745,237.0,0,44
2024-06-03,224,57 St (F),40.763973,-73.97745,529.0,0,44
2024-06-13,224,57 St (F),40.763973,-73.97745,128.0,0,44
2024-06-18,224,57 St (F),40.763973,-73.97745,136.0,0,44
2024-06-20,224,57 St (F),40.763973,-73.97745,125.0,0,44
2024-06-21,224,57 St (F),40.763973,-73.97745,623.0,0,44
2024-06-28,224,57 St (F),40.763973,-73.97745,428.0,0,44
2024-08-28,224,57 St (F),40.763973,-73.97745,333.0,0,44
2024-08-29,224,57 St (F),40.763973,-73.97745,35.0,0,44
2024-09-04,224,57 St (F),40.763973,-73.97745,371.0,0,44
2024-09-05,224,57 St (F),40.763973,-73.97745,135.0,0,44
2024-09-13,224,57 St (F),40.763973,-73.97745,493.0,0,44
2024-09-28,224,57 St (F),40.763973,-73.97745,236.0,0,44
2024-11-21,224,57 St (F),40.763973,-73.97745,43.0,0,44
2024-11-22,224,57 St (F),40.763973,-73.97745,451.0,0,44
2024-12-03,224,57 St (F),40.763973,-73.97745,186.0,0,44
2024-12-13,224,57 St (F),40.763973,-73.97745,442.0,0,44
2024-12-26,224,57 St (F),40.763973,-73.97745,163.0,0,44
2024-12-31,224,57 St (F),40.763973,-73.97745,710.0,0,44
2021-05-21,225,"47-50 Sts-Rockefeller Ctr (B,D,F,M)",40.758663,-73.98133,191.0,0,91
2021-05-26,225,"47-50 Sts-Rockefeller Ctr (B,D,F,M)",40.758663,-73.98133,449.0,0,91
2021-06-10,225,"47-50 Sts-Rockefeller Ctr (B,D,F,M)",40.758663,-73.98133,23.0,0,91
2021-06-21,225,"47-50 Sts-Rockefeller Ctr (B,D,F,M)",40.758663,-73.98133,699.0,0,91
2021-06-30,225,"47-50 Sts-Rockefeller Ctr (B,D,F,M)",40.758663,-73.98133,580.0,0,91
2021-08-25,225,"47-50 Sts-Rockefeller Ctr (B,D,F,M)",40.758663,-73.98133,39.0,0,91
2021-10-15,225,"47-50 Sts-Rockefeller Ctr (B,D,F,M)",40.758663,-73.98133,29.0,0,91
2021-10-19,225,"47-50 Sts-Rockefeller Ctr (B,D,F,M)",40.758663,-73.98133,53.0,0,91
2021-10-26,225,"47-50 Sts-Rockefeller Ctr (B,D,F,M)",40.758663,-73.98133,728.0,0,91
2021-11-17,225,"47-50 Sts-Rockefeller Ctr (B,D,F,M)",40.758663,-73.98133,85.0,0,91
2021-11-18,225,"47-50 Sts-Rockefeller Ctr (B,D,F,M)",40.758663,-73.98133,889.0,0,91
2021-12-02,225,"47-50 Sts-Rockefeller Ctr (B,D,F,M)",40.758663,-73.98133,90.0,0,91
2021-12-16,225,"47-50 Sts-Rockefeller Ctr (B,D,F,M)",40.758663,-73.98133,72.0,0,91
2021-12-22,225,"47-50 Sts-Rockefeller Ctr (B,D,F,M)",40.758663,-73.98133,201.0,0,91
2022-01-04,225,"47-50 Sts-Rockefeller Ctr (B,D,F,M)",40.758663,-73.98133,275.0,0,91
2022-01-26,225,"47-50 Sts-Rockefeller Ctr (B,D,F,M)",40.758663,-73.98133,514.0,0,91
2022-02-07,225,"47-50 Sts-Rockefeller Ctr (B,D,F,M)",40.758663,-73.98133,701.0,0,91
2022-02-08,225,"47-50 Sts-Rockefeller Ctr (B,D,F,M)",40.758663,-73.98133,300.0,0,91
2022-02-09,225,"47-50 Sts-Rockefeller Ctr (B,D,F,M)",40.758663,-73.98133,580.0,0,91
2022-02-10,225,"47-50 Sts-Rockefeller Ctr (B,D,F,M)",40.758663,-73.98133,299.0,0,91
2022-02-18,225,"47-50 Sts-Rockefeller Ctr (B,D,F,M)",40.758663,-73.98133,818.0,0,91
2022-03-02,225,"47-50 Sts-Rockefeller Ctr (B,D,F,M)",40.758663,-73.98133,703.0,0,91
2022-03-08,225,"47-50 Sts-Rockefeller Ctr (B,D,F,M)",40.758663,-73.98133,729.0,0,91
2022-03-15,225,"47-50 Sts-Rockefeller Ctr (B,D,F,M)",40.758663,-73.98133,810.0,0,91
2022-03-29,225,"47-50 Sts-Rockefeller Ctr (B,D,F,M)",40.758663,-73.98133,921.0,0,91
2022-04-07,225,"47-50 Sts-Rockefeller Ctr (B,D,F,M)",40.758663,-73.98133,206.0,0,91
2022-04-20,225,"47-50 Sts-Rockefeller Ctr (B,D,F,M)",40.758663,-73.98133,58.0,0,91
2022-04-27,225,"47-50 Sts-Rockefeller Ctr (B,D,F,M)",40.758663,-73.98133,875.0,0,91
2022-06-01,225,"47-50 Sts-Rockefeller Ctr (B,D,F,M)",40.758663,-73.98133,1143.0,0,91
2022-07-18,225,"47-50 Sts-Rockefeller Ctr (B,D,F,M)",40.758663,-73.98133,613.0,0,91
2022-08-05,225,"47-50 Sts-Rockefeller Ctr (B,D,F,M)",40.758663,-73.98133,175.0,0,91
2022-08-08,225,"47-50 Sts-Rockefeller Ctr (B,D,F,M)",40.758663,-73.98133,406.0,0,91
2022-08-09,225,"47-50 Sts-Rockefeller Ctr (B,D,F,M)",40.758663,-73.98133,949.0,0,91
2022-08-30,225,"47-50 Sts-Rockefeller Ctr (B,D,F,M)",40.758663,-73.98133,216.0,0,91
2022-09-13,225,"47-50 Sts-Rockefeller Ctr (B,D,F,M)",40.758663,-73.98133,1173.0,0,91
2023-05-11,225,"47-50 Sts-Rockefeller Ctr (B,D,F,M)",40.758663,-73.98133,238.0,0,91
2023-06-14,225,"47-50 Sts-Rockefeller Ctr (B,D,F,M)",40.758663,-73.98133,715.0,0,91
2023-09-27,225,"47-50 Sts-Rockefeller Ctr (B,D,F,M)",40.758663,-73.98133,666.0,0,91
2023-10-04,225,"47-50 Sts-Rockefeller Ctr (B,D,F,M)",40.758663,-73.98133,207.0,0,91
2023-10-17,225,"47-50 Sts-Rockefeller Ctr (B,D,F,M)",40.758663,-73.98133,495.0,0,91
2023-11-02,225,"47-50 Sts-Rockefeller Ctr (B,D,F,M)",40.758663,-73.98133,1053.0,0,91
2023-11-03,225,"47-50 Sts-Rockefeller Ctr (B,D,F,M)",40.758663,-73.98133,336.0,0,91
2023-11-08,225,"47-50 Sts-Rockefeller Ctr (B,D,F,M)",40.758663,-73.98133,1052.0,0,91
2023-11-23,225,"47-50 Sts-Rockefeller Ctr (B,D,F,M)",40.758663,-73.98133,16.0,0,91
2024-01-15,225,"47-50 Sts-Rockefeller Ctr (B,D,F,M)",40.758663,-73.98133,682.0,0,91
2024-02-29,225,"47-50 Sts-Rockefeller Ctr (B,D,F,M)",40.758663,-73.98133,424.0,0,91
2024-03-05,225,"47-50 Sts-Rockefeller Ctr (B,D,F,M)",40.758663,-73.98133,1009.0,0,91
2024-04-05,225,"47-50 Sts-Rockefeller Ctr (B,D,F,M)",40.758663,-73.98133,982.0,0,91
2024-04-16,225,"47-50 Sts-Rockefeller Ctr (B,D,F,M)",40.758663,-73.98133,419.0,0,91
2024-05-03,225,"47-50 Sts-Rockefeller Ctr (B,D,F,M)",40.758663,-73.98133,644.0,0,91
2024-05-07,225,"47-50 Sts-Rockefeller Ctr (B,D,F,M)",40.758663,-73.98133,972.0,0,91
2024-05-17,225,"47-50 Sts-Rockefeller Ctr (B,D,F,M)",40.758663,-73.98133,195.0,0,91
2024-05-24,225,"47-50 Sts-Rockefeller Ctr (B,D,F,M)",40.758663,-73.98133,1366.0,1,91
2024-05-31,225,"47-50 Sts-Rockefeller Ctr (B,D,F,M)",40.758663,-73.98133,1053.0,0,91
2024-06-03,225,"47-50 Sts-Rockefeller Ctr (B,D,F,M)",40.758663,-73.98133,1404.0,1,91
2024-06-13,225,"47-50 Sts-Rockefeller Ctr (B,D,F,M)",40.758663,-73.98133,725.0,0,91
2024-06-18,225,"47-50 Sts-Rockefeller Ctr (B,D,F,M)",40.758663,-73.98133,592.0,0,91
2024-06-20,225,"47-50 Sts-Rockefeller Ctr (B,D,F,M)",40.758663,-73.98133,175.0,0,91
2024-06-21,225,"47-50 Sts-Rockefeller Ctr (B,D,F,M)",40.758663,-73.98133,1609.0,1,91
2024-06-28,225,"47-50 Sts-Rockefeller Ctr (B,D,F,M)",40.758663,-73.98133,102.0,0,91
2024-08-28,225,"47-50 Sts-Rockefeller Ctr (B,D,F,M)",40.758663,-73.98133,1223.0,1,91
2024-08-29,225,"47-50 Sts-Rockefeller Ctr (B,D,F,M)",40.758663,-73.98133,369.0,0,91
2024-09-04,225,"47-50 Sts-Rockefeller Ctr (B,D,F,M)",40.758663,-73.98133,1476.0,1,91
2024-09-05,225,"47-50 Sts-Rockefeller Ctr (B,D,F,M)",40.758663,-73.98133,1414.0,1,91
2024-09-13,225,"47-50 Sts-Rockefeller Ctr (B,D,F,M)",40.758663,-73.98133,1371.0,1,91
2024-09-28,225,"47-50 Sts-Rockefeller Ctr (B,D,F,M)",40.758663,-73.98133,820.0,0,91
2024-11-16,225,"47-50 Sts-Rockefeller Ctr (B,D,F,M)",40.758663,-73.98133,4.0,0,91
2024-11-21,225,"47-50 Sts-Rockefeller Ctr (B,D,F,M)",40.758663,-73.98133,127.0,0,91
2024-11-22,225,"47-50 Sts-Rockefeller Ctr (B,D,F,M)",40.758663,-73.98133,1096.0,0,91
2024-12-03,225,"47-50 Sts-Rockefeller Ctr (B,D,F,M)",40.758663,-73.98133,506.0,0,91
2024-12-13,225,"47-50 Sts-Rockefeller Ctr (B,D,F,M)",40.758663,-73.98133,853.0,0,91
2024-12-26,225,"47-50 Sts-Rockefeller Ctr (B,D,F,M)",40.758663,-73.98133,1215.0,1,91
2024-12-31,225,"47-50 Sts-Rockefeller Ctr (B,D,F,M)",40.758663,-73.98133,1898.0,1,91
2021-05-21,228,"23 St (F,M)",40.742878,-73.99282,28.0,0,48
2021-05-26,228,"23 St (F,M)",40.742878,-73.99282,655.0,0,48
2021-06-10,228,"23 St (F,M)",40.742878,-73.99282,301.0,0,48
2021-06-21,228,"23 St (F,M)",40.742878,-73.99282,712.0,0,48
2021-06-30,228,"23 St (F,M)",40.742878,-73.99282,654.0,0,48
2021-08-25,228,"23 St (F,M)",40.742878,-73.99282,44.0,0,48
2021-10-15,228,"23 St (F,M)",40.742878,-73.99282,115.0,0,48
2021-10-19,228,"23 St (F,M)",40.742878,-73.99282,22.0,0,48
2021-10-26,228,"23 St (F,M)",40.742878,-73.99282,1550.0,1,48
2021-10-27,228,"23 St (F,M)",40.742878,-73.99282,66.0,0,48
2021-11-17,228,"23 St (F,M)",40.742878,-73.99282,39.0,0,48
2021-11-18,228,"23 St (F,M)",40.742878,-73.99282,924.0,0,48
2021-12-02,228,"23 St (F,M)",40.742878,-73.99282,27.0,0,48
2021-12-16,228,"23 St (F,M)",40.742878,-73.99282,222.0,0,48
2021-12-22,228,"23 St (F,M)",40.742878,-73.99282,356.0,0,48
2022-01-04,228,"23 St (F,M)",40.742878,-73.99282,194.0,0,48
2022-01-26,228,"23 St (F,M)",40.742878,-73.99282,842.0,0,48
2022-02-07,228,"23 St (F,M)",40.742878,-73.99282,1032.0,0,48
2022-02-08,228,"23 St (F,M)",40.742878,-73.99282,1406.0,1,48
2022-02-09,228,"23 St (F,M)",40.742878,-73.99282,1293.0,1,48
2022-02-10,228,"23 St (F,M)",40.742878,-73.99282,669.0,0,48
2022-02-18,228,"23 St (F,M)",40.742878,-73.99282,1246.0,1,48
2022-03-02,228,"23 St (F,M)",40.742878,-73.99282,1667.0,1,48
2022-03-08,228,"23 St (F,M)",40.742878,-73.99282,2546.0,1,48
2022-03-15,228,"23 St (F,M)",40.742878,-73.99282,1727.0,1,48
2022-03-29,228,"23 St (F,M)",40.742878,-73.99282,2526.0,1,48
2022-04-07,228,"23 St (F,M)",40.742878,-73.99282,317.0,0,48
2022-04-27,228,"23 St (F,M)",40.742878,-73.99282,1224.0,1,48
2022-05-31,228,"23 St (F,M)",40.742878,-73.99282,39.0,0,48
2022-06-01,228,"23 St (F,M)",40.742878,-73.99282,2667.0,1,48
2022-07-18,228,"23 St (F,M)",40.742878,-73.99282,1909.0,1,48
2022-08-05,228,"23 St (F,M)",40.742878,-73.99282,115.0,0,48
2022-08-08,228,"23 St (F,M)",40.742878,-73.99282,186.0,0,48
2022-08-09,228,"23 St (F,M)",40.742878,-73.99282,1119.0,0,48
2022-08-30,228,"23 St (F,M)",40.742878,-73.99282,58.0,0,48
2022-09-13,228,"23 St (F,M)",40.742878,-73.99282,2544.0,1,48
2023-05-11,228,"23 St (F,M)",40.742878,-73.99282,37.0,0,48
2023-06-14,228,"23 St (F,M)",40.742878,-73.99282,712.0,0,48
2023-09-27,228,"23 St (F,M)",40.742878,-73.99282,1351.0,1,48
2023-10-04,228,"23 St (F,M)",40.742878,-73.99282,85.0,0,48
2023-10-17,228,"23 St (F,M)",40.742878,-73.99282,1107.0,0,48
2023-11-02,228,"23 St (F,M)",40.742878,-73.99282,2322.0,1,48
2023-11-03,228,"23 St (F,M)",40.742878,-73.99282,578.0,0,48
2023-11-08,228,"23 St (F,M)",40.742878,-73.99282,955.0,0,48
2023-11-23,228,"23 St (F,M)",40.742878,-73.99282,57.0,0,48
2024-01-15,228,"23 St (F,M)",40.742878,-73.99282,556.0,0,48
2024-02-29,228,"23 St (F,M)",40.742878,-73.99282,169.0,0,48
2024-03-05,228,"23 St (F,M)",40.742878,-73.99282,2513.0,1,48
2024-04-05,228,"23 St (F,M)",40.742878,-73.99282,274.0,0,48
2024-04-16,228,"23 St (F,M)",40.742878,-73.99282,181.0,0,48
2024-05-03,228,"23 St (F,M)",40.742878,-73.99282,881.0,0,48
2024-05-07,228,"23 St (F,M)",40.742878,-73.99282,3276.0,1,48
2024-05-17,228,"23 St (F,M)",40.742878,-73.99282,613.0,0,48
2024-05-24,228,"23 St (F,M)",40.742878,-73.99282,1570.0,1,48
2024-05-31,228,"23 St (F,M)",40.742878,-73.99282,1500.0,1,48
2024-06-03,228,"23 St (F,M)",40.742878,-73.99282,2764.0,1,48
2024-06-13,228,"23 St (F,M)",40.742878,-73.99282,1085.0,0,48
2024-06-18,228,"23 St (F,M)",40.742878,-73.99282,217.0,0,48
2024-06-20,228,"23 St (F,M)",40.742878,-73.99282,154.0,0,48
2024-06-21,228,"23 St (F,M)",40.742878,-73.99282,2453.0,1,48
2024-06-28,228,"23 St (F,M)",40.742878,-73.99282,580.0,0,48
2024-08-28,228,"23 St (F,M)",40.742878,-73.99282,977.0,0,48
2024-08-29,228,"23 St (F,M)",40.742878,-73.99282,147.0,0,48
2024-09-04,228,"23 St (F,M)",40.742878,-73.99282,1644.0,1,48
2024-09-05,228,"23 St (F,M)",40.742878,-73.99282,3788.0,1,48
2024-09-13,228,"23 St (F,M)",40.742878,-73.99282,1422.0,1,48
2024-09-28,228,"23 St (F,M)",40.742878,-73.99282,210.0,0,48
2024-10-14,228,"23 St (F,M)",40.742878,-73.99282,62.0,0,48
2024-11-16,228,"23 St (F,M)",40.742878,-73.99282,12.0,0,48
2024-11-21,228,"23 St (F,M)",40.742878,-73.99282,340.0,0,48
2024-11-22,228,"23 St (F,M)",40.742878,-73.99282,1896.0,1,48
2024-12-03,228,"23 St (F,M)",40.742878,-73.99282,120.0,0,48
2024-12-13,228,"23 St (F,M)",40.742878,-73.99282,1952.0,1,48
2024-12-26,228,"23 St (F,M)",40.742878,-73.99282,1012.0,0,48
2024-12-31,228,"23 St (F,M)",40.742878,-73.99282,1291.0,1,48
2021-05-21,231,"Grand St (B,D)",40.718266,-73.99375,115.0,0,86
2021-05-26,231,"Grand St (B,D)",40.718266,-73.99375,359.0,0,86
2021-06-10,231,"Grand St (B,D)",40.718266,-73.99375,70.0,0,86
2021-06-21,231,"Grand St (B,D)",40.718266,-73.99375,847.0,0,86
2021-06-30,231,"Grand St (B,D)",40.718266,-73.99375,960.0,0,86
2021-08-25,231,"Grand St (B,D)",40.718266,-73.99375,130.0,0,86
2021-10-26,231,"Grand St (B,D)",40.718266,-73.99375,1445.0,1,86
2021-10-27,231,"Grand St (B,D)",40.718266,-73.99375,94.0,0,86
2021-11-17,231,"Grand St (B,D)",40.718266,-73.99375,84.0,0,86
2021-11-18,231,"Grand St (B,D)",40.718266,-73.99375,1570.0,1,86
2021-12-02,231,"Grand St (B,D)",40.718266,-73.99375,8.0,0,86
2021-12-16,231,"Grand St (B,D)",40.718266,-73.99375,482.0,0,86
2021-12-22,231,"Grand St (B,D)",40.718266,-73.99375,202.0,0,86
2022-01-04,231,"Grand St (B,D)",40.718266,-73.99375,41.0,0,86
2022-01-26,231,"Grand St (B,D)",40.718266,-73.99375,896.0,0,86
2022-02-07,231,"Grand St (B,D)",40.718266,-73.99375,1231.0,1,86
2022-02-08,231,"Grand St (B,D)",40.718266,-73.99375,1188.0,1,86
2022-02-09,231,"Grand St (B,D)",40.718266,-73.99375,1248.0,1,86
2022-02-10,231,"Grand St (B,D)",40.718266,-73.99375,977.0,0,86
2022-02-18,231,"Grand St (B,D)",40.718266,-73.99375,1072.0,0,86
2022-03-02,231,"Grand St (B,D)",40.718266,-73.99375,1143.0,0,86
2022-03-08,231,"Grand St (B,D)",40.718266,-73.99375,922.0,0,86
2022-03-15,231,"Grand St (B,D)",40.718266,-73.99375,1702.0,1,86
2022-03-29,231,"Grand St (B,D)",40.718266,-73.99375,1558.0,1,86
2022-04-07,231,"Grand St (B,D)",40.718266,-73.99375,119.0,0,86
2022-04-20,231,"Grand St (B,D)",40.718266,-73.99375,282.0,0,86
2022-04-27,231,"Grand St (B,D)",40.718266,-73.99375,864.0,0,86
2022-05-31,231,"Grand St (B,D)",40.718266,-73.99375,66.0,0,86
2022-06-01,231,"Grand St (B,D)",40.718266,-73.99375,1571.0,1,86
2022-07-18,231,"Grand St (B,D)",40.718266,-73.99375,965.0,0,86
2022-08-05,231,"Grand St (B,D)",40.718266,-73.99375,294.0,0,86
2022-08-08,231,"Grand St (B,D)",40.718266,-73.99375,192.0,0,86
2022-08-09,231,"Grand St (B,D)",40.718266,-73.99375,1156.0,0,86
2022-08-30,231,"Grand St (B,D)",40.718266,-73.99375,573.0,0,86
2022-09-13,231,"Grand St (B,D)",40.718266,-73.99375,1765.0,1,86
2023-05-11,231,"Grand St (B,D)",40.718266,-73.99375,136.0,0,86
2023-06-14,231,"Grand St (B,D)",40.718266,-73.99375,1049.0,0,86
2023-09-27,231,"Grand St (B,D)",40.718266,-73.99375,908.0,0,86
2023-10-04,231,"Grand St (B,D)",40.718266,-73.99375,830.0,0,86
2023-10-17,231,"Grand St (B,D)",40.718266,-73.99375,1681.0,1,86
2023-11-02,231,"Grand St (B,D)",40.718266,-73.99375,1742.0,1,86
2023-11-03,231,"Grand St (B,D)",40.718266,-73.99375,1669.0,1,86
2023-11-08,231,"Grand St (B,D)",40.718266,-73.99375,1420.0,1,86
2023-11-23,231,"Grand St (B,D)",40.718266,-73.99375,45.0,0,86
2024-01-15,231,"Grand St (B,D)",40.718266,-73.99375,777.0,0,86
2024-02-29,231,"Grand St (B,D)",40.718266,-73.99375,1128.0,0,86
2024-03-05,231,"Grand St (B,D)",40.718266,-73.99375,1485.0,1,86
2024-04-05,231,"Grand St (B,D)",40.718266,-73.99375,808.0,0,86
2024-04-16,231,"Grand St (B,D)",40.718266,-73.99375,199.0,0,86
2024-05-03,231,"Grand St (B,D)",40.718266,-73.99375,895.0,0,86
2024-05-07,231,"Grand St (B,D)",40.718266,-73.99375,1902.0,1,86
2024-05-17,231,"Grand St (B,D)",40.718266,-73.99375,87.0,0,86
2024-05-24,231,"Grand St (B,D)",40.718266,-73.99375,1365.0,1,86
2024-05-31,231,"Grand St (B,D)",40.718266,-73.99375,1304.0,1,86
2024-06-03,231,"Grand St (B,D)",40.718266,-73.99375,2170.0,1,86
2024-06-13,231,"Grand St (B,D)",40.718266,-73.99375,1352.0,1,86
2024-06-18,231,"Grand St (B,D)",40.718266,-73.99375,232.0,0,86
2024-06-20,231,"Grand St (B,D)",40.718266,-73.99375,190.0,0,86
2024-06-21,231,"Grand St (B,D)",40.718266,-73.99375,2116.0,1,86
2024-06-28,231,"Grand St (B,D)",40.718266,-73.99375,1030.0,0,86
2024-08-28,231,"Grand St (B,D)",40.718266,-73.99375,1568.0,1,86
2024-08-29,231,"Grand St (B,D)",40.718266,-73.99375,385.0,0,86
2024-09-04,231,"Grand St (B,D)",40.718266,-73.99375,896.0,0,86
2024-09-05,231,"Grand St (B,D)",40.718266,-73.99375,1955.0,1,86
2024-09-13,231,"Grand St (B,D)",40.718266,-73.99375,1633.0,1,86
2024-09-28,231,"Grand St (B,D)",40.718266,-73.99375,691.0,0,86
2024-10-14,231,"Grand St (B,D)",40.718266,-73.99375,38.0,0,86
2024-11-16,231,"Grand St (B,D)",40.718266,-73.99375,12.0,0,86
2024-11-21,231,"Grand St (B,D)",40.718266,-73.99375,541.0,0,86
2024-11-22,231,"Grand St (B,D)",40.718266,-73.99375,1999.0,1,86
2024-12-03,231,"Grand St (B,D)",40.718266,-73.99375,191.0,0,86
2024-12-13,231,"Grand St (B,D)",40.718266,-73.99375,1176.0,0,86
2024-12-26,231,"Grand St (B,D)",40.718266,-73.99375,572.0,0,86
2024-12-31,231,"Grand St (B,D)",40.718266,-73.99375,1074.0,0,86
2021-05-21,232,2 Av (F),40.7234,-73.98994,178.0,0,41
2021-05-26,232,2 Av (F),40.7234,-73.98994,848.0,0,41
2021-06-10,232,2 Av (F),40.7234,-73.98994,30.0,0,41
2021-06-21,232,2 Av (F),40.7234,-73.98994,616.0,0,41
2021-06-30,232,2 Av (F),40.7234,-73.98994,1178.0,0,41
2021-08-25,232,2 Av (F),40.7234,-73.98994,85.0,0,41
2021-10-26,232,2 Av (F),40.7234,-73.98994,1337.0,1,41
2021-10-27,232,2 Av (F),40.7234,-73.98994,94.0,0,41
2021-11-17,232,2 Av (F),40.7234,-73.98994,110.0,0,41
2021-11-18,232,2 Av (F),40.7234,-73.98994,1570.0,1,41
2021-12-02,232,2 Av (F),40.7234,-73.98994,102.0,0,41
2021-12-16,232,2 Av (F),40.7234,-73.98994,234.0,0,41
2021-12-22,232,2 Av (F),40.7234,-73.98994,229.0,0,41
2022-01-04,232,2 Av (F),40.7234,-73.98994,353.0,0,41
2022-01-26,232,2 Av (F),40.7234,-73.98994,1429.0,1,41
2022-02-07,232,2 Av (F),40.7234,-73.98994,1014.0,0,41
2022-02-08,232,2 Av (F),40.7234,-73.98994,757.0,0,41
2022-02-09,232,2 Av (F),40.7234,-73.98994,861.0,0,41
2022-02-10,232,2 Av (F),40.7234,-73.98994,577.0,0,41
2022-02-18,232,2 Av (F),40.7234,-73.98994,999.0,0,41
2022-03-02,232,2 Av (F),40.7234,-73.98994,814.0,0,41
2022-03-08,232,2 Av (F),40.7234,-73.98994,1224.0,1,41
2022-03-15,232,2 Av (F),40.7234,-73.98994,1761.0,1,41
2022-03-29,232,2 Av (F),40.7234,-73.98994,1607.0,1,41
2022-04-07,232,2 Av (F),40.7234,-73.98994,120.0,0,41
2022-04-20,232,2 Av (F),40.7234,-73.98994,41.0,0,41
2022-04-21,232,2 Av (F),40.7234,-73.98994,452.0,0,41
2022-04-27,232,2 Av (F),40.7234,-73.98994,1196.0,1,41
2022-05-31,232,2 Av (F),40.7234,-73.98994,655.0,0,41
2022-06-01,232,2 Av (F),40.7234,-73.98994,1262.0,1,41
2022-07-18,232,2 Av (F),40.7234,-73.98994,1627.0,1,41
2022-08-05,232,2 Av (F),40.7234,-73.98994,341.0,0,41
2022-08-08,232,2 Av (F),40.7234,-73.98994,184.0,0,41
2022-08-09,232,2 Av (F),40.7234,-73.98994,1658.0,1,41
2022-08-30,232,2 Av (F),40.7234,-73.98994,393.0,0,41
2022-09-13,232,2 Av (F),40.7234,-73.98994,2638.0,1,41
2023-05-10,232,2 Av (F),40.7234,-73.98994,316.0,0,41
2023-05-11,232,2 Av (F),40.7234,-73.98994,49.0,0,41
2023-06-14,232,2 Av (F),40.7234,-73.98994,908.0,0,41
2023-09-27,232,2 Av (F),40.7234,-73.98994,488.0,0,41
2023-10-04,232,2 Av (F),40.7234,-73.98994,356.0,0,41
2023-10-17,232,2 Av (F),40.7234,-73.98994,2633.0,1,41
2023-11-02,232,2 Av (F),40.7234,-73.98994,1272.0,1,41
2023-11-03,232,2 Av (F),40.7234,-73.98994,738.0,0,41
2023-11-08,232,2 Av (F),40.7234,-73.98994,1898.0,1,41
2023-11-23,232,2 Av (F),40.7234,-73.98994,36.0,0,41
2024-01-15,232,2 Av (F),40.7234,-73.98994,494.0,0,41
2024-02-29,232,2 Av (F),40.7234,-73.98994,852.0,0,41
2024-03-05,232,2 Av (F),40.7234,-73.98994,2508.0,1,41
2024-04-05,232,2 Av (F),40.7234,-73.98994,1011.0,0,41
2024-04-16,232,2 Av (F),40.7234,-73.98994,104.0,0,41
2024-05-03,232,2 Av (F),40.7234,-73.98994,673.0,0,41
2024-05-07,232,2 Av (F),40.7234,-73.98994,1726.0,1,41
2024-05-17,232,2 Av (F),40.7234,-73.98994,67.0,0,41
2024-05-24,232,2 Av (F),40.7234,-73.98994,720.0,0,41
2024-05-31,232,2 Av (F),40.7234,-73.98994,1132.0,0,41
2024-06-03,232,2 Av (F),40.7234,-73.98994,2436.0,1,41
2024-06-13,232,2 Av (F),40.7234,-73.98994,99.0,0,41
2024-06-18,232,2 Av (F),40.7234,-73.98994,784.0,0,41
2024-06-20,232,2 Av (F),40.7234,-73.98994,101.0,0,41
2024-06-21,232,2 Av (F),40.7234,-73.98994,1257.0,1,41
2024-06-28,232,2 Av (F),40.7234,-73.98994,1298.0,1,41
2024-08-28,232,2 Av (F),40.7234,-73.98994,393.0,0,41
2024-08-29,232,2 Av (F),40.7234,-73.98994,91.0,0,41
2024-09-04,232,2 Av (F),40.7234,-73.98994,2119.0,1,41
2024-09-05,232,2 Av (F),40.7234,-73.98994,1370.0,1,41
2024-09-13,232,2 Av (F),40.7234,-73.98994,488.0,0,41
2024-09-28,232,2 Av (F),40.7234,-73.98994,234.0,0,41
2024-11-16,232,2 Av (F),40.7234,-73.98994,15.0,0,41
2024-11-21,232,2 Av (F),40.7234,-73.98994,110.0,0,41
2024-11-22,232,2 Av (F),40.7234,-73.98994,1335.0,1,41
2024-12-03,232,2 Av (F),40.7234,-73.98994,143.0,0,41
2024-12-13,232,2 Av (F),40.7234,-73.98994,1312.0,1,41
2024-12-26,232,2 Av (F),40.7234,-73.98994,665.0,0,41
2024-12-31,232,2 Av (F),40.7234,-73.98994,602.0,0,41
2021-05-21,234,East Broadway (F),40.713715,-73.99017,66.0,0,29
2021-05-26,234,East Broadway (F),40.713715,-73.99017,871.0,0,29
2021-06-21,234,East Broadway (F),40.713715,-73.99017,1073.0,0,29
2021-06-30,234,East Broadway (F),40.713715,-73.99017,791.0,0,29
2021-08-25,234,East Broadway (F),40.713715,-73.99017,114.0,0,29
2021-10-26,234,East Broadway (F),40.713715,-73.99017,589.0,0,29
2021-11-17,234,East Broadway (F),40.713715,-73.99017,124.0,0,29
2021-11-18,234,East Broadway (F),40.713715,-73.99017,1036.0,0,29
2021-12-02,234,East Broadway (F),40.713715,-73.99017,27.0,0,29
2021-12-16,234,East Broadway (F),40.713715,-73.99017,22.0,0,29
2021-12-22,234,East Broadway (F),40.713715,-73.99017,222.0,0,29
2022-01-04,234,East Broadway (F),40.713715,-73.99017,187.0,0,29
2022-01-26,234,East Broadway (F),40.713715,-73.99017,1205.0,1,29
2022-02-07,234,East Broadway (F),40.713715,-73.99017,1206.0,1,29
2022-02-08,234,East Broadway (F),40.713715,-73.99017,1365.0,1,29
2022-02-09,234,East Broadway (F),40.713715,-73.99017,764.0,0,29
2022-02-10,234,East Broadway (F),40.713715,-73.99017,208.0,0,29
2022-02-18,234,East Broadway (F),40.713715,-73.99017,1557.0,1,29
2022-03-02,234,East Broadway (F),40.713715,-73.99017,1734.0,1,29
2022-03-08,234,East Broadway (F),40.713715,-73.99017,1650.0,1,29
2022-03-15,234,East Broadway (F),40.713715,-73.99017,1186.0,1,29
2022-03-29,234,East Broadway (F),40.713715,-73.99017,1537.0,1,29
2022-04-07,234,East Broadway (F),40.713715,-73.99017,139.0,0,29
2022-04-20,234,East Broadway (F),40.713715,-73.99017,175.0,0,29
2022-04-21,234,East Broadway (F),40.713715,-73.99017,18.0,0,29
2022-04-27,234,East Broadway (F),40.713715,-73.99017,1213.0,1,29
2022-05-31,234,East Broadway (F),40.713715,-73.99017,819.0,0,29
2022-06-01,234,East Broadway (F),40.713715,-73.99017,1698.0,1,29
2022-07-18,234,East Broadway (F),40.713715,-73.99017,1134.0,0,29
2022-08-05,234,East Broadway (F),40.713715,-73.99017,358.0,0,29
2022-08-08,234,East Broadway (F),40.713715,-73.99017,225.0,0,29
2022-08-09,234,East Broadway (F),40.713715,-73.99017,1417.0,1,29
2022-08-30,234,East Broadway (F),40.713715,-73.99017,857.0,0,29
2022-09-13,234,East Broadway (F),40.713715,-73.99017,1412.0,1,29
2023-05-11,234,East Broadway (F),40.713715,-73.99017,432.0,0,29
2023-06-14,234,East Broadway (F),40.713715,-73.99017,605.0,0,29
2023-09-27,234,East Broadway (F),40.713715,-73.99017,1498.0,1,29
2023-10-04,234,East Broadway (F),40.713715,-73.99017,248.0,0,29
2023-10-17,234,East Broadway (F),40.713715,-73.99017,1097.0,0,29
2023-11-02,234,East Broadway (F),40.713715,-73.99017,1744.0,1,29
2023-11-03,234,East Broadway (F),40.713715,-73.99017,1053.0,0,29
2023-11-08,234,East Broadway (F),40.713715,-73.99017,692.0,0,29
2023-11-23,234,East Broadway (F),40.713715,-73.99017,245.0,0,29
2024-01-15,234,East Broadway (F),40.713715,-73.99017,969.0,0,29
2024-02-29,234,East Broadway (F),40.713715,-73.99017,995.0,0,29
2024-03-05,234,East Broadway (F),40.713715,-73.99017,2122.0,1,29
2024-04-05,234,East Broadway (F),40.713715,-73.99017,673.0,0,29
2024-04-16,234,East Broadway (F),40.713715,-73.99017,252.0,0,29
2024-05-03,234,East Broadway (F),40.713715,-73.99017,573.0,0,29
2024-05-07,234,East Broadway (F),40.713715,-73.99017,1827.0,1,29
2024-05-17,234,East Broadway (F),40.713715,-73.99017,194.0,0,29
2024-05-24,234,East Broadway (F),40.713715,-73.99017,1557.0,1,29
2024-05-31,234,East Broadway (F),40.713715,-73.99017,711.0,0,29
2024-06-03,234,East Broadway (F),40.713715,-73.99017,1365.0,1,29
2024-06-13,234,East Broadway (F),40.713715,-73.99017,531.0,0,29
2024-06-18,234,East Broadway (F),40.713715,-73.99017,933.0,0,29
2024-06-20,234,East Broadway (F),40.713715,-73.99017,322.0,0,29
2024-06-21,234,East Broadway (F),40.713715,-73.99017,1498.0,1,29
2024-06-28,234,East Broadway (F),40.713715,-73.99017,468.0,0,29
2024-08-28,234,East Broadway (F),40.713715,-73.99017,956.0,0,29
2024-08-29,234,East Broadway (F),40.713715,-73.99017,151.0,0,29
2024-09-04,234,East Broadway (F),40.713715,-73.99017,792.0,0,29
2024-09-05,234,East Broadway (F),40.713715,-73.99017,1203.0,1,29
2024-09-13,234,East Broadway (F),40.713715,-73.99017,1404.0,1,29
2024-09-28,234,East Broadway (F),40.713715,-73.99017,621.0,0,29
2024-11-16,234,East Broadway (F),40.713715,-73.99017,26.0,0,29
2024-11-21,234,East Broadway (F),40.713715,-73.99017,561.0,0,29
2024-11-22,234,East Broadway (F),40.713715,-73.99017,1820.0,1,29
2024-12-03,234,East Broadway (F),40.713715,-73.99017,320.0,0,29
2024-12-13,234,East Broadway (F),40.713715,-73.99017,1386.0,1,29
2024-12-26,234,East Broadway (F),40.713715,-73.99017,839.0,0,29
2024-12-31,234,East Broadway (F),40.713715,-73.99017,672.0,0,29
2021-05-21,276,"5 Av/53 St (E,M)",40.760166,-73.97523,17.0,0,74
2021-05-26,276,"5 Av/53 St (E,M)",40.760166,-73.97523,203.0,0,74
2021-06-10,276,"5 Av/53 St (E,M)",40.760166,-73.97523,8.0,0,74
2021-06-21,276,"5 Av/53 St (E,M)",40.760166,-73.97523,264.0,0,74
2021-06-30,276,"5 Av/53 St (E,M)",40.760166,-73.97523,193.0,0,74
2021-08-25,276,"5 Av/53 St (E,M)",40.760166,-73.97523,42.0,0,74
2021-10-15,276,"5 Av/53 St (E,M)",40.760166,-73.97523,4.0,0,74
2021-10-26,276,"5 Av/53 St (E,M)",40.760166,-73.97523,325.0,0,74
2021-10-27,276,"5 Av/53 St (E,M)",40.760166,-73.97523,13.0,0,74
2021-11-17,276,"5 Av/53 St (E,M)",40.760166,-73.97523,43.0,0,74
2021-11-18,276,"5 Av/53 St (E,M)",40.760166,-73.97523,234.0,0,74
2021-12-02,276,"5 Av/53 St (E,M)",40.760166,-73.97523,17.0,0,74
2021-12-16,276,"5 Av/53 St (E,M)",40.760166,-73.97523,62.0,0,74
2021-12-22,276,"5 Av/53 St (E,M)",40.760166,-73.97523,12.0,0,74
2022-01-04,276,"5 Av/53 St (E,M)",40.760166,-73.97523,127.0,0,74
2022-01-26,276,"5 Av/53 St (E,M)",40.760166,-73.97523,215.0,0,74
2022-02-07,276,"5 Av/53 St (E,M)",40.760166,-73.97523,256.0,0,74
2022-02-08,276,"5 Av/53 St (E,M)",40.760166,-73.97523,186.0,0,74
2022-02-09,276,"5 Av/53 St (E,M)",40.760166,-73.97523,165.0,0,74
2022-02-10,276,"5 Av/53 St (E,M)",40.760166,-73.97523,113.0,0,74
2022-02-18,276,"5 Av/53 St (E,M)",40.760166,-73.97523,240.0,0,74
2022-03-02,276,"5 Av/53 St (E,M)",40.760166,-73.97523,392.0,0,74
2022-03-08,276,"5 Av/53 St (E,M)",40.760166,-73.97523,452.0,0,74
2022-03-15,276,"5 Av/53 St (E,M)",40.760166,-73.97523,311.0,0,74
2022-03-29,276,"5 Av/53 St (E,M)",40.760166,-73.97523,402.0,0,74
2022-04-07,276,"5 Av/53 St (E,M)",40.760166,-73.97523,3.0,0,74
2022-04-20,276,"5 Av/53 St (E,M)",40.760166,-73.97523,53.0,0,74
2022-04-21,276,"5 Av/53 St (E,M)",40.760166,-73.97523,6.0,0,74
2022-04-27,276,"5 Av/53 St (E,M)",40.760166,-73.97523,158.0,0,74
2022-05-31,276,"5 Av/53 St (E,M)",40.760166,-73.97523,152.0,0,74
2022-06-01,276,"5 Av/53 St (E,M)",40.760166,-73.97523,257.0,0,74
2022-07-18,276,"5 Av/53 St (E,M)",40.760166,-73.97523,313.0,0,74
2022-08-05,276,"5 Av/53 St (E,M)",40.760166,-73.97523,67.0,0,74
2022-08-08,276,"5 Av/53 St (E,M)",40.760166,-73.97523,193.0,0,74
2022-08-09,276,"5 Av/53 St (E,M)",40.760166,-73.97523,385.0,0,74
2022-08-30,276,"5 Av/53 St (E,M)",40.760166,-73.97523,111.0,0,74
2022-09-13,276,"5 Av/53 St (E,M)",40.760166,-73.97523,447.0,0,74
2023-05-11,276,"5 Av/53 St (E,M)",40.760166,-73.97523,40.0,0,74
2023-06-14,276,"5 Av/53 St (E,M)",40.760166,-73.97523,302.0,0,74
2023-09-27,276,"5 Av/53 St (E,M)",40.760166,-73.97523,210.0,0,74
2023-10-04,276,"5 Av/53 St (E,M)",40.760166,-73.97523,28.0,0,74
2023-10-17,276,"5 Av/53 St (E,M)",40.760166,-73.97523,451.0,0,74
2023-11-02,276,"5 Av/53 St (E,M)",40.760166,-73.97523,231.0,0,74
2023-11-03,276,"5 Av/53 St (E,M)",40.760166,-73.97523,280.0,0,74
2023-11-08,276,"5 Av/53 St (E,M)",40.760166,-73.97523,279.0,0,74
2023-11-23,276,"5 Av/53 St (E,M)",40.760166,-73.97523,29.0,0,74
2024-01-15,276,"5 Av/53 St (E,M)",40.760166,-73.97523,280.0,0,74
2024-02-29,276,"5 Av/53 St (E,M)",40.760166,-73.97523,244.0,0,74
2024-03-05,276,"5 Av/53 St (E,M)",40.760166,-73.97523,639.0,0,74
2024-04-05,276,"5 Av/53 St (E,M)",40.760166,-73.97523,467.0,0,74
2024-04-16,276,"5 Av/53 St (E,M)",40.760166,-73.97523,1.0,0,74
2024-05-03,276,"5 Av/53 St (E,M)",40.760166,-73.97523,214.0,0,74
2024-05-07,276,"5 Av/53 St (E,M)",40.760166,-73.97523,497.0,0,74
2024-05-17,276,"5 Av/53 St (E,M)",40.760166,-73.97523,32.0,0,74
2024-05-24,276,"5 Av/53 St (E,M)",40.760166,-73.97523,260.0,0,74
2024-05-31,276,"5 Av/53 St (E,M)",40.760166,-73.97523,414.0,0,74
2024-06-03,276,"5 Av/53 St (E,M)",40.760166,-73.97523,443.0,0,74
2024-06-13,276,"5 Av/53 St (E,M)",40.760166,-73.97523,78.0,0,74
2024-06-18,276,"5 Av/53 St (E,M)",40.760166,-73.97523,39.0,0,74
2024-06-20,276,"5 Av/53 St (E,M)",40.760166,-73.97523,57.0,0,74
2024-06-21,276,"5 Av/53 St (E,M)",40.760166,-73.97523,380.0,0,74
2024-06-28,276,"5 Av/53 St (E,M)",40.760166,-73.97523,301.0,0,74
2024-08-28,276,"5 Av/53 St (E,M)",40.760166,-73.97523,261.0,0,74
2024-08-29,276,"5 Av/53 St (E,M)",40.760166,-73.97523,43.0,0,74
2024-09-04,276,"5 Av/53 St (E,M)",40.760166,-73.97523,363.0,0,74
2024-09-05,276,"5 Av/53 St (E,M)",40.760166,-73.97523,303.0,0,74
2024-09-13,276,"5 Av/53 St (E,M)",40.760166,-73.97523,379.0,0,74
2024-09-28,276,"5 Av/53 St (E,M)",40.760166,-73.97523,91.0,0,74
2024-11-21,276,"5 Av/53 St (E,M)",40.760166,-73.97523,91.0,0,74
2024-11-22,276,"5 Av/53 St (E,M)",40.760166,-73.97523,197.0,0,74
2024-12-03,276,"5 Av/53 St (E,M)",40.760166,-73.97523,290.0,0,74
2024-12-13,276,"5 Av/53 St (E,M)",40.760166,-73.97523,324.0,0,74
2024-12-24,276,"5 Av/53 St (E,M)",40.760166,-73.97523,1.0,0,74
2024-12-26,276,"5 Av/53 St (E,M)",40.760166,-73.97523,114.0,0,74
2024-12-31,276,"5 Av/53 St (E,M)",40.760166,-73.97523,383.0,0,74
2021-05-21,277,"7 Av (E,B,D)",40.762863,-73.981636,78.0,0,60
2021-05-26,277,"7 Av (E,B,D)",40.762863,-73.981636,280.0,0,60
2021-06-10,277,"7 Av (E,B,D)",40.762863,-73.981636,20.0,0,60
2021-06-21,277,"7 Av (E,B,D)",40.762863,-73.981636,347.0,0,60
2021-06-30,277,"7 Av (E,B,D)",40.762863,-73.981636,563.0,0,60
2021-08-25,277,"7 Av (E,B,D)",40.762863,-73.981636,26.0,0,60
2021-10-15,277,"7 Av (E,B,D)",40.762863,-73.981636,190.0,0,60
2021-10-26,277,"7 Av (E,B,D)",40.762863,-73.981636,675.0,0,60
2021-10-27,277,"7 Av (E,B,D)",40.762863,-73.981636,10.0,0,60
2021-11-17,277,"7 Av (E,B,D)",40.762863,-73.981636,19.0,0,60
2021-11-18,277,"7 Av (E,B,D)",40.762863,-73.981636,909.0,0,60
2021-12-16,277,"7 Av (E,B,D)",40.762863,-73.981636,54.0,0,60
2021-12-22,277,"7 Av (E,B,D)",40.762863,-73.981636,143.0,0,60
2022-01-04,277,"7 Av (E,B,D)",40.762863,-73.981636,79.0,0,60
2022-01-26,277,"7 Av (E,B,D)",40.762863,-73.981636,192.0,0,60
2022-02-07,277,"7 Av (E,B,D)",40.762863,-73.981636,192.0,0,60
2022-02-08,277,"7 Av (E,B,D)",40.762863,-73.981636,439.0,0,60
2022-02-09,277,"7 Av (E,B,D)",40.762863,-73.981636,453.0,0,60
2022-02-10,277,"7 Av (E,B,D)",40.762863,-73.981636,66.0,0,60
2022-02-18,277,"7 Av (E,B,D)",40.762863,-73.981636,567.0,0,60
2022-03-02,277,"7 Av (E,B,D)",40.762863,-73.981636,287.0,0,60
2022-03-08,277,"7 Av (E,B,D)",40.762863,-73.981636,489.0,0,60
2022-03-15,277,"7 Av (E,B,D)",40.762863,-73.981636,877.0,0,60
2022-03-29,277,"7 Av (E,B,D)",40.762863,-73.981636,586.0,0,60
2022-04-07,277,"7 Av (E,B,D)",40.762863,-73.981636,31.0,0,60
2022-04-20,277,"7 Av (E,B,D)",40.762863,-73.981636,73.0,0,60
2022-04-27,277,"7 Av (E,B,D)",40.762863,-73.981636,484.0,0,60
2022-05-31,277,"7 Av (E,B,D)",40.762863,-73.981636,297.0,0,60
2022-06-01,277,"7 Av (E,B,D)",40.762863,-73.981636,646.0,0,60
2022-07-18,277,"7 Av (E,B,D)",40.762863,-73.981636,587.0,0,60
2022-08-05,277,"7 Av (E,B,D)",40.762863,-73.981636,265.0,0,60
2022-08-08,277,"7 Av (E,B,D)",40.762863,-73.981636,60.0,0,60
2022-08-09,277,"7 Av (E,B,D)",40.762863,-73.981636,534.0,0,60
2022-08-30,277,"7 Av (E,B,D)",40.762863,-73.981636,448.0,0,60
2022-09-13,277,"7 Av (E,B,D)",40.762863,-73.981636,604.0,0,60
2023-06-14,277,"7 Av (E,B,D)",40.762863,-73.981636,818.0,0,60
2023-09-27,277,"7 Av (E,B,D)",40.762863,-73.981636,504.0,0,60
2023-10-04,277,"7 Av (E,B,D)",40.762863,-73.981636,196.0,0,60
2023-10-17,277,"7 Av (E,B,D)",40.762863,-73.981636,1051.0,0,60
2023-11-02,277,"7 Av (E,B,D)",40.762863,-73.981636,620.0,0,60
2023-11-03,277,"7 Av (E,B,D)",40.762863,-73.981636,819.0,0,60
2023-11-08,277,"7 Av (E,B,D)",40.762863,-73.981636,932.0,0,60
2023-11-17,277,"7 Av (E,B,D)",40.762863,-73.981636,14.0,0,60
2023-11-23,277,"7 Av (E,B,D)",40.762863,-73.981636,129.0,0,60
2024-01-15,277,"7 Av (E,B,D)",40.762863,-73.981636,509.0,0,60
2024-02-29,277,"7 Av (E,B,D)",40.762863,-73.981636,843.0,0,60
2024-03-05,277,"7 Av (E,B,D)",40.762863,-73.981636,627.0,0,60
2024-04-05,277,"7 Av (E,B,D)",40.762863,-73.981636,355.0,0,60
2024-04-16,277,"7 Av (E,B,D)",40.762863,-73.981636,8.0,0,60
2024-05-03,277,"7 Av (E,B,D)",40.762863,-73.981636,600.0,0,60
2024-05-07,277,"7 Av (E,B,D)",40.762863,-73.981636,362.0,0,60
2024-05-17,277,"7 Av (E,B,D)",40.762863,-73.981636,24.0,0,60
2024-05-24,277,"7 Av (E,B,D)",40.762863,-73.981636,752.0,0,60
2024-05-31,277,"7 Av (E,B,D)",40.762863,-73.981636,969.0,0,60
2024-06-03,277,"7 Av (E,B,D)",40.762863,-73.981636,1070.0,0,60
2024-06-13,277,"7 Av (E,B,D)",40.762863,-73.981636,369.0,0,60
2024-06-18,277,"7 Av (E,B,D)",40.762863,-73.981636,43.0,0,60
2024-06-20,277,"7 Av (E,B,D)",40.762863,-73.981636,367.0,0,60
2024-06-21,277,"7 Av (E,B,D)",40.762863,-73.981636,1092.0,0,60
2024-06-28,277,"7 Av (E,B,D)",40.762863,-73.981636,538.0,0,60
2024-08-28,277,"7 Av (E,B,D)",40.762863,-73.981636,1124.0,0,60
2024-08-29,277,"7 Av (E,B,D)",40.762863,-73.981636,419.0,0,60
2024-09-04,277,"7 Av (E,B,D)",40.762863,-73.981636,538.0,0,60
2024-09-05,277,"7 Av (E,B,D)",40.762863,-73.981636,1303.0,1,60
2024-09-13,277,"7 Av (E,B,D)",40.762863,-73.981636,759.0,0,60
2024-09-28,277,"7 Av (E,B,D)",40.762863,-73.981636,106.0,0,60
2024-10-14,277,"7 Av (E,B,D)",40.762863,-73.981636,87.0,0,60
2024-11-21,277,"7 Av (E,B,D)",40.762863,-73.981636,128.0,0,60
2024-11-22,277,"7 Av (E,B,D)",40.762863,-73.981636,426.0,0,60
2024-12-03,277,"7 Av (E,B,D)",40.762863,-73.981636,126.0,0,60
2024-12-13,277,"7 Av (E,B,D)",40.762863,-73.981636,486.0,0,60
2024-12-26,277,"7 Av (E,B,D)",40.762863,-73.981636,849.0,0,60
2024-12-31,277,"7 Av (E,B,D)",40.762863,-73.981636,1347.0,1,60
2021-05-21,296,Marble Hill-225 St (1),40.87456,-73.90983,131.0,0,0
2021-05-26,296,Marble Hill-225 St (1),40.87456,-73.90983,388.0,0,0
2021-06-10,296,Marble Hill-225 St (1),40.87456,-73.90983,192.0,0,0
2021-06-21,296,Marble Hill-225 St (1),40.87456,-73.90983,587.0,0,0
2021-06-30,296,Marble Hill-225 St (1),40.87456,-73.90983,570.0,0,0
2021-08-25,296,Marble Hill-225 St (1),40.87456,-73.90983,72.0,0,0
2021-10-15,296,Marble Hill-225 St (1),40.87456,-73.90983,36.0,0,0
2021-10-19,296,Marble Hill-225 St (1),40.87456,-73.90983,67.0,0,0
2021-10-26,296,Marble Hill-225 St (1),40.87456,-73.90983,677.0,0,0
2021-10-27,296,Marble Hill-225 St (1),40.87456,-73.90983,15.0,0,0
2021-11-17,296,Marble Hill-225 St (1),40.87456,-73.90983,144.0,0,0
2021-11-18,296,Marble Hill-225 St (1),40.87456,-73.90983,679.0,0,0
2021-12-02,296,Marble Hill-225 St (1),40.87456,-73.90983,145.0,0,0
2021-12-16,296,Marble Hill-225 St (1),40.87456,-73.90983,157.0,0,0
2021-12-22,296,Marble Hill-225 St (1),40.87456,-73.90983,105.0,0,0
2022-01-04,296,Marble Hill-225 St (1),40.87456,-73.90983,257.0,0,0
2022-01-26,296,Marble Hill-225 St (1),40.87456,-73.90983,663.0,0,0
2022-02-07,296,Marble Hill-225 St (1),40.87456,-73.90983,583.0,0,0
2022-02-08,296,Marble Hill-225 St (1),40.87456,-73.90983,560.0,0,0
2022-02-09,296,Marble Hill-225 St (1),40.87456,-73.90983,884.0,0,0
2022-02-10,296,Marble Hill-225 St (1),40.87456,-73.90983,376.0,0,0
2022-02-18,296,Marble Hill-225 St (1),40.87456,-73.90983,679.0,0,0
2022-03-02,296,Marble Hill-225 St (1),40.87456,-73.90983,989.0,0,0
2022-03-08,296,Marble Hill-225 St (1),40.87456,-73.90983,919.0,0,0
2022-03-15,296,Marble Hill-225 St (1),40.87456,-73.90983,1106.0,0,0
2022-03-29,296,Marble Hill-225 St (1),40.87456,-73.90983,1001.0,0,0
2022-04-07,296,Marble Hill-225 St (1),40.87456,-73.90983,62.0,0,0
2022-04-20,296,Marble Hill-225 St (1),40.87456,-73.90983,82.0,0,0
2022-04-21,296,Marble Hill-225 St (1),40.87456,-73.90983,67.0,0,0
2022-04-27,296,Marble Hill-225 St (1),40.87456,-73.90983,556.0,0,0
2022-05-31,296,Marble Hill-225 St (1),40.87456,-73.90983,120.0,0,0
2022-06-01,296,Marble Hill-225 St (1),40.87456,-73.90983,783.0,0,0
2022-07-18,296,Marble Hill-225 St (1),40.87456,-73.90983,185.0,0,0
2022-08-05,296,Marble Hill-225 St (1),40.87456,-73.90983,100.0,0,0
2022-08-08,296,Marble Hill-225 St (1),40.87456,-73.90983,173.0,0,0
2022-08-09,296,Marble Hill-225 St (1),40.87456,-73.90983,576.0,0,0
2022-08-30,296,Marble Hill-225 St (1),40.87456,-73.90983,561.0,0,0
2022-09-13,296,Marble Hill-225 St (1),40.87456,-73.90983,600.0,0,0
2023-05-11,296,Marble Hill-225 St (1),40.87456,-73.90983,153.0,0,0
2023-06-14,296,Marble Hill-225 St (1),40.87456,-73.90983,553.0,0,0
2023-09-27,296,Marble Hill-225 St (1),40.87456,-73.90983,549.0,0,0
2023-10-04,296,Marble Hill-225 St (1),40.87456,-73.90983,275.0,0,0
2023-10-17,296,Marble Hill-225 St (1),40.87456,-73.90983,769.0,0,0
2023-11-02,296,Marble Hill-225 St (1),40.87456,-73.90983,588.0,0,0
2023-11-03,296,Marble Hill-225 St (1),40.87456,-73.90983,384.0,0,0
2023-11-08,296,Marble Hill-225 St (1),40.87456,-73.90983,386.0,0,0
2023-11-17,296,Marble Hill-225 St (1),40.87456,-73.90983,17.0,0,0
2023-11-23,296,Marble Hill-225 St (1),40.87456,-73.90983,6.0,0,0
2024-01-15,296,Marble Hill-225 St (1),40.87456,-73.90983,284.0,0,0
2024-02-29,296,Marble Hill-225 St (1),40.87456,-73.90983,202.0,0,0
2024-03-05,296,Marble Hill-225 St (1),40.87456,-73.90983,531.0,0,0
2024-04-05,296,Marble Hill-225 St (1),40.87456,-73.90983,544.0,0,0
2024-04-16,296,Marble Hill-225 St (1),40.87456,-73.90983,162.0,0,0
2024-05-03,296,Marble Hill-225 St (1),40.87456,-73.90983,593.0,0,0
2024-05-07,296,Marble Hill-225 St (1),40.87456,-73.90983,832.0,0,0
2024-05-24,296,Marble Hill-225 St (1),40.87456,-73.90983,707.0,0,0
2024-05-31,296,Marble Hill-225 St (1),40.87456,-73.90983,332.0,0,0
2024-06-03,296,Marble Hill-225 St (1),40.87456,-73.90983,783.0,0,0
2024-06-13,296,Marble Hill-225 St (1),40.87456,-73.90983,152.0,0,0
2024-06-18,296,Marble Hill-225 St (1),40.87456,-73.90983,114.0,0,0
2024-06-20,296,Marble Hill-225 St (1),40.87456,-73.90983,307.0,0,0
2024-06-21,296,Marble Hill-225 St (1),40.87456,-73.90983,600.0,0,0
2024-06-28,296,Marble Hill-225 St (1),40.87456,-73.90983,315.0,0,0
2024-08-28,296,Marble Hill-225 St (1),40.87456,-73.90983,246.0,0,0
2024-08-29,296,Marble Hill-225 St (1),40.87456,-73.90983,54.0,0,0
2024-09-04,296,Marble Hill-225 St (1),40.87456,-73.90983,705.0,0,0
2024-09-05,296,Marble Hill-225 St (1),40.87456,-73.90983,904.0,0,0
2024-09-13,296,Marble Hill-225 St (1),40.87456,-73.90983,462.0,0,0
2024-09-28,296,Marble Hill-225 St (1),40.87456,-73.90983,115.0,0,0
2024-11-21,296,Marble Hill-225 St (1),40.87456,-73.90983,351.0,0,0
2024-11-22,296,Marble Hill-225 St (1),40.87456,-73.90983,268.0,0,0
2024-12-03,296,Marble Hill-225 St (1),40.87456,-73.90983,178.0,0,0
2024-12-13,296,Marble Hill-225 St (1),40.87456,-73.90983,699.0,0,0
2024-12-26,296,Marble Hill-225 St (1),40.87456,-73.90983,450.0,0,0
2024-12-31,296,Marble Hill-225 St (1),40.87456,-73.90983,283.0,0,0
2021-05-21,297,215 St (1),40.869446,-73.915276,41.0,0,5
2021-05-26,297,215 St (1),40.869446,-73.915276,115.0,0,5
2021-06-10,297,215 St (1),40.869446,-73.915276,11.0,0,5
2021-06-21,297,215 St (1),40.869446,-73.915276,150.0,0,5
2021-06-30,297,215 St (1),40.869446,-73.915276,109.0,0,5
2021-08-25,297,215 St (1),40.869446,-73.915276,39.0,0,5
2021-10-26,297,215 St (1),40.869446,-73.915276,195.0,0,5
2021-11-17,297,215 St (1),40.869446,-73.915276,39.0,0,5
2021-11-18,297,215 St (1),40.869446,-73.915276,263.0,0,5
2021-12-02,297,215 St (1),40.869446,-73.915276,33.0,0,5
2021-12-16,297,215 St (1),40.869446,-73.915276,33.0,0,5
2021-12-22,297,215 St (1),40.869446,-73.915276,77.0,0,5
2022-01-04,297,215 St (1),40.869446,-73.915276,52.0,0,5
2022-01-26,297,215 St (1),40.869446,-73.915276,270.0,0,5
2022-02-07,297,215 St (1),40.869446,-73.915276,217.0,0,5
2022-02-08,297,215 St (1),40.869446,-73.915276,299.0,0,5
2022-02-09,297,215 St (1),40.869446,-73.915276,314.0,0,5
2022-02-10,297,215 St (1),40.869446,-73.915276,105.0,0,5
2022-02-18,297,215 St (1),40.869446,-73.915276,243.0,0,5
2022-03-02,297,215 St (1),40.869446,-73.915276,313.0,0,5
2022-03-08,297,215 St (1),40.869446,-73.915276,302.0,0,5
2022-03-15,297,215 St (1),40.869446,-73.915276,344.0,0,5
2022-03-29,297,215 St (1),40.869446,-73.915276,223.0,0,5
2022-04-07,297,215 St (1),40.869446,-73.915276,69.0,0,5
2022-04-20,297,215 St (1),40.869446,-73.915276,46.0,0,5
2022-04-27,297,215 St (1),40.869446,-73.915276,213.0,0,5
2022-05-31,297,215 St (1),40.869446,-73.915276,93.0,0,5
2022-06-01,297,215 St (1),40.869446,-73.915276,235.0,0,5
2022-07-18,297,215 St (1),40.869446,-73.915276,197.0,0,5
2022-08-05,297,215 St (1),40.869446,-73.915276,63.0,0,5
2022-08-08,297,215 St (1),40.869446,-73.915276,40.0,0,5
2022-08-09,297,215 St (1),40.869446,-73.915276,213.0,0,5
2022-08-30,297,215 St (1),40.869446,-73.915276,139.0,0,5
2022-09-13,297,215 St (1),40.869446,-73.915276,301.0,0,5
2023-05-11,297,215 St (1),40.869446,-73.915276,4.0,0,5
2023-06-14,297,215 St (1),40.869446,-73.915276,119.0,0,5
2023-09-27,297,215 St (1),40.869446,-73.915276,160.0,0,5
2023-10-04,297,215 St (1),40.869446,-73.915276,34.0,0,5
2023-10-17,297,215 St (1),40.869446,-73.915276,333.0,0,5
2023-11-02,297,215 St (1),40.869446,-73.915276,215.0,0,5
2023-11-03,297,215 St (1),40.869446,-73.915276,258.0,0,5
2023-11-08,297,215 St (1),40.869446,-73.915276,274.0,0,5
2023-11-23,297,215 St (1),40.869446,-73.915276,6.0,0,5
2024-01-15,297,215 St (1),40.869446,-73.915276,96.0,0,5
2024-02-29,297,215 St (1),40.869446,-73.915276,255.0,0,5
2024-03-05,297,215 St (1),40.869446,-73.915276,187.0,0,5
2024-04-05,297,215 St (1),40.869446,-73.915276,168.0,0,5
2024-04-16,297,215 St (1),40.869446,-73.915276,11.0,0,5
2024-05-03,297,215 St (1),40.869446,-73.915276,178.0,0,5
2024-05-07,297,215 St (1),40.869446,-73.915276,197.0,0,5
2024-05-17,297,215 St (1),40.869446,-73.915276,14.0,0,5
2024-05-24,297,215 St (1),40.869446,-73.915276,227.0,0,5
2024-05-31,297,215 St (1),40.869446,-73.915276,388.0,0,5
2024-06-03,297,215 St (1),40.869446,-73.915276,314.0,0,5
2024-06-13,297,215 St (1),40.869446,-73.915276,40.0,0,5
2024-06-18,297,215 St (1),40.869446,-73.915276,70.0,0,5
2024-06-20,297,215 St (1),40.869446,-73.915276,27.0,0,5
2024-06-21,297,215 St (1),40.869446,-73.915276,167.0,0,5
2024-06-28,297,215 St (1),40.869446,-73.915276,48.0,0,5
2024-08-28,297,215 St (1),40.869446,-73.915276,275.0,0,5
2024-08-29,297,215 St (1),40.869446,-73.915276,37.0,0,5
2024-09-04,297,215 St (1),40.869446,-73.915276,356.0,0,5
2024-09-05,297,215 St (1),40.869446,-73.915276,421.0,0,5
2024-09-13,297,215 St (1),40.869446,-73.915276,288.0,0,5
2024-09-28,297,215 St (1),40.869446,-73.915276,59.0,0,5
2024-11-21,297,215 St (1),40.869446,-73.915276,178.0,0,5
2024-11-22,297,215 St (1),40.869446,-73.915276,375.0,0,5
2024-12-03,297,215 St (1),40.869446,-73.915276,197.0,0,5
2024-12-13,297,215 St (1),40.869446,-73.915276,252.0,0,5
2024-12-26,297,215 St (1),40.869446,-73.915276,113.0,0,5
2024-12-31,297,215 St (1),40.869446,-73.915276,165.0,0,5
2021-05-21,298,207 St (1),40.86462,-73.91882,84.0,0,9
2021-05-26,298,207 St (1),40.86462,-73.91882,611.0,0,9
2021-06-10,298,207 St (1),40.86462,-73.91882,98.0,0,9
2021-06-21,298,207 St (1),40.86462,-73.91882,652.0,0,9
2021-06-30,298,207 St (1),40.86462,-73.91882,684.0,0,9
2021-08-25,298,207 St (1),40.86462,-73.91882,169.0,0,9
2021-10-15,298,207 St (1),40.86462,-73.91882,108.0,0,9
2021-10-26,298,207 St (1),40.86462,-73.91882,937.0,0,9
2021-10-27,298,207 St (1),40.86462,-73.91882,100.0,0,9
2021-11-17,298,207 St (1),40.86462,-73.91882,204.0,0,9
2021-11-18,298,207 St (1),40.86462,-73.91882,1134.0,0,9
2021-12-02,298,207 St (1),40.86462,-73.91882,18.0,0,9
2021-12-16,298,207 St (1),40.86462,-73.91882,87.0,0,9
2021-12-22,298,207 St (1),40.86462,-73.91882,252.0,0,9
2022-01-04,298,207 St (1),40.86462,-73.91882,298.0,0,9
2022-01-26,298,207 St (1),40.86462,-73.91882,635.0,0,9
2022-02-07,298,207 St (1),40.86462,-73.91882,967.0,0,9
2022-02-08,298,207 St (1),40.86462,-73.91882,429.0,0,9
2022-02-09,298,207 St (1),40.86462,-73.91882,468.0,0,9
2022-02-10,298,207 St (1),40.86462,-73.91882,401.0,0,9
2022-02-18,298,207 St (1),40.86462,-73.91882,914.0,0,9
2022-03-02,298,207 St (1),40.86462,-73.91882,1062.0,0,9
2022-03-08,298,207 St (1),40.86462,-73.91882,1179.0,1,9
2022-03-15,298,207 St (1),40.86462,-73.91882,939.0,0,9
2022-03-29,298,207 St (1),40.86462,-73.91882,509.0,0,9
2022-04-07,298,207 St (1),40.86462,-73.91882,42.0,0,9
2022-04-20,298,207 St (1),40.86462,-73.91882,97.0,0,9
2022-04-27,298,207 St (1),40.86462,-73.91882,1089.0,0,9
2022-05-31,298,207 St (1),40.86462,-73.91882,468.0,0,9
2022-06-01,298,207 St (1),40.86462,-73.91882,1035.0,0,9
2022-07-18,298,207 St (1),40.86462,-73.91882,611.0,0,9
2022-08-05,298,207 St (1),40.86462,-73.91882,177.0,0,9
2022-08-08,298,207 St (1),40.86462,-73.91882,280.0,0,9
2022-08-09,298,207 St (1),40.86462,-73.91882,960.0,0,9
2022-08-30,298,207 St (1),40.86462,-73.91882,75.0,0,9
2022-09-13,298,207 St (1),40.86462,-73.91882,1090.0,0,9
2023-05-11,298,207 St (1),40.86462,-73.91882,18.0,0,9
2023-06-14,298,207 St (1),40.86462,-73.91882,471.0,0,9
2023-09-27,298,207 St (1),40.86462,-73.91882,646.0,0,9
2023-10-04,298,207 St (1),40.86462,-73.91882,320.0,0,9
2023-10-17,298,207 St (1),40.86462,-73.91882,977.0,0,9
2023-11-02,298,207 St (1),40.86462,-73.91882,301.0,0,9
2023-11-03,298,207 St (1),40.86462,-73.91882,453.0,0,9
2023-11-08,298,207 St (1),40.86462,-73.91882,212.0,0,9
2023-11-23,298,207 St (1),40.86462,-73.91882,20.0,0,9
2024-01-15,298,207 St (1),40.86462,-73.91882,321.0,0,9
2024-02-29,298,207 St (1),40.86462,-73.91882,444.0,0,9
2024-03-05,298,207 St (1),40.86462,-73.91882,740.0,0,9
2024-04-05,298,207 St (1),40.86462,-73.91882,420.0,0,9
2024-04-16,298,207 St (1),40.86462,-73.91882,88.0,0,9
2024-05-03,298,207 St (1),40.86462,-73.91882,299.0,0,9
2024-05-07,298,207 St (1),40.86462,-73.91882,1094.0,0,9
2024-05-17,298,207 St (1),40.86462,-73.91882,78.0,0,9
2024-05-24,298,207 St (1),40.86462,-73.91882,716.0,0,9
2024-05-31,298,207 St (1),40.86462,-73.91882,505.0,0,9
2024-06-03,298,207 St (1),40.86462,-73.91882,732.0,0,9
2024-06-13,298,207 St (1),40.86462,-73.91882,191.0,0,9
2024-06-18,298,207 St (1),40.86462,-73.91882,157.0,0,9
2024-06-20,298,207 St (1),40.86462,-73.91882,141.0,0,9
2024-06-21,298,207 St (1),40.86462,-73.91882,545.0,0,9
2024-06-28,298,207 St (1),40.86462,-73.91882,141.0,0,9
2024-08-28,298,207 St (1),40.86462,-73.91882,450.0,0,9
2024-08-29,298,207 St (1),40.86462,-73.91882,40.0,0,9
2024-09-04,298,207 St (1),40.86462,-73.91882,846.0,0,9
2024-09-05,298,207 St (1),40.86462,-73.91882,910.0,0,9
2024-09-13,298,207 St (1),40.86462,-73.91882,679.0,0,9
2024-09-28,298,207 St (1),40.86462,-73.91882,229.0,0,9
2024-11-16,298,207 St (1),40.86462,-73.91882,2.0,0,9
2024-11-21,298,207 St (1),40.86462,-73.91882,220.0,0,9
2024-11-22,298,207 St (1),40.86462,-73.91882,720.0,0,9
2024-12-03,298,207 St (1),40.86462,-73.91882,380.0,0,9
2024-12-13,298,207 St (1),40.86462,-73.91882,564.0,0,9
2024-12-26,298,207 St (1),40.86462,-73.91882,312.0,0,9
2024-12-31,298,207 St (1),40.86462,-73.91882,433.0,0,9
2021-05-21,299,Dyckman St (1),40.86053,-73.92554,50.0,0,7
2021-05-26,299,Dyckman St (1),40.86053,-73.92554,986.0,0,7
2021-06-10,299,Dyckman St (1),40.86053,-73.92554,48.0,0,7
2021-06-21,299,Dyckman St (1),40.86053,-73.92554,769.0,0,7
2021-06-30,299,Dyckman St (1),40.86053,-73.92554,790.0,0,7
2021-08-25,299,Dyckman St (1),40.86053,-73.92554,88.0,0,7
2021-10-15,299,Dyckman St (1),40.86053,-73.92554,15.0,0,7
2021-10-19,299,Dyckman St (1),40.86053,-73.92554,18.0,0,7
2021-10-26,299,Dyckman St (1),40.86053,-73.92554,1155.0,0,7
2021-10-27,299,Dyckman St (1),40.86053,-73.92554,115.0,0,7
2021-11-17,299,Dyckman St (1),40.86053,-73.92554,227.0,0,7
2021-11-18,299,Dyckman St (1),40.86053,-73.92554,1005.0,0,7
2021-12-02,299,Dyckman St (1),40.86053,-73.92554,55.0,0,7
2021-12-16,299,Dyckman St (1),40.86053,-73.92554,92.0,0,7
2021-12-22,299,Dyckman St (1),40.86053,-73.92554,109.0,0,7
2022-01-04,299,Dyckman St (1),40.86053,-73.92554,313.0,0,7
2022-01-26,299,Dyckman St (1),40.86053,-73.92554,824.0,0,7
2022-02-07,299,Dyckman St (1),40.86053,-73.92554,910.0,0,7
2022-02-08,299,Dyckman St (1),40.86053,-73.92554,807.0,0,7
2022-02-09,299,Dyckman St (1),40.86053,-73.92554,706.0,0,7
2022-02-10,299,Dyckman St (1),40.86053,-73.92554,208.0,0,7
2022-02-18,299,Dyckman St (1),40.86053,-73.92554,1539.0,1,7
2022-03-02,299,Dyckman St (1),40.86053,-73.92554,981.0,0,7
2022-03-08,299,Dyckman St (1),40.86053,-73.92554,1152.0,0,7
2022-03-15,299,Dyckman St (1),40.86053,-73.92554,1258.0,1,7
2022-03-29,299,Dyckman St (1),40.86053,-73.92554,1120.0,0,7
2022-04-07,299,Dyckman St (1),40.86053,-73.92554,239.0,0,7
2022-04-20,299,Dyckman St (1),40.86053,-73.92554,9.0,0,7
2022-04-21,299,Dyckman St (1),40.86053,-73.92554,20.0,0,7
2022-04-27,299,Dyckman St (1),40.86053,-73.92554,731.0,0,7
2022-05-31,299,Dyckman St (1),40.86053,-73.92554,220.0,0,7
2022-06-01,299,Dyckman St (1),40.86053,-73.92554,1486.0,1,7
2022-07-18,299,Dyckman St (1),40.86053,-73.92554,498.0,0,7
2022-08-05,299,Dyckman St (1),40.86053,-73.92554,398.0,0,7
2022-08-08,299,Dyckman St (1),40.86053,-73.92554,309.0,0,7
2022-08-09,299,Dyckman St (1),40.86053,-73.92554,636.0,0,7
2022-08-30,299,Dyckman St (1),40.86053,-73.92554,492.0,0,7
2022-09-13,299,Dyckman St (1),40.86053,-73.92554,1161.0,0,7
2023-05-11,299,Dyckman St (1),40.86053,-73.92554,61.0,0,7
2023-06-14,299,Dyckman St (1),40.86053,-73.92554,362.0,0,7
2023-09-27,299,Dyckman St (1),40.86053,-73.92554,1493.0,1,7
2023-10-04,299,Dyckman St (1),40.86053,-73.92554,329.0,0,7
2023-10-17,299,Dyckman St (1),40.86053,-73.92554,1289.0,1,7
2023-11-02,299,Dyckman St (1),40.86053,-73.92554,791.0,0,7
2023-11-03,299,Dyckman St (1),40.86053,-73.92554,447.0,0,7
2023-11-08,299,Dyckman St (1),40.86053,-73.92554,417.0,0,7
2023-11-17,299,Dyckman St (1),40.86053,-73.92554,59.0,0,7
2024-01-15,299,Dyckman St (1),40.86053,-73.92554,555.0,0,7
2024-02-29,299,Dyckman St (1),40.86053,-73.92554,458.0,0,7
2024-03-05,299,Dyckman St (1),40.86053,-73.92554,996.0,0,7
2024-04-05,299,Dyckman St (1),40.86053,-73.92554,784.0,0,7
2024-04-16,299,Dyckman St (1),40.86053,-73.92554,112.0,0,7
2024-05-03,299,Dyckman St (1),40.86053,-73.92554,553.0,0,7
2024-05-07,299,Dyckman St (1),40.86053,-73.92554,990.0,0,7
2024-05-17,299,Dyckman St (1),40.86053,-73.92554,190.0,0,7
2024-05-24,299,Dyckman St (1),40.86053,-73.92554,938.0,0,7
2024-05-31,299,Dyckman St (1),40.86053,-73.92554,962.0,0,7
2024-06-03,299,Dyckman St (1),40.86053,-73.92554,1108.0,0,7
2024-06-13,299,Dyckman St (1),40.86053,-73.92554,140.0,0,7
2024-06-18,299,Dyckman St (1),40.86053,-73.92554,114.0,0,7
2024-06-20,299,Dyckman St (1),40.86053,-73.92554,58.0,0,7
2024-06-21,299,Dyckman St (1),40.86053,-73.92554,940.0,0,7
2024-06-28,299,Dyckman St (1),40.86053,-73.92554,391.0,0,7
2024-08-28,299,Dyckman St (1),40.86053,-73.92554,365.0,0,7
2024-08-29,299,Dyckman St (1),40.86053,-73.92554,95.0,0,7
2024-09-04,299,Dyckman St (1),40.86053,-73.92554,965.0,0,7
2024-09-05,299,Dyckman St (1),40.86053,-73.92554,999.0,0,7
2024-09-13,299,Dyckman St (1),40.86053,-73.92554,683.0,0,7
2024-09-28,299,Dyckman St (1),40.86053,-73.92554,259.0,0,7
2024-11-16,299,Dyckman St (1),40.86053,-73.92554,40.0,0,7
2024-11-21,299,Dyckman St (1),40.86053,-73.92554,226.0,0,7
2024-11-22,299,Dyckman St (1),40.86053,-73.92554,670.0,0,7
2024-12-03,299,Dyckman St (1),40.86053,-73.92554,364.0,0,7
2024-12-13,299,Dyckman St (1),40.86053,-73.92554,1014.0,0,7
2024-12-26,299,Dyckman St (1),40.86053,-73.92554,734.0,0,7
2024-12-31,299,Dyckman St (1),40.86053,-73.92554,511.0,0,7
2021-05-21,300,191 St (1),40.855225,-73.92941,26.0,0,3
2021-05-26,300,191 St (1),40.855225,-73.92941,826.0,0,3
2021-06-10,300,191 St (1),40.855225,-73.92941,158.0,0,3
2021-06-21,300,191 St (1),40.855225,-73.92941,1124.0,0,3
2021-06-30,300,191 St (1),40.855225,-73.92941,718.0,0,3
2021-08-25,300,191 St (1),40.855225,-73.92941,178.0,0,3
2021-10-15,300,191 St (1),40.855225,-73.92941,94.0,0,3
2021-10-19,300,191 St (1),40.855225,-73.92941,24.0,0,3
2021-10-21,300,191 St (1),40.855225,-73.92941,103.0,0,3
2021-10-26,300,191 St (1),40.855225,-73.92941,1241.0,1,3
2021-10-27,300,191 St (1),40.855225,-73.92941,120.0,0,3
2021-11-17,300,191 St (1),40.855225,-73.92941,180.0,0,3
2021-11-18,300,191 St (1),40.855225,-73.92941,1616.0,1,3
2021-12-02,300,191 St (1),40.855225,-73.92941,24.0,0,3
2021-12-16,300,191 St (1),40.855225,-73.92941,370.0,0,3
2021-12-22,300,191 St (1),40.855225,-73.92941,115.0,0,3
2022-01-04,300,191 St (1),40.855225,-73.92941,249.0,0,3
2022-01-26,300,191 St (1),40.855225,-73.92941,750.0,0,3
2022-02-07,300,191 St (1),40.855225,-73.92941,1309.0,1,3
2022-02-08,300,191 St (1),40.855225,-73.92941,810.0,0,3
2022-02-09,300,191 St (1),40.855225,-73.92941,744.0,0,3
2022-02-10,300,191 St (1),40.855225,-73.92941,563.0,0,3
2022-02-18,300,191 St (1),40.855225,-73.92941,1077.0,0,3
2022-03-02,300,191 St (1),40.855225,-73.92941,1832.0,1,3
2022-03-08,300,191 St (1),40.855225,-73.92941,1122.0,0,3
2022-03-15,300,191 St (1),40.855225,-73.92941,1378.0,1,3
2022-03-29,300,191 St (1),40.855225,-73.92941,1455.0,1,3
2022-04-20,300,191 St (1),40.855225,-73.92941,176.0,0,3
2022-04-27,300,191 St (1),40.855225,-73.92941,1154.0,0,3
2022-05-31,300,191 St (1),40.855225,-73.92941,407.0,0,3
2022-06-01,300,191 St (1),40.855225,-73.92941,1155.0,0,3
2022-07-18,300,191 St (1),40.855225,-73.92941,911.0,0,3
2022-08-05,300,191 St (1),40.855225,-73.92941,250.0,0,3
2022-08-08,300,191 St (1),40.855225,-73.92941,50.0,0,3
2022-08-09,300,191 St (1),40.855225,-73.92941,1064.0,0,3
2022-08-30,300,191 St (1),40.855225,-73.92941,561.0,0,3
2022-09-13,300,191 St (1),40.855225,-73.92941,1232.0,1,3
2023-05-11,300,191 St (1),40.855225,-73.92941,243.0,0,3
2023-06-14,300,191 St (1),40.855225,-73.92941,546.0,0,3
2023-09-27,300,191 St (1),40.855225,-73.92941,696.0,0,3
2023-10-04,300,191 St (1),40.855225,-73.92941,462.0,0,3
2023-10-17,300,191 St (1),40.855225,-73.92941,1227.0,1,3
2023-11-02,300,191 St (1),40.855225,-73.92941,125.0,0,3
2023-11-03,300,191 St (1),40.855225,-73.92941,491.0,0,3
2023-11-08,300,191 St (1),40.855225,-73.92941,875.0,0,3
2023-11-23,300,191 St (1),40.855225,-73.92941,23.0,0,3
2024-01-15,300,191 St (1),40.855225,-73.92941,682.0,0,3
2024-02-29,300,191 St (1),40.855225,-73.92941,414.0,0,3
2024-03-05,300,191 St (1),40.855225,-73.92941,1130.0,0,3
2024-04-05,300,191 St (1),40.855225,-73.92941,638.0,0,3
2024-04-16,300,191 St (1),40.855225,-73.92941,204.0,0,3
2024-05-03,300,191 St (1),40.855225,-73.92941,681.0,0,3
2024-05-07,300,191 St (1),40.855225,-73.92941,1123.0,0,3
2024-05-17,300,191 St (1),40.855225,-73.92941,143.0,0,3
2024-05-24,300,191 St (1),40.855225,-73.92941,1100.0,0,3
2024-05-31,300,191 St (1),40.855225,-73.92941,1064.0,0,3
2024-06-03,300,191 St (1),40.855225,-73.92941,1470.0,1,3
2024-06-13,300,191 St (1),40.855225,-73.92941,670.0,0,3
2024-06-18,300,191 St (1),40.855225,-73.92941,191.0,0,3
2024-06-20,300,191 St (1),40.855225,-73.92941,296.0,0,3
2024-06-21,300,191 St (1),40.855225,-73.92941,1272.0,1,3
2024-06-28,300,191 St (1),40.855225,-73.92941,379.0,0,3
2024-08-28,300,191 St (1),40.855225,-73.92941,597.0,0,3
2024-08-29,300,191 St (1),40.855225,-73.92941,124.0,0,3
2024-09-04,300,191 St (1),40.855225,-73.92941,1561.0,1,3
2024-09-05,300,191 St (1),40.855225,-73.92941,1675.0,1,3
2024-09-13,300,191 St (1),40.855225,-73.92941,1450.0,1,3
2024-09-28,300,191 St (1),40.855225,-73.92941,371.0,0,3
2024-11-21,300,191 St (1),40.855225,-73.92941,321.0,0,3
2024-11-22,300,191 St (1),40.855225,-73.92941,571.0,0,3
2024-12-03,300,191 St (1),40.855225,-73.92941,564.0,0,3
2024-12-13,300,191 St (1),40.855225,-73.92941,710.0,0,3
2024-12-26,300,191 St (1),40.855225,-73.92941,607.0,0,3
2024-12-31,300,191 St (1),40.855225,-73.92941,911.0,0,3
2021-06-21,301,181 St (1),40.849506,-73.93359,1.0,0,17
2021-12-02,301,181 St (1),40.849506,-73.93359,46.0,0,17
2021-12-16,301,181 St (1),40.849506,-73.93359,9.0,0,17
2021-12-22,301,181 St (1),40.849506,-73.93359,120.0,0,17
2022-01-04,301,181 St (1),40.849506,-73.93359,301.0,0,17
2022-01-26,301,181 St (1),40.849506,-73.93359,996.0,0,17
2022-02-07,301,181 St (1),40.849506,-73.93359,1065.0,0,17
2022-02-08,301,181 St (1),40.849506,-73.93359,721.0,0,17
2022-02-09,301,181 St (1),40.849506,-73.93359,972.0,0,17
2022-02-10,301,181 St (1),40.849506,-73.93359,200.0,0,17
2022-02-18,301,181 St (1),40.849506,-73.93359,1231.0,1,17
2022-03-02,301,181 St (1),40.849506,-73.93359,1002.0,0,17
2022-03-08,301,181 St (1),40.849506,-73.93359,1527.0,1,17
2022-03-15,301,181 St (1),40.849506,-73.93359,1032.0,0,17
2022-03-29,301,181 St (1),40.849506,-73.93359,1415.0,1,17
2022-04-07,301,181 St (1),40.849506,-73.93359,116.0,0,17
2022-04-20,301,181 St (1),40.849506,-73.93359,124.0,0,17
2022-04-21,301,181 St (1),40.849506,-73.93359,59.0,0,17
2022-04-27,301,181 St (1),40.849506,-73.93359,1497.0,1,17
2022-05-31,301,181 St (1),40.849506,-73.93359,137.0,0,17
2022-06-01,301,181 St (1),40.849506,-73.93359,1574.0,1,17
2022-07-18,301,181 St (1),40.849506,-73.93359,898.0,0,17
2022-08-05,301,181 St (1),40.849506,-73.93359,32.0,0,17
2022-08-08,301,181 St (1),40.849506,-73.93359,320.0,0,17
2022-08-09,301,181 St (1),40.849506,-73.93359,927.0,0,17
2022-08-30,301,181 St (1),40.849506,-73.93359,446.0,0,17
2022-09-13,301,181 St (1),40.849506,-73.93359,1800.0,1,17
2023-05-11,301,181 St (1),40.849506,-73.93359,154.0,0,17
2023-06-14,301,181 St (1),40.849506,-73.93359,761.0,0,17
2023-09-27,301,181 St (1),40.849506,-73.93359,1032.0,0,17
2023-09-28,301,181 St (1),40.849506,-73.93359,249.0,0,17
2023-10-04,301,181 St (1),40.849506,-73.93359,1072.0,0,17
2023-10-17,301,181 St (1),40.849506,-73.93359,1810.0,1,17
2023-11-02,301,181 St (1),40.849506,-73.93359,594.0,0,17
2023-11-03,301,181 St (1),40.849506,-73.93359,1160.0,0,17
2023-11-08,301,181 St (1),40.849506,-73.93359,1293.0,1,17
2023-11-17,301,181 St (1),40.849506,-73.93359,25.0,0,17
2023-11-23,301,181 St (1),40.849506,-73.93359,30.0,0,17
2024-01-15,301,181 St (1),40.849506,-73.93359,665.0,0,17
2024-02-29,301,181 St (1),40.849506,-73.93359,851.0,0,17
2024-03-05,301,181 St (1),40.849506,-73.93359,1206.0,1,17
2024-04-05,301,181 St (1),40.849506,-73.93359,807.0,0,17
2024-04-16,301,181 St (1),40.849506,-73.93359,18.0,0,17
2024-05-03,301,181 St (1),40.849506,-73.93359,667.0,0,17
2024-05-07,301,181 St (1),40.849506,-73.93359,1739.0,1,17
2024-05-17,301,181 St (1),40.849506,-73.93359,131.0,0,17
2024-05-24,301,181 St (1),40.849506,-73.93359,1223.0,1,17
2024-05-31,301,181 St (1),40.849506,-73.93359,1065.0,0,17
2024-06-03,301,181 St (1),40.849506,-73.93359,1271.0,1,17
2024-06-13,301,181 St (1),40.849506,-73.93359,847.0,0,17
2024-06-18,301,181 St (1),40.849506,-73.93359,841.0,0,17
2024-06-20,301,181 St (1),40.849506,-73.93359,183.0,0,17
2024-06-21,301,181 St (1),40.849506,-73.93359,944.0,0,17
2024-06-28,301,181 St (1),40.849506,-73.93359,468.0,0,17
2024-08-28,301,181 St (1),40.849506,-73.93359,1254.0,1,17
2024-08-29,301,181 St (1),40.849506,-73.93359,159.0,0,17
2024-09-04,301,181 St (1),40.849506,-73.93359,1669.0,1,17
2024-09-05,301,181 St (1),40.849506,-73.93359,1857.0,1,17
2024-09-13,301,181 St (1),40.849506,-73.93359,1830.0,1,17
2024-09-28,301,181 St (1),40.849506,-73.93359,470.0,0,17
2024-11-21,301,181 St (1),40.849506,-73.93359,987.0,0,17
2024-11-22,301,181 St (1),40.849506,-73.93359,839.0,0,17
2024-12-03,301,181 St (1),40.849506,-73.93359,208.0,0,17
2024-12-13,301,181 St (1),40.849506,-73.93359,1335.0,1,17
2024-12-26,301,181 St (1),40.849506,-73.93359,540.0,0,17
2024-12-31,301,181 St (1),40.849506,-73.93359,852.0,0,17
2021-05-21,303,157 St (1),40.83404,-73.94489,222.0,0,8
2021-05-26,303,157 St (1),40.83404,-73.94489,1222.0,1,8
2021-06-10,303,157 St (1),40.83404,-73.94489,299.0,0,8
2021-06-21,303,157 St (1),40.83404,-73.94489,1269.0,1,8
2021-06-30,303,157 St (1),40.83404,-73.94489,1097.0,0,8
2021-08-25,303,157 St (1),40.83404,-73.94489,324.0,0,8
2021-10-19,303,157 St (1),40.83404,-73.94489,75.0,0,8
2021-10-26,303,157 St (1),40.83404,-73.94489,1777.0,1,8
2021-11-17,303,157 St (1),40.83404,-73.94489,255.0,0,8
2021-11-18,303,157 St (1),40.83404,-73.94489,1396.0,1,8
2021-12-02,303,157 St (1),40.83404,-73.94489,185.0,0,8
2021-12-16,303,157 St (1),40.83404,-73.94489,197.0,0,8
2021-12-22,303,157 St (1),40.83404,-73.94489,234.0,0,8
2022-01-04,303,157 St (1),40.83404,-73.94489,628.0,0,8
2022-01-26,303,157 St (1),40.83404,-73.94489,1329.0,1,8
2022-02-07,303,157 St (1),40.83404,-73.94489,1318.0,1,8
2022-02-08,303,157 St (1),40.83404,-73.94489,1325.0,1,8
2022-02-09,303,157 St (1),40.83404,-73.94489,1049.0,0,8
2022-02-10,303,157 St (1),40.83404,-73.94489,264.0,0,8
2022-02-18,303,157 St (1),40.83404,-73.94489,1668.0,1,8
2022-03-02,303,157 St (1),40.83404,-73.94489,1926.0,1,8
2022-03-08,303,157 St (1),40.83404,-73.94489,1593.0,1,8
2022-03-15,303,157 St (1),40.83404,-73.94489,1894.0,1,8
2022-03-29,303,157 St (1),40.83404,-73.94489,1693.0,1,8
2022-04-07,303,157 St (1),40.83404,-73.94489,247.0,0,8
2022-04-20,303,157 St (1),40.83404,-73.94489,15.0,0,8
2022-04-21,303,157 St (1),40.83404,-73.94489,19.0,0,8
2022-04-27,303,157 St (1),40.83404,-73.94489,1803.0,1,8
2022-05-31,303,157 St (1),40.83404,-73.94489,49.0,0,8
2022-06-01,303,157 St (1),40.83404,-73.94489,2064.0,1,8
2022-07-18,303,157 St (1),40.83404,-73.94489,898.0,0,8
2022-08-05,303,157 St (1),40.83404,-73.94489,132.0,0,8
2022-08-08,303,157 St (1),40.83404,-73.94489,474.0,0,8
2022-08-09,303,157 St (1),40.83404,-73.94489,874.0,0,8
2022-08-30,303,157 St (1),40.83404,-73.94489,723.0,0,8
2022-09-13,303,157 St (1),40.83404,-73.94489,1486.0,1,8
2023-05-11,303,157 St (1),40.83404,-73.94489,277.0,0,8
2023-06-14,303,157 St (1),40.83404,-73.94489,1342.0,1,8
2023-09-27,303,157 St (1),40.83404,-73.94489,1543.0,1,8
2023-10-04,303,157 St (1),40.83404,-73.94489,576.0,0,8
2023-10-17,303,157 St (1),40.83404,-73.94489,1054.0,0,8
2023-11-02,303,157 St (1),40.83404,-73.94489,1631.0,1,8
2023-11-03,303,157 St (1),40.83404,-73.94489,961.0,0,8
2023-11-08,303,157 St (1),40.83404,-73.94489,1167.0,0,8
2023-11-23,303,157 St (1),40.83404,-73.94489,27.0,0,8
2024-01-15,303,157 St (1),40.83404,-73.94489,962.0,0,8
2024-02-29,303,157 St (1),40.83404,-73.94489,1276.0,1,8
2024-03-05,303,157 St (1),40.83404,-73.94489,1869.0,1,8
2024-04-05,303,157 St (1),40.83404,-73.94489,798.0,0,8
2024-04-16,303,157 St (1),40.83404,-73.94489,32.0,0,8
2024-05-03,303,157 St (1),40.83404,-73.94489,554.0,0,8
2024-05-07,303,157 St (1),40.83404,-73.94489,1510.0,1,8
2024-05-24,303,157 St (1),40.83404,-73.94489,1624.0,1,8
2024-05-31,303,157 St (1),40.83404,-73.94489,1698.0,1,8
2024-06-03,303,157 St (1),40.83404,-73.94489,1694.0,1,8
2024-06-13,303,157 St (1),40.83404,-73.94489,461.0,0,8
2024-06-18,303,157 St (1),40.83404,-73.94489,83.0,0,8
2024-06-20,303,157 St (1),40.83404,-73.94489,418.0,0,8
2024-06-21,303,157 St (1),40.83404,-73.94489,1037.0,0,8
2024-06-28,303,157 St (1),40.83404,-73.94489,468.0,0,8
2024-08-28,303,157 St (1),40.83404,-73.94489,778.0,0,8
2024-08-29,303,157 St (1),40.83404,-73.94489,211.0,0,8
2024-09-04,303,157 St (1),40.83404,-73.94489,1454.0,1,8
2024-09-05,303,157 St (1),40.83404,-73.94489,1870.0,1,8
2024-09-13,303,157 St (1),40.83404,-73.94489,1298.0,1,8
2024-09-28,303,157 St (1),40.83404,-73.94489,471.0,0,8
2024-11-16,303,157 St (1),40.83404,-73.94489,123.0,0,8
2024-11-21,303,157 St (1),40.83404,-73.94489,810.0,0,8
2024-11-22,303,157 St (1),40.83404,-73.94489,1070.0,0,8
2024-12-03,303,157 St (1),40.83404,-73.94489,768.0,0,8
2024-12-07,303,157 St (1),40.83404,-73.94489,26.0,0,8
2024-12-13,303,157 St (1),40.83404,-73.94489,1200.0,1,8
2024-12-26,303,157 St (1),40.83404,-73.94489,856.0,0,8
2024-12-31,303,157 St (1),40.83404,-73.94489,1044.0,0,8
2021-05-21,304,145 St (1),40.82655,-73.95036,256.0,0,13
2021-05-26,304,145 St (1),40.82655,-73.95036,913.0,0,13
2021-06-10,304,145 St (1),40.82655,-73.95036,77.0,0,13
2021-06-21,304,145 St (1),40.82655,-73.95036,681.0,0,13
2021-06-30,304,145 St (1),40.82655,-73.95036,923.0,0,13
2021-08-25,304,145 St (1),40.82655,-73.95036,480.0,0,13
2021-10-15,304,145 St (1),40.82655,-73.95036,26.0,0,13
2021-10-26,304,145 St (1),40.82655,-73.95036,1412.0,1,13
2021-10-27,304,145 St (1),40.82655,-73.95036,22.0,0,13
2021-11-18,304,145 St (1),40.82655,-73.95036,1303.0,1,13
2021-12-02,304,145 St (1),40.82655,-73.95036,104.0,0,13
2021-12-16,304,145 St (1),40.82655,-73.95036,172.0,0,13
2021-12-22,304,145 St (1),40.82655,-73.95036,387.0,0,13
2022-01-04,304,145 St (1),40.82655,-73.95036,353.0,0,13
2022-01-26,304,145 St (1),40.82655,-73.95036,962.0,0,13
2022-02-07,304,145 St (1),40.82655,-73.95036,987.0,0,13
2022-02-08,304,145 St (1),40.82655,-73.95036,1070.0,0,13
2022-02-09,304,145 St (1),40.82655,-73.95036,1058.0,0,13
2022-02-10,304,145 St (1),40.82655,-73.95036,553.0,0,13
2022-02-18,304,145 St (1),40.82655,-73.95036,1697.0,1,13
2022-03-02,304,145 St (1),40.82655,-73.95036,984.0,0,13
2022-03-08,304,145 St (1),40.82655,-73.95036,1911.0,1,13
2022-03-15,304,145 St (1),40.82655,-73.95036,1515.0,1,13
2022-03-29,304,145 St (1),40.82655,-73.95036,1313.0,1,13
2022-04-20,304,145 St (1),40.82655,-73.95036,359.0,0,13
2022-04-27,304,145 St (1),40.82655,-73.95036,846.0,0,13
2022-05-31,304,145 St (1),40.82655,-73.95036,91.0,0,13
2022-06-01,304,145 St (1),40.82655,-73.95036,1810.0,1,13
2022-07-18,304,145 St (1),40.82655,-73.95036,846.0,0,13
2022-08-05,304,145 St (1),40.82655,-73.95036,152.0,0,13
2022-08-08,304,145 St (1),40.82655,-73.95036,226.0,0,13
2022-08-09,304,145 St (1),40.82655,-73.95036,881.0,0,13
2022-08-17,304,145 St (1),40.82655,-73.95036,174.0,0,13
2022-08-30,304,145 St (1),40.82655,-73.95036,581.0,0,13
2022-09-13,304,145 St (1),40.82655,-73.95036,914.0,0,13
2023-05-11,304,145 St (1),40.82655,-73.95036,209.0,0,13
2023-06-14,304,145 St (1),40.82655,-73.95036,574.0,0,13
2023-09-27,304,145 St (1),40.82655,-73.95036,357.0,0,13
2023-10-04,304,145 St (1),40.82655,-73.95036,308.0,0,13
2023-10-17,304,145 St (1),40.82655,-73.95036,1591.0,1,13
2023-11-02,304,145 St (1),40.82655,-73.95036,509.0,0,13
2023-11-03,304,145 St (1),40.82655,-73.95036,148.0,0,13
2023-11-08,304,145 St (1),40.82655,-73.95036,1028.0,0,13
2024-01-15,304,145 St (1),40.82655,-73.95036,660.0,0,13
2024-02-29,304,145 St (1),40.82655,-73.95036,1305.0,1,13
2024-03-05,304,145 St (1),40.82655,-73.95036,1177.0,0,13
2024-04-05,304,145 St (1),40.82655,-73.95036,478.0,0,13
2024-04-16,304,145 St (1),40.82655,-73.95036,155.0,0,13
2024-05-03,304,145 St (1),40.82655,-73.95036,531.0,0,13
2024-05-07,304,145 St (1),40.82655,-73.95036,721.0,0,13
2024-05-17,304,145 St (1),40.82655,-73.95036,270.0,0,13
2024-05-24,304,145 St (1),40.82655,-73.95036,1159.0,0,13
2024-05-31,304,145 St (1),40.82655,-73.95036,774.0,0,13
2024-06-03,304,145 St (1),40.82655,-73.95036,1515.0,1,13
2024-06-13,304,145 St (1),40.82655,-73.95036,954.0,0,13
2024-06-18,304,145 St (1),40.82655,-73.95036,474.0,0,13
2024-06-20,304,145 St (1),40.82655,-73.95036,43.0,0,13
2024-06-21,304,145 St (1),40.82655,-73.95036,1001.0,0,13
2024-06-28,304,145 St (1),40.82655,-73.95036,501.0,0,13
2024-08-28,304,145 St (1),40.82655,-73.95036,1234.0,1,13
2024-08-29,304,145 St (1),40.82655,-73.95036,89.0,0,13
2024-09-04,304,145 St (1),40.82655,-73.95036,1873.0,1,13
2024-09-05,304,145 St (1),40.82655,-73.95036,1218.0,1,13
2024-09-13,304,145 St (1),40.82655,-73.95036,1502.0,1,13
2024-09-28,304,145 St (1),40.82655,-73.95036,294.0,0,13
2024-11-02,304,145 St (1),40.82655,-73.95036,44.0,0,13
2024-11-16,304,145 St (1),40.82655,-73.95036,12.0,0,13
2024-11-21,304,145 St (1),40.82655,-73.95036,320.0,0,13
2024-11-22,304,145 St (1),40.82655,-73.95036,1371.0,1,13
2024-12-03,304,145 St (1),40.82655,-73.95036,221.0,0,13
2024-12-13,304,145 St (1),40.82655,-73.95036,1016.0,0,13
2024-12-26,304,145 St (1),40.82655,-73.95036,749.0,0,13
2024-12-31,304,145 St (1),40.82655,-73.95036,460.0,0,13
2021-05-21,305,137 St-City College (1),40.822006,-73.953674,76.0,0,9
2021-05-26,305,137 St-City College (1),40.822006,-73.953674,975.0,0,9
2021-06-21,305,137 St-City College (1),40.822006,-73.953674,1225.0,1,9
2021-06-30,305,137 St-City College (1),40.822006,-73.953674,823.0,0,9
2021-10-15,305,137 St-City College (1),40.822006,-73.953674,297.0,0,9
2021-10-26,305,137 St-City College (1),40.822006,-73.953674,1129.0,0,9
2021-10-27,305,137 St-City College (1),40.822006,-73.953674,392.0,0,9
2021-11-17,305,137 St-City College (1),40.822006,-73.953674,504.0,0,9
2021-11-18,305,137 St-City College (1),40.822006,-73.953674,1899.0,1,9
2021-12-16,305,137 St-City College (1),40.822006,-73.953674,161.0,0,9
2021-12-22,305,137 St-City College (1),40.822006,-73.953674,238.0,0,9
2022-01-04,305,137 St-City College (1),40.822006,-73.953674,556.0,0,9
2022-01-26,305,137 St-City College (1),40.822006,-73.953674,1177.0,0,9
2022-02-07,305,137 St-City College (1),40.822006,-73.953674,1525.0,1,9
2022-02-08,305,137 St-City College (1),40.822006,-73.953674,2034.0,1,9
2022-02-09,305,137 St-City College (1),40.822006,-73.953674,703.0,0,9
2022-02-10,305,137 St-City College (1),40.822006,-73.953674,253.0,0,9
2022-02-18,305,137 St-City College (1),40.822006,-73.953674,1919.0,1,9
2022-03-02,305,137 St-City College (1),40.822006,-73.953674,1799.0,1,9
2022-03-08,305,137 St-City College (1),40.822006,-73.953674,1286.0,1,9
2022-03-15,305,137 St-City College (1),40.822006,-73.953674,1942.0,1,9
2022-03-29,305,137 St-City College (1),40.822006,-73.953674,2188.0,1,9
2022-04-07,305,137 St-City College (1),40.822006,-73.953674,179.0,0,9
2022-04-20,305,137 St-City College (1),40.822006,-73.953674,268.0,0,9
2022-04-21,305,137 St-City College (1),40.822006,-73.953674,151.0,0,9
2022-04-27,305,137 St-City College (1),40.822006,-73.953674,1931.0,1,9
2022-05-31,305,137 St-City College (1),40.822006,-73.953674,490.0,0,9
2022-06-01,305,137 St-City College (1),40.822006,-73.953674,1805.0,1,9
2022-07-18,305,137 St-City College (1),40.822006,-73.953674,985.0,0,9
2022-08-05,305,137 St-City College (1),40.822006,-73.953674,288.0,0,9
2022-08-08,305,137 St-City College (1),40.822006,-73.953674,290.0,0,9
2022-08-09,305,137 St-City College (1),40.822006,-73.953674,1311.0,1,9
2022-08-30,305,137 St-City College (1),40.822006,-73.953674,521.0,0,9
2022-09-13,305,137 St-City College (1),40.822006,-73.953674,2567.0,1,9
2023-05-11,305,137 St-City College (1),40.822006,-73.953674,110.0,0,9
2023-06-14,305,137 St-City College (1),40.822006,-73.953674,549.0,0,9
2023-09-27,305,137 St-City College (1),40.822006,-73.953674,1169.0,0,9
2023-10-04,305,137 St-City College (1),40.822006,-73.953674,4.0,0,9
2023-10-17,305,137 St-City College (1),40.822006,-73.953674,2346.0,1,9
2023-11-02,305,137 St-City College (1),40.822006,-73.953674,1431.0,1,9
2023-11-03,305,137 St-City College (1),40.822006,-73.953674,720.0,0,9
2023-11-08,305,137 St-City College (1),40.822006,-73.953674,1618.0,1,9
2023-11-17,305,137 St-City College (1),40.822006,-73.953674,57.0,0,9
2023-11-23,305,137 St-City College (1),40.822006,-73.953674,4.0,0,9
2024-01-15,305,137 St-City College (1),40.822006,-73.953674,830.0,0,9
2024-02-29,305,137 St-City College (1),40.822006,-73.953674,1176.0,0,9
2024-03-05,305,137 St-City College (1),40.822006,-73.953674,1796.0,1,9
2024-04-05,305,137 St-City College (1),40.822006,-73.953674,844.0,0,9
2024-04-16,305,137 St-City College (1),40.822006,-73.953674,26.0,0,9
2024-05-03,305,137 St-City College (1),40.822006,-73.953674,277.0,0,9
2024-05-07,305,137 St-City College (1),40.822006,-73.953674,1897.0,1,9
2024-05-17,305,137 St-City College (1),40.822006,-73.953674,66.0,0,9
2024-05-24,305,137 St-City College (1),40.822006,-73.953674,1234.0,1,9
2024-05-31,305,137 St-City College (1),40.822006,-73.953674,1334.0,1,9
2024-06-03,305,137 St-City College (1),40.822006,-73.953674,2173.0,1,9
2024-06-13,305,137 St-City College (1),40.822006,-73.953674,817.0,0,9
2024-06-18,305,137 St-City College (1),40.822006,-73.953674,40.0,0,9
2024-06-20,305,137 St-City College (1),40.822006,-73.953674,362.0,0,9
2024-06-21,305,137 St-City College (1),40.822006,-73.953674,1397.0,1,9
2024-06-28,305,137 St-City College (1),40.822006,-73.953674,1007.0,0,9
2024-08-28,305,137 St-City College (1),40.822006,-73.953674,752.0,0,9
2024-08-29,305,137 St-City College (1),40.822006,-73.953674,51.0,0,9
2024-09-04,305,137 St-City College (1),40.822006,-73.953674,1287.0,1,9
2024-09-05,305,137 St-City College (1),40.822006,-73.953674,1662.0,1,9
2024-09-13,305,137 St-City College (1),40.822006,-73.953674,2177.0,1,9
2024-09-28,305,137 St-City College (1),40.822006,-73.953674,499.0,0,9
2024-10-14,305,137 St-City College (1),40.822006,-73.953674,40.0,0,9
2024-11-16,305,137 St-City College (1),40.822006,-73.953674,203.0,0,9
2024-11-21,305,137 St-City College (1),40.822006,-73.953674,174.0,0,9
2024-11-22,305,137 St-City College (1),40.822006,-73.953674,1110.0,0,9
2024-12-03,305,137 St-City College (1),40.822006,-73.953674,709.0,0,9
2024-12-13,305,137 St-City College (1),40.822006,-73.953674,1581.0,1,9
2024-12-26,305,137 St-City College (1),40.822006,-73.953674,450.0,0,9
2024-12-31,305,137 St-City College (1),40.822006,-73.953674,556.0,0,9
2021-05-21,306,125 St (1),40.815582,-73.958374,58.0,0,7
2021-05-26,306,125 St (1),40.815582,-73.958374,485.0,0,7
2021-06-21,306,125 St (1),40.815582,-73.958374,519.0,0,7
2021-06-30,306,125 St (1),40.815582,-73.958374,344.0,0,7
2021-08-25,306,125 St (1),40.815582,-73.958374,21.0,0,7
2021-10-26,306,125 St (1),40.815582,-73.958374,711.0,0,7
2021-10-27,306,125 St (1),40.815582,-73.958374,198.0,0,7
2021-11-17,306,125 St (1),40.815582,-73.958374,115.0,0,7
2021-11-18,306,125 St (1),40.815582,-73.958374,901.0,0,7
2021-12-02,306,125 St (1),40.815582,-73.958374,89.0,0,7
2021-12-16,306,125 St (1),40.815582,-73.958374,75.0,0,7
2021-12-22,306,125 St (1),40.815582,-73.958374,66.0,0,7
2022-01-04,306,125 St (1),40.815582,-73.958374,133.0,0,7
2022-01-26,306,125 St (1),40.815582,-73.958374,474.0,0,7
2022-02-07,306,125 St (1),40.815582,-73.958374,708.0,0,7
2022-02-08,306,125 St (1),40.815582,-73.958374,760.0,0,7
2022-02-09,306,125 St (1),40.815582,-73.958374,510.0,0,7
2022-02-10,306,125 St (1),40.815582,-73.958374,251.0,0,7
2022-02-18,306,125 St (1),40.815582,-73.958374,1001.0,0,7
2022-03-02,306,125 St (1),40.815582,-73.958374,948.0,0,7
2022-03-08,306,125 St (1),40.815582,-73.958374,939.0,0,7
2022-03-15,306,125 St (1),40.815582,-73.958374,895.0,0,7
2022-03-29,306,125 St (1),40.815582,-73.958374,791.0,0,7
2022-04-07,306,125 St (1),40.815582,-73.958374,48.0,0,7
2022-04-20,306,125 St (1),40.815582,-73.958374,132.0,0,7
2022-04-27,306,125 St (1),40.815582,-73.958374,888.0,0,7
2022-05-31,306,125 St (1),40.815582,-73.958374,145.0,0,7
2022-06-01,306,125 St (1),40.815582,-73.958374,1037.0,0,7
2022-06-22,306,125 St (1),40.815582,-73.958374,226.0,0,7
2022-07-18,306,125 St (1),40.815582,-73.958374,385.0,0,7
2022-08-05,306,125 St (1),40.815582,-73.958374,102.0,0,7
2022-08-08,306,125 St (1),40.815582,-73.958374,83.0,0,7
2022-08-09,306,125 St (1),40.815582,-73.958374,626.0,0,7
2022-08-30,306,125 St (1),40.815582,-73.958374,280.0,0,7
2022-09-13,306,125 St (1),40.815582,-73.958374,713.0,0,7
2023-05-11,306,125 St (1),40.815582,-73.958374,106.0,0,7
2023-06-14,306,125 St (1),40.815582,-73.958374,853.0,0,7
2023-09-27,306,125 St (1),40.815582,-73.958374,538.0,0,7
2023-09-28,306,125 St (1),40.815582,-73.958374,245.0,0,7
2023-10-04,306,125 St (1),40.815582,-73.958374,289.0,0,7
2023-10-17,306,125 St (1),40.815582,-73.958374,904.0,0,7
2023-11-02,306,125 St (1),40.815582,-73.958374,488.0,0,7
2023-11-03,306,125 St (1),40.815582,-73.958374,444.0,0,7
2023-11-08,306,125 St (1),40.815582,-73.958374,481.0,0,7
2023-11-17,306,125 St (1),40.815582,-73.958374,48.0,0,7
2023-11-23,306,125 St (1),40.815582,-73.958374,3.0,0,7
2024-01-15,306,125 St (1),40.815582,-73.958374,406.0,0,7
2024-02-29,306,125 St (1),40.815582,-73.958374,517.0,0,7
2024-03-05,306,125 St (1),40.815582,-73.958374,371.0,0,7
2024-04-05,306,125 St (1),40.815582,-73.958374,330.0,0,7
2024-04-16,306,125 St (1),40.815582,-73.958374,160.0,0,7
2024-05-03,306,125 St (1),40.815582,-73.958374,586.0,0,7
2024-05-07,306,125 St (1),40.815582,-73.958374,1192.0,1,7
2024-05-17,306,125 St (1),40.815582,-73.958374,241.0,0,7
2024-05-24,306,125 St (1),40.815582,-73.958374,969.0,0,7
2024-05-31,306,125 St (1),40.815582,-73.958374,562.0,0,7
2024-06-03,306,125 St (1),40.815582,-73.958374,981.0,0,7
2024-06-13,306,125 St (1),40.815582,-73.958374,88.0,0,7
2024-06-18,306,125 St (1),40.815582,-73.958374,419.0,0,7
2024-06-20,306,125 St (1),40.815582,-73.958374,584.0,0,7
2024-06-21,306,125 St (1),40.815582,-73.958374,1014.0,0,7
2024-06-28,306,125 St (1),40.815582,-73.958374,442.0,0,7
2024-08-28,306,125 St (1),40.815582,-73.958374,551.0,0,7
2024-08-29,306,125 St (1),40.815582,-73.958374,54.0,0,7
2024-09-04,306,125 St (1),40.815582,-73.958374,1106.0,0,7
2024-09-05,306,125 St (1),40.815582,-73.958374,1170.0,0,7
2024-09-13,306,125 St (1),40.815582,-73.958374,1064.0,0,7
2024-09-28,306,125 St (1),40.815582,-73.958374,406.0,0,7
2024-10-14,306,125 St (1),40.815582,-73.958374,2.0,0,7
2024-11-21,306,125 St (1),40.815582,-73.958374,463.0,0,7
2024-11-22,306,125 St (1),40.815582,-73.958374,858.0,0,7
2024-12-03,306,125 St (1),40.815582,-73.958374,118.0,0,7
2024-12-13,306,125 St (1),40.815582,-73.958374,679.0,0,7
2024-12-26,306,125 St (1),40.815582,-73.958374,530.0,0,7
2024-12-31,306,125 St (1),40.815582,-73.958374,618.0,0,7
2021-05-21,307,116 St-Columbia University (1),40.80772,-73.96411,31.0,0,17
2021-05-26,307,116 St-Columbia University (1),40.80772,-73.96411,384.0,0,17
2021-06-10,307,116 St-Columbia University (1),40.80772,-73.96411,97.0,0,17
2021-06-21,307,116 St-Columbia University (1),40.80772,-73.96411,329.0,0,17
2021-06-30,307,116 St-Columbia University (1),40.80772,-73.96411,429.0,0,17
2021-08-25,307,116 St-Columbia University (1),40.80772,-73.96411,13.0,0,17
2021-10-15,307,116 St-Columbia University (1),40.80772,-73.96411,10.0,0,17
2021-10-19,307,116 St-Columbia University (1),40.80772,-73.96411,19.0,0,17
2021-10-26,307,116 St-Columbia University (1),40.80772,-73.96411,510.0,0,17
2021-11-17,307,116 St-Columbia University (1),40.80772,-73.96411,216.0,0,17
2021-11-18,307,116 St-Columbia University (1),40.80772,-73.96411,637.0,0,17
2021-12-02,307,116 St-Columbia University (1),40.80772,-73.96411,134.0,0,17
2021-12-16,307,116 St-Columbia University (1),40.80772,-73.96411,100.0,0,17
2021-12-22,307,116 St-Columbia University (1),40.80772,-73.96411,73.0,0,17
2022-01-04,307,116 St-Columbia University (1),40.80772,-73.96411,121.0,0,17
2022-01-26,307,116 St-Columbia University (1),40.80772,-73.96411,646.0,0,17
2022-02-07,307,116 St-Columbia University (1),40.80772,-73.96411,576.0,0,17
2022-02-08,307,116 St-Columbia University (1),40.80772,-73.96411,767.0,0,17
2022-02-09,307,116 St-Columbia University (1),40.80772,-73.96411,239.0,0,17
2022-02-10,307,116 St-Columbia University (1),40.80772,-73.96411,222.0,0,17
2022-02-18,307,116 St-Columbia University (1),40.80772,-73.96411,747.0,0,17
2022-03-02,307,116 St-Columbia University (1),40.80772,-73.96411,797.0,0,17
2022-03-08,307,116 St-Columbia University (1),40.80772,-73.96411,832.0,0,17
2022-03-15,307,116 St-Columbia University (1),40.80772,-73.96411,580.0,0,17
2022-03-29,307,116 St-Columbia University (1),40.80772,-73.96411,855.0,0,17
2022-04-07,307,116 St-Columbia University (1),40.80772,-73.96411,7.0,0,17
2022-04-20,307,116 St-Columbia University (1),40.80772,-73.96411,16.0,0,17
2022-04-21,307,116 St-Columbia University (1),40.80772,-73.96411,2.0,0,17
2022-04-27,307,116 St-Columbia University (1),40.80772,-73.96411,731.0,0,17
2022-05-31,307,116 St-Columbia University (1),40.80772,-73.96411,106.0,0,17
2022-06-01,307,116 St-Columbia University (1),40.80772,-73.96411,810.0,0,17
2022-07-18,307,116 St-Columbia University (1),40.80772,-73.96411,412.0,0,17
2022-08-05,307,116 St-Columbia University (1),40.80772,-73.96411,312.0,0,17
2022-08-08,307,116 St-Columbia University (1),40.80772,-73.96411,281.0,0,17
2022-08-09,307,116 St-Columbia University (1),40.80772,-73.96411,611.0,0,17
2022-08-30,307,116 St-Columbia University (1),40.80772,-73.96411,338.0,0,17
2022-09-13,307,116 St-Columbia University (1),40.80772,-73.96411,803.0,0,17
2023-05-11,307,116 St-Columbia University (1),40.80772,-73.96411,56.0,0,17
2023-06-14,307,116 St-Columbia University (1),40.80772,-73.96411,245.0,0,17
2023-09-27,307,116 St-Columbia University (1),40.80772,-73.96411,809.0,0,17
2023-10-04,307,116 St-Columbia University (1),40.80772,-73.96411,109.0,0,17
2023-10-17,307,116 St-Columbia University (1),40.80772,-73.96411,1035.0,0,17
2023-11-02,307,116 St-Columbia University (1),40.80772,-73.96411,220.0,0,17
2023-11-03,307,116 St-Columbia University (1),40.80772,-73.96411,491.0,0,17
2023-11-08,307,116 St-Columbia University (1),40.80772,-73.96411,604.0,0,17
2023-11-23,307,116 St-Columbia University (1),40.80772,-73.96411,11.0,0,17
2024-01-15,307,116 St-Columbia University (1),40.80772,-73.96411,588.0,0,17
2024-02-29,307,116 St-Columbia University (1),40.80772,-73.96411,555.0,0,17
2024-03-05,307,116 St-Columbia University (1),40.80772,-73.96411,553.0,0,17
2024-04-05,307,116 St-Columbia University (1),40.80772,-73.96411,312.0,0,17
2024-04-16,307,116 St-Columbia University (1),40.80772,-73.96411,13.0,0,17
2024-05-03,307,116 St-Columbia University (1),40.80772,-73.96411,78.0,0,17
2024-05-07,307,116 St-Columbia University (1),40.80772,-73.96411,837.0,0,17
2024-05-17,307,116 St-Columbia University (1),40.80772,-73.96411,18.0,0,17
2024-05-24,307,116 St-Columbia University (1),40.80772,-73.96411,633.0,0,17
2024-05-31,307,116 St-Columbia University (1),40.80772,-73.96411,931.0,0,17
2024-06-03,307,116 St-Columbia University (1),40.80772,-73.96411,1274.0,1,17
2024-06-13,307,116 St-Columbia University (1),40.80772,-73.96411,125.0,0,17
2024-06-18,307,116 St-Columbia University (1),40.80772,-73.96411,130.0,0,17
2024-06-20,307,116 St-Columbia University (1),40.80772,-73.96411,181.0,0,17
2024-06-21,307,116 St-Columbia University (1),40.80772,-73.96411,1007.0,0,17
2024-06-28,307,116 St-Columbia University (1),40.80772,-73.96411,40.0,0,17
2024-08-28,307,116 St-Columbia University (1),40.80772,-73.96411,482.0,0,17
2024-08-29,307,116 St-Columbia University (1),40.80772,-73.96411,13.0,0,17
2024-09-04,307,116 St-Columbia University (1),40.80772,-73.96411,466.0,0,17
2024-09-05,307,116 St-Columbia University (1),40.80772,-73.96411,771.0,0,17
2024-09-13,307,116 St-Columbia University (1),40.80772,-73.96411,1065.0,0,17
2024-09-28,307,116 St-Columbia University (1),40.80772,-73.96411,630.0,0,17
2024-11-16,307,116 St-Columbia University (1),40.80772,-73.96411,177.0,0,17
2024-11-21,307,116 St-Columbia University (1),40.80772,-73.96411,79.0,0,17
2024-11-22,307,116 St-Columbia University (1),40.80772,-73.96411,558.0,0,17
2024-12-03,307,116 St-Columbia University (1),40.80772,-73.96411,54.0,0,17
2024-12-13,307,116 St-Columbia University (1),40.80772,-73.96411,803.0,0,17
2024-12-26,307,116 St-Columbia University (1),40.80772,-73.96411,191.0,0,17
2024-12-31,307,116 St-Columbia University (1),40.80772,-73.96411,261.0,0,17
2021-05-21,308,Cathedral Pkwy (110 St) (1),40.803967,-73.96685,81.0,0,16
2021-05-26,308,Cathedral Pkwy (110 St) (1),40.803967,-73.96685,931.0,0,16
2021-06-10,308,Cathedral Pkwy (110 St) (1),40.803967,-73.96685,74.0,0,16
2021-06-21,308,Cathedral Pkwy (110 St) (1),40.803967,-73.96685,511.0,0,16
2021-06-30,308,Cathedral Pkwy (110 St) (1),40.803967,-73.96685,1106.0,0,16
2021-08-25,308,Cathedral Pkwy (110 St) (1),40.803967,-73.96685,159.0,0,16
2021-10-15,308,Cathedral Pkwy (110 St) (1),40.803967,-73.96685,48.0,0,16
2021-10-19,308,Cathedral Pkwy (110 St) (1),40.803967,-73.96685,110.0,0,16
2021-10-26,308,Cathedral Pkwy (110 St) (1),40.803967,-73.96685,1206.0,1,16
2021-11-17,308,Cathedral Pkwy (110 St) (1),40.803967,-73.96685,171.0,0,16
2021-11-18,308,Cathedral Pkwy (110 St) (1),40.803967,-73.96685,1028.0,0,16
2021-12-16,308,Cathedral Pkwy (110 St) (1),40.803967,-73.96685,540.0,0,16
2021-12-22,308,Cathedral Pkwy (110 St) (1),40.803967,-73.96685,284.0,0,16
2022-01-04,308,Cathedral Pkwy (110 St) (1),40.803967,-73.96685,39.0,0,16
2022-01-26,308,Cathedral Pkwy (110 St) (1),40.803967,-73.96685,955.0,0,16
2022-02-07,308,Cathedral Pkwy (110 St) (1),40.803967,-73.96685,959.0,0,16
2022-02-08,308,Cathedral Pkwy (110 St) (1),40.803967,-73.96685,701.0,0,16
2022-02-09,308,Cathedral Pkwy (110 St) (1),40.803967,-73.96685,680.0,0,16
2022-02-10,308,Cathedral Pkwy (110 St) (1),40.803967,-73.96685,421.0,0,16
2022-02-18,308,Cathedral Pkwy (110 St) (1),40.803967,-73.96685,1156.0,0,16
2022-03-02,308,Cathedral Pkwy (110 St) (1),40.803967,-73.96685,1030.0,0,16
2022-03-08,308,Cathedral Pkwy (110 St) (1),40.803967,-73.96685,1647.0,1,16
2022-03-15,308,Cathedral Pkwy (110 St) (1),40.803967,-73.96685,1563.0,1,16
2022-03-29,308,Cathedral Pkwy (110 St) (1),40.803967,-73.96685,1252.0,1,16
2022-04-07,308,Cathedral Pkwy (110 St) (1),40.803967,-73.96685,282.0,0,16
2022-04-20,308,Cathedral Pkwy (110 St) (1),40.803967,-73.96685,126.0,0,16
2022-04-21,308,Cathedral Pkwy (110 St) (1),40.803967,-73.96685,14.0,0,16
2022-04-27,308,Cathedral Pkwy (110 St) (1),40.803967,-73.96685,962.0,0,16
2022-05-31,308,Cathedral Pkwy (110 St) (1),40.803967,-73.96685,617.0,0,16
2022-06-01,308,Cathedral Pkwy (110 St) (1),40.803967,-73.96685,1869.0,1,16
2022-07-18,308,Cathedral Pkwy (110 St) (1),40.803967,-73.96685,390.0,0,16
2022-08-05,308,Cathedral Pkwy (110 St) (1),40.803967,-73.96685,298.0,0,16
2022-08-08,308,Cathedral Pkwy (110 St) (1),40.803967,-73.96685,175.0,0,16
2022-08-09,308,Cathedral Pkwy (110 St) (1),40.803967,-73.96685,706.0,0,16
2022-08-30,308,Cathedral Pkwy (110 St) (1),40.803967,-73.96685,844.0,0,16
2022-09-13,308,Cathedral Pkwy (110 St) (1),40.803967,-73.96685,1072.0,0,16
2023-06-14,308,Cathedral Pkwy (110 St) (1),40.803967,-73.96685,1235.0,1,16
2023-09-27,308,Cathedral Pkwy (110 St) (1),40.803967,-73.96685,684.0,0,16
2023-10-04,308,Cathedral Pkwy (110 St) (1),40.803967,-73.96685,228.0,0,16
2023-10-17,308,Cathedral Pkwy (110 St) (1),40.803967,-73.96685,1739.0,1,16
2023-11-02,308,Cathedral Pkwy (110 St) (1),40.803967,-73.96685,1209.0,1,16
2023-11-03,308,Cathedral Pkwy (110 St) (1),40.803967,-73.96685,916.0,0,16
2023-11-08,308,Cathedral Pkwy (110 St) (1),40.803967,-73.96685,705.0,0,16
2023-11-23,308,Cathedral Pkwy (110 St) (1),40.803967,-73.96685,19.0,0,16
2024-01-15,308,Cathedral Pkwy (110 St) (1),40.803967,-73.96685,774.0,0,16
2024-02-29,308,Cathedral Pkwy (110 St) (1),40.803967,-73.96685,1040.0,0,16
2024-03-05,308,Cathedral Pkwy (110 St) (1),40.803967,-73.96685,1041.0,0,16
2024-04-05,308,Cathedral Pkwy (110 St) (1),40.803967,-73.96685,523.0,0,16
2024-04-16,308,Cathedral Pkwy (110 St) (1),40.803967,-73.96685,74.0,0,16
2024-05-03,308,Cathedral Pkwy (110 St) (1),40.803967,-73.96685,374.0,0,16
2024-05-07,308,Cathedral Pkwy (110 St) (1),40.803967,-73.96685,1711.0,1,16
2024-05-17,308,Cathedral Pkwy (110 St) (1),40.803967,-73.96685,402.0,0,16
2024-05-24,308,Cathedral Pkwy (110 St) (1),40.803967,-73.96685,1052.0,0,16
2024-05-31,308,Cathedral Pkwy (110 St) (1),40.803967,-73.96685,1633.0,1,16
2024-06-03,308,Cathedral Pkwy (110 St) (1),40.803967,-73.96685,1609.0,1,16
2024-06-13,308,Cathedral Pkwy (110 St) (1),40.803967,-73.96685,839.0,0,16
2024-06-18,308,Cathedral Pkwy (110 St) (1),40.803967,-73.96685,159.0,0,16
2024-06-20,308,Cathedral Pkwy (110 St) (1),40.803967,-73.96685,103.0,0,16
2024-06-21,308,Cathedral Pkwy (110 St) (1),40.803967,-73.96685,982.0,0,16
2024-06-28,308,Cathedral Pkwy (110 St) (1),40.803967,-73.96685,436.0,0,16
2024-08-28,308,Cathedral Pkwy (110 St) (1),40.803967,-73.96685,706.0,0,16
2024-08-29,308,Cathedral Pkwy (110 St) (1),40.803967,-73.96685,32.0,0,16
2024-09-04,308,Cathedral Pkwy (110 St) (1),40.803967,-73.96685,1354.0,1,16
2024-09-05,308,Cathedral Pkwy (110 St) (1),40.803967,-73.96685,1730.0,1,16
2024-09-13,308,Cathedral Pkwy (110 St) (1),40.803967,-73.96685,931.0,0,16
2024-09-28,308,Cathedral Pkwy (110 St) (1),40.803967,-73.96685,387.0,0,16
2024-11-16,308,Cathedral Pkwy (110 St) (1),40.803967,-73.96685,10.0,0,16
2024-11-21,308,Cathedral Pkwy (110 St) (1),40.803967,-73.96685,375.0,0,16
2024-11-22,308,Cathedral Pkwy (110 St) (1),40.803967,-73.96685,597.0,0,16
2024-12-03,308,Cathedral Pkwy (110 St) (1),40.803967,-73.96685,193.0,0,16
2024-12-13,308,Cathedral Pkwy (110 St) (1),40.803967,-73.96685,686.0,0,16
2024-12-26,308,Cathedral Pkwy (110 St) (1),40.803967,-73.96685,439.0,0,16
2024-12-31,308,Cathedral Pkwy (110 St) (1),40.803967,-73.96685,606.0,0,16
2021-05-21,309,103 St (1),40.799446,-73.968376,275.0,0,16
2021-05-26,309,103 St (1),40.799446,-73.968376,826.0,0,16
2021-06-10,309,103 St (1),40.799446,-73.968376,32.0,0,16
2021-06-21,309,103 St (1),40.799446,-73.968376,1072.0,0,16
2021-06-30,309,103 St (1),40.799446,-73.968376,1085.0,0,16
2021-08-25,309,103 St (1),40.799446,-73.968376,125.0,0,16
2021-10-15,309,103 St (1),40.799446,-73.968376,313.0,0,16
2021-10-26,309,103 St (1),40.799446,-73.968376,1594.0,1,16
2021-10-27,309,103 St (1),40.799446,-73.968376,163.0,0,16
2021-11-17,309,103 St (1),40.799446,-73.968376,98.0,0,16
2021-11-18,309,103 St (1),40.799446,-73.968376,2167.0,1,16
2021-12-02,309,103 St (1),40.799446,-73.968376,196.0,0,16
2021-12-16,309,103 St (1),40.799446,-73.968376,291.0,0,16
2021-12-22,309,103 St (1),40.799446,-73.968376,146.0,0,16
2022-01-04,309,103 St (1),40.799446,-73.968376,315.0,0,16
2022-01-26,309,103 St (1),40.799446,-73.968376,758.0,0,16
2022-02-07,309,103 St (1),40.799446,-73.968376,1259.0,1,16
2022-02-08,309,103 St (1),40.799446,-73.968376,1198.0,1,16
2022-02-09,309,103 St (1),40.799446,-73.968376,1239.0,1,16
2022-02-10,309,103 St (1),40.799446,-73.968376,488.0,0,16
2022-02-18,309,103 St (1),40.799446,-73.968376,1154.0,0,16
2022-03-02,309,103 St (1),40.799446,-73.968376,2228.0,1,16
2022-03-08,309,103 St (1),40.799446,-73.968376,1529.0,1,16
2022-03-15,309,103 St (1),40.799446,-73.968376,1813.0,1,16
2022-03-29,309,103 St (1),40.799446,-73.968376,1993.0,1,16
2022-04-07,309,103 St (1),40.799446,-73.968376,248.0,0,16
2022-04-21,309,103 St (1),40.799446,-73.968376,15.0,0,16
2022-04-27,309,103 St (1),40.799446,-73.968376,1475.0,1,16
2022-05-31,309,103 St (1),40.799446,-73.968376,208.0,0,16
2022-06-01,309,103 St (1),40.799446,-73.968376,1420.0,1,16
2022-07-18,309,103 St (1),40.799446,-73.968376,1299.0,1,16
2022-08-05,309,103 St (1),40.799446,-73.968376,386.0,0,16
2022-08-08,309,103 St (1),40.799446,-73.968376,141.0,0,16
2022-08-09,309,103 St (1),40.799446,-73.968376,1677.0,1,16
2022-08-30,309,103 St (1),40.799446,-73.968376,345.0,0,16
2022-09-13,309,103 St (1),40.799446,-73.968376,1321.0,1,16
2023-05-11,309,103 St (1),40.799446,-73.968376,392.0,0,16
2023-06-14,309,103 St (1),40.799446,-73.968376,1119.0,0,16
2023-09-27,309,103 St (1),40.799446,-73.968376,1285.0,1,16
2023-10-04,309,103 St (1),40.799446,-73.968376,1004.0,0,16
2023-10-17,309,103 St (1),40.799446,-73.968376,2321.0,1,16
2023-11-02,309,103 St (1),40.799446,-73.968376,1621.0,1,16
2023-11-03,309,103 St (1),40.799446,-73.968376,996.0,0,16
2023-11-08,309,103 St (1),40.799446,-73.968376,1690.0,1,16
2023-11-23,309,103 St (1),40.799446,-73.968376,5.0,0,16
2024-01-15,309,103 St (1),40.799446,-73.968376,793.0,0,16
2024-02-29,309,103 St (1),40.799446,-73.968376,1014.0,0,16
2024-03-05,309,103 St (1),40.799446,-73.968376,2139.0,1,16
2024-04-05,309,103 St (1),40.799446,-73.968376,354.0,0,16
2024-04-16,309,103 St (1),40.799446,-73.968376,524.0,0,16
2024-05-03,309,103 St (1),40.799446,-73.968376,1017.0,0,16
2024-05-07,309,103 St (1),40.799446,-73.968376,2002.0,1,16
2024-05-17,309,103 St (1),40.799446,-73.968376,88.0,0,16
2024-05-24,309,103 St (1),40.799446,-73.968376,1152.0,0,16
2024-05-31,309,103 St (1),40.799446,-73.968376,1270.0,1,16
2024-06-03,309,103 St (1),40.799446,-73.968376,888.0,0,16
2024-06-13,309,103 St (1),40.799446,-73.968376,952.0,0,16
2024-06-18,309,103 St (1),40.799446,-73.968376,190.0,0,16
2024-06-20,309,103 St (1),40.799446,-73.968376,1170.0,0,16
2024-06-21,309,103 St (1),40.799446,-73.968376,832.0,0,16
2024-06-28,309,103 St (1),40.799446,-73.968376,694.0,0,16
2024-08-28,309,103 St (1),40.799446,-73.968376,1002.0,0,16
2024-08-29,309,103 St (1),40.799446,-73.968376,417.0,0,16
2024-09-04,309,103 St (1),40.799446,-73.968376,1298.0,1,16
2024-09-05,309,103 St (1),40.799446,-73.968376,2416.0,1,16
2024-09-13,309,103 St (1),40.799446,-73.968376,1566.0,1,16
2024-09-28,309,103 St (1),40.799446,-73.968376,196.0,0,16
2024-11-16,309,103 St (1),40.799446,-73.968376,42.0,0,16
2024-11-21,309,103 St (1),40.799446,-73.968376,1124.0,0,16
2024-11-22,309,103 St (1),40.799446,-73.968376,1501.0,1,16
2024-12-03,309,103 St (1),40.799446,-73.968376,451.0,0,16
2024-12-13,309,103 St (1),40.799446,-73.968376,490.0,0,16
2024-12-26,309,103 St (1),40.799446,-73.968376,827.0,0,16
2024-12-31,309,103 St (1),40.799446,-73.968376,1026.0,0,16
2021-05-21,310,"96 St (1,2,3)",40.79392,-73.97232,594.0,0,19
2021-05-26,310,"96 St (1,2,3)",40.79392,-73.97232,2459.0,1,19
2021-06-10,310,"96 St (1,2,3)",40.79392,-73.97232,22.0,0,19
2021-06-21,310,"96 St (1,2,3)",40.79392,-73.97232,1610.0,1,19
2021-06-30,310,"96 St (1,2,3)",40.79392,-73.97232,2096.0,1,19
2021-08-25,310,"96 St (1,2,3)",40.79392,-73.97232,244.0,0,19
2021-10-15,310,"96 St (1,2,3)",40.79392,-73.97232,748.0,0,19
2021-10-19,310,"96 St (1,2,3)",40.79392,-73.97232,125.0,0,19
2021-10-26,310,"96 St (1,2,3)",40.79392,-73.97232,4916.0,1,19
2021-10-27,310,"96 St (1,2,3)",40.79392,-73.97232,535.0,0,19
2021-11-17,310,"96 St (1,2,3)",40.79392,-73.97232,357.0,0,19
2021-11-18,310,"96 St (1,2,3)",40.79392,-73.97232,4623.0,1,19
2021-12-02,310,"96 St (1,2,3)",40.79392,-73.97232,96.0,0,19
2021-12-16,310,"96 St (1,2,3)",40.79392,-73.97232,585.0,0,19
2021-12-22,310,"96 St (1,2,3)",40.79392,-73.97232,564.0,0,19
2022-01-04,310,"96 St (1,2,3)",40.79392,-73.97232,813.0,0,19
2022-01-26,310,"96 St (1,2,3)",40.79392,-73.97232,3926.0,1,19
2022-02-07,310,"96 St (1,2,3)",40.79392,-73.97232,3560.0,1,19
2022-02-08,310,"96 St (1,2,3)",40.79392,-73.97232,3200.0,1,19
2022-02-09,310,"96 St (1,2,3)",40.79392,-73.97232,2814.0,1,19
2022-02-10,310,"96 St (1,2,3)",40.79392,-73.97232,1354.0,1,19
2022-02-18,310,"96 St (1,2,3)",40.79392,-73.97232,2767.0,1,19
2022-03-02,310,"96 St (1,2,3)",40.79392,-73.97232,5094.0,1,19
2022-03-08,310,"96 St (1,2,3)",40.79392,-73.97232,4904.0,1,19
2022-03-15,310,"96 St (1,2,3)",40.79392,-73.97232,4427.0,1,19
2022-03-29,310,"96 St (1,2,3)",40.79392,-73.97232,4787.0,1,19
2022-04-07,310,"96 St (1,2,3)",40.79392,-73.97232,1149.0,0,19
2022-04-20,310,"96 St (1,2,3)",40.79392,-73.97232,1292.0,1,19
2022-04-27,310,"96 St (1,2,3)",40.79392,-73.97232,3147.0,1,19
2022-05-31,310,"96 St (1,2,3)",40.79392,-73.97232,1811.0,1,19
2022-06-01,310,"96 St (1,2,3)",40.79392,-73.97232,5913.0,1,19
2022-07-18,310,"96 St (1,2,3)",40.79392,-73.97232,2266.0,1,19
2022-08-05,310,"96 St (1,2,3)",40.79392,-73.97232,657.0,0,19
2022-08-08,310,"96 St (1,2,3)",40.79392,-73.97232,820.0,0,19
2022-08-09,310,"96 St (1,2,3)",40.79392,-73.97232,2993.0,1,19
2022-08-30,310,"96 St (1,2,3)",40.79392,-73.97232,435.0,0,19
2022-09-13,310,"96 St (1,2,3)",40.79392,-73.97232,5237.0,1,19
2023-05-11,310,"96 St (1,2,3)",40.79392,-73.97232,82.0,0,19
2023-06-14,310,"96 St (1,2,3)",40.79392,-73.97232,3442.0,1,19
2023-09-27,310,"96 St (1,2,3)",40.79392,-73.97232,4529.0,1,19
2023-10-04,310,"96 St (1,2,3)",40.79392,-73.97232,178.0,0,19
2023-10-17,310,"96 St (1,2,3)",40.79392,-73.97232,7233.0,1,19
2023-11-02,310,"96 St (1,2,3)",40.79392,-73.97232,4570.0,1,19
2023-11-03,310,"96 St (1,2,3)",40.79392,-73.97232,2954.0,1,19
2023-11-08,310,"96 St (1,2,3)",40.79392,-73.97232,2799.0,1,19
2023-11-23,310,"96 St (1,2,3)",40.79392,-73.97232,351.0,0,19
2024-01-15,310,"96 St (1,2,3)",40.79392,-73.97232,1488.0,1,19
2024-02-29,310,"96 St (1,2,3)",40.79392,-73.97232,1866.0,1,19
2024-03-05,310,"96 St (1,2,3)",40.79392,-73.97232,4511.0,1,19
2024-04-05,310,"96 St (1,2,3)",40.79392,-73.97232,3624.0,1,19
2024-04-16,310,"96 St (1,2,3)",40.79392,-73.97232,139.0,0,19
2024-05-03,310,"96 St (1,2,3)",40.79392,-73.97232,3221.0,1,19
2024-05-07,310,"96 St (1,2,3)",40.79392,-73.97232,6867.0,1,19
2024-05-17,310,"96 St (1,2,3)",40.79392,-73.97232,235.0,0,19
2024-05-24,310,"96 St (1,2,3)",40.79392,-73.97232,3126.0,1,19
2024-05-31,310,"96 St (1,2,3)",40.79392,-73.97232,3357.0,1,19
2024-06-03,310,"96 St (1,2,3)",40.79392,-73.97232,4332.0,1,19
2024-06-13,310,"96 St (1,2,3)",40.79392,-73.97232,1711.0,1,19
2024-06-18,310,"96 St (1,2,3)",40.79392,-73.97232,569.0,0,19
2024-06-20,310,"96 St (1,2,3)",40.79392,-73.97232,1330.0,1,19
2024-06-21,310,"96 St (1,2,3)",40.79392,-73.97232,4574.0,1,19
2024-06-28,310,"96 St (1,2,3)",40.79392,-73.97232,1568.0,1,19
2024-08-28,310,"96 St (1,2,3)",40.79392,-73.97232,4706.0,1,19
2024-08-29,310,"96 St (1,2,3)",40.79392,-73.97232,2108.0,1,19
2024-09-04,310,"96 St (1,2,3)",40.79392,-73.97232,5031.0,1,19
2024-09-05,310,"96 St (1,2,3)",40.79392,-73.97232,3824.0,1,19
2024-09-13,310,"96 St (1,2,3)",40.79392,-73.97232,2303.0,1,19
2024-09-28,310,"96 St (1,2,3)",40.79392,-73.97232,1173.0,0,19
2024-10-14,310,"96 St (1,2,3)",40.79392,-73.97232,146.0,0,19
2024-11-21,310,"96 St (1,2,3)",40.79392,-73.97232,3270.0,1,19
2024-11-22,310,"96 St (1,2,3)",40.79392,-73.97232,2018.0,1,19
2024-12-03,310,"96 St (1,2,3)",40.79392,-73.97232,626.0,0,19
2024-12-13,310,"96 St (1,2,3)",40.79392,-73.97232,2915.0,1,19
2024-12-26,310,"96 St (1,2,3)",40.79392,-73.97232,1871.0,1,19
2024-12-31,310,"96 St (1,2,3)",40.79392,-73.97232,2428.0,1,19
2021-05-21,311,86 St (1),40.788643,-73.97622,68.0,0,22
2021-05-26,311,86 St (1),40.788643,-73.97622,1400.0,1,22
2021-06-10,311,86 St (1),40.788643,-73.97622,247.0,0,22
2021-06-21,311,86 St (1),40.788643,-73.97622,881.0,0,22
2021-06-30,311,86 St (1),40.788643,-73.97622,739.0,0,22
2021-08-25,311,86 St (1),40.788643,-73.97622,283.0,0,22
2021-10-15,311,86 St (1),40.788643,-73.97622,127.0,0,22
2021-10-26,311,86 St (1),40.788643,-73.97622,1793.0,1,22
2021-11-17,311,86 St (1),40.788643,-73.97622,11.0,0,22
2021-11-18,311,86 St (1),40.788643,-73.97622,1475.0,1,22
2021-12-02,311,86 St (1),40.788643,-73.97622,67.0,0,22
2021-12-16,311,86 St (1),40.788643,-73.97622,489.0,0,22
2021-12-22,311,86 St (1),40.788643,-73.97622,376.0,0,22
2022-01-04,311,86 St (1),40.788643,-73.97622,757.0,0,22
2022-01-26,311,86 St (1),40.788643,-73.97622,952.0,0,22
2022-02-07,311,86 St (1),40.788643,-73.97622,1309.0,1,22
2022-02-08,311,86 St (1),40.788643,-73.97622,1260.0,1,22
2022-02-09,311,86 St (1),40.788643,-73.97622,1578.0,1,22
2022-02-10,311,86 St (1),40.788643,-73.97622,379.0,0,22
2022-02-18,311,86 St (1),40.788643,-73.97622,1696.0,1,22
2022-03-02,311,86 St (1),40.788643,-73.97622,2819.0,1,22
2022-03-08,311,86 St (1),40.788643,-73.97622,2017.0,1,22
2022-03-15,311,86 St (1),40.788643,-73.97622,1936.0,1,22
2022-03-29,311,86 St (1),40.788643,-73.97622,2391.0,1,22
2022-04-07,311,86 St (1),40.788643,-73.97622,297.0,0,22
2022-04-20,311,86 St (1),40.788643,-73.97622,105.0,0,22
2022-04-21,311,86 St (1),40.788643,-73.97622,242.0,0,22
2022-04-27,311,86 St (1),40.788643,-73.97622,1543.0,1,22
2022-05-31,311,86 St (1),40.788643,-73.97622,436.0,0,22
2022-06-01,311,86 St (1),40.788643,-73.97622,2180.0,1,22
2022-07-18,311,86 St (1),40.788643,-73.97622,1171.0,0,22
2022-08-05,311,86 St (1),40.788643,-73.97622,375.0,0,22
2022-08-08,311,86 St (1),40.788643,-73.97622,540.0,0,22
2022-08-09,311,86 St (1),40.788643,-73.97622,2017.0,1,22
2022-08-30,311,86 St (1),40.788643,-73.97622,1096.0,0,22
2022-09-13,311,86 St (1),40.788643,-73.97622,1785.0,1,22
2023-05-11,311,86 St (1),40.788643,-73.97622,737.0,0,22
2023-06-14,311,86 St (1),40.788643,-73.97622,460.0,0,22
2023-09-27,311,86 St (1),40.788643,-73.97622,2962.0,1,22
2023-09-28,311,86 St (1),40.788643,-73.97622,305.0,0,22
2023-10-04,311,86 St (1),40.788643,-73.97622,1791.0,1,22
2023-10-17,311,86 St (1),40.788643,-73.97622,2186.0,1,22
2023-11-02,311,86 St (1),40.788643,-73.97622,413.0,0,22
2023-11-03,311,86 St (1),40.788643,-73.97622,890.0,0,22
2023-11-08,311,86 St (1),40.788643,-73.97622,1621.0,1,22
2023-11-17,311,86 St (1),40.788643,-73.97622,384.0,0,22
2023-11-23,311,86 St (1),40.788643,-73.97622,29.0,0,22
2024-01-15,311,86 St (1),40.788643,-73.97622,567.0,0,22
2024-02-29,311,86 St (1),40.788643,-73.97622,2541.0,1,22
2024-03-05,311,86 St (1),40.788643,-73.97622,2799.0,1,22
2024-04-05,311,86 St (1),40.788643,-73.97622,723.0,0,22
2024-04-16,311,86 St (1),40.788643,-73.97622,1124.0,0,22
2024-05-03,311,86 St (1),40.788643,-73.97622,850.0,0,22
2024-05-07,311,86 St (1),40.788643,-73.97622,1621.0,1,22
2024-05-17,311,86 St (1),40.788643,-73.97622,131.0,0,22
2024-05-24,311,86 St (1),40.788643,-73.97622,1043.0,0,22
2024-05-31,311,86 St (1),40.788643,-73.97622,1391.0,1,22
2024-06-03,311,86 St (1),40.788643,-73.97622,772.0,0,22
2024-06-13,311,86 St (1),40.788643,-73.97622,160.0,0,22
2024-06-18,311,86 St (1),40.788643,-73.97622,69.0,0,22
2024-06-20,311,86 St (1),40.788643,-73.97622,150.0,0,22
2024-06-21,311,86 St (1),40.788643,-73.97622,307.0,0,22
2024-06-28,311,86 St (1),40.788643,-73.97622,466.0,0,22
2024-08-28,311,86 St (1),40.788643,-73.97622,1209.0,1,22
2024-08-29,311,86 St (1),40.788643,-73.97622,15.0,0,22
2024-09-04,311,86 St (1),40.788643,-73.97622,2635.0,1,22
2024-09-05,311,86 St (1),40.788643,-73.97622,3484.0,1,22
2024-09-13,311,86 St (1),40.788643,-73.97622,1591.0,1,22
2024-09-28,311,86 St (1),40.788643,-73.97622,445.0,0,22
2024-11-21,311,86 St (1),40.788643,-73.97622,189.0,0,22
2024-11-22,311,86 St (1),40.788643,-73.97622,2788.0,1,22
2024-12-03,311,86 St (1),40.788643,-73.97622,2128.0,1,22
2024-12-13,311,86 St (1),40.788643,-73.97622,1294.0,1,22
2024-12-26,311,86 St (1),40.788643,-73.97622,455.0,0,22
2024-12-31,311,86 St (1),40.788643,-73.97622,1021.0,0,22
2021-05-21,312,79 St (1),40.783936,-73.97992,135.0,0,20
2021-05-26,312,79 St (1),40.783936,-73.97992,805.0,0,20
2021-06-10,312,79 St (1),40.783936,-73.97992,45.0,0,20
2021-06-21,312,79 St (1),40.783936,-73.97992,778.0,0,20
2021-06-30,312,79 St (1),40.783936,-73.97992,731.0,0,20
2021-08-25,312,79 St (1),40.783936,-73.97992,268.0,0,20
2021-10-19,312,79 St (1),40.783936,-73.97992,126.0,0,20
2021-10-26,312,79 St (1),40.783936,-73.97992,1201.0,1,20
2021-10-27,312,79 St (1),40.783936,-73.97992,70.0,0,20
2021-11-17,312,79 St (1),40.783936,-73.97992,267.0,0,20
2021-11-18,312,79 St (1),40.783936,-73.97992,1353.0,1,20
2021-12-16,312,79 St (1),40.783936,-73.97992,105.0,0,20
2021-12-22,312,79 St (1),40.783936,-73.97992,122.0,0,20
2022-01-04,312,79 St (1),40.783936,-73.97992,541.0,0,20
2022-01-26,312,79 St (1),40.783936,-73.97992,987.0,0,20
2022-02-07,312,79 St (1),40.783936,-73.97992,1312.0,1,20
2022-02-08,312,79 St (1),40.783936,-73.97992,1564.0,1,20
2022-02-09,312,79 St (1),40.783936,-73.97992,872.0,0,20
2022-02-10,312,79 St (1),40.783936,-73.97992,354.0,0,20
2022-02-18,312,79 St (1),40.783936,-73.97992,1098.0,0,20
2022-03-02,312,79 St (1),40.783936,-73.97992,1825.0,1,20
2022-03-08,312,79 St (1),40.783936,-73.97992,1485.0,1,20
2022-03-15,312,79 St (1),40.783936,-73.97992,1228.0,1,20
2022-03-29,312,79 St (1),40.783936,-73.97992,1587.0,1,20
2022-04-07,312,79 St (1),40.783936,-73.97992,169.0,0,20
2022-04-20,312,79 St (1),40.783936,-73.97992,126.0,0,20
2022-04-21,312,79 St (1),40.783936,-73.97992,27.0,0,20
2022-04-27,312,79 St (1),40.783936,-73.97992,835.0,0,20
2022-05-31,312,79 St (1),40.783936,-73.97992,383.0,0,20
2022-06-01,312,79 St (1),40.783936,-73.97992,1860.0,1,20
2022-06-22,312,79 St (1),40.783936,-73.97992,179.0,0,20
2022-07-18,312,79 St (1),40.783936,-73.97992,1034.0,0,20
2022-08-05,312,79 St (1),40.783936,-73.97992,23.0,0,20
2022-08-08,312,79 St (1),40.783936,-73.97992,287.0,0,20
2022-08-09,312,79 St (1),40.783936,-73.97992,259.0,0,20
2022-08-30,312,79 St (1),40.783936,-73.97992,238.0,0,20
2022-09-13,312,79 St (1),40.783936,-73.97992,2526.0,1,20
2023-05-11,312,79 St (1),40.783936,-73.97992,76.0,0,20
2023-06-14,312,79 St (1),40.783936,-73.97992,278.0,0,20
2023-09-27,312,79 St (1),40.783936,-73.97992,1062.0,0,20
2023-10-04,312,79 St (1),40.783936,-73.97992,368.0,0,20
2023-10-17,312,79 St (1),40.783936,-73.97992,2223.0,1,20
2023-11-02,312,79 St (1),40.783936,-73.97992,1179.0,1,20
2023-11-03,312,79 St (1),40.783936,-73.97992,678.0,0,20
2023-11-08,312,79 St (1),40.783936,-73.97992,724.0,0,20
2023-11-17,312,79 St (1),40.783936,-73.97992,66.0,0,20
2023-11-23,312,79 St (1),40.783936,-73.97992,63.0,0,20
2024-01-15,312,79 St (1),40.783936,-73.97992,681.0,0,20
2024-02-29,312,79 St (1),40.783936,-73.97992,308.0,0,20
2024-03-05,312,79 St (1),40.783936,-73.97992,920.0,0,20
2024-04-05,312,79 St (1),40.783936,-73.97992,1080.0,0,20
2024-04-16,312,79 St (1),40.783936,-73.97992,14.0,0,20
2024-05-03,312,79 St (1),40.783936,-73.97992,794.0,0,20
2024-05-07,312,79 St (1),40.783936,-73.97992,2276.0,1,20
2024-05-17,312,79 St (1),40.783936,-73.97992,522.0,0,20
2024-05-24,312,79 St (1),40.783936,-73.97992,883.0,0,20
2024-05-31,312,79 St (1),40.783936,-73.97992,1216.0,1,20
2024-06-03,312,79 St (1),40.783936,-73.97992,765.0,0,20
2024-06-13,312,79 St (1),40.783936,-73.97992,402.0,0,20
2024-06-18,312,79 St (1),40.783936,-73.97992,57.0,0,20
2024-06-20,312,79 St (1),40.783936,-73.97992,58.0,0,20
2024-06-21,312,79 St (1),40.783936,-73.97992,1289.0,1,20
2024-06-28,312,79 St (1),40.783936,-73.97992,1410.0,1,20
2024-08-28,312,79 St (1),40.783936,-73.97992,1425.0,1,20
2024-08-29,312,79 St (1),40.783936,-73.97992,1174.0,0,20
2024-09-04,312,79 St (1),40.783936,-73.97992,2511.0,1,20
2024-09-05,312,79 St (1),40.783936,-73.97992,2780.0,1,20
2024-09-13,312,79 St (1),40.783936,-73.97992,1731.0,1,20
2024-09-28,312,79 St (1),40.783936,-73.97992,414.0,0,20
2024-11-02,312,79 St (1),40.783936,-73.97992,141.0,0,20
2024-11-21,312,79 St (1),40.783936,-73.97992,679.0,0,20
2024-11-22,312,79 St (1),40.783936,-73.97992,643.0,0,20
2024-12-03,312,79 St (1),40.783936,-73.97992,575.0,0,20
2024-12-13,312,79 St (1),40.783936,-73.97992,768.0,0,20
2024-12-26,312,79 St (1),40.783936,-73.97992,772.0,0,20
2024-12-31,312,79 St (1),40.783936,-73.97992,808.0,0,20
2021-05-21,313,"72 St (1,2,3)",40.778454,-73.98197,349.0,0,34
2021-05-26,313,"72 St (1,2,3)",40.778454,-73.98197,1805.0,1,34
2021-06-10,313,"72 St (1,2,3)",40.778454,-73.98197,127.0,0,34
2021-06-21,313,"72 St (1,2,3)",40.778454,-73.98197,1456.0,1,34
2021-06-30,313,"72 St (1,2,3)",40.778454,-73.98197,2077.0,1,34
2021-08-25,313,"72 St (1,2,3)",40.778454,-73.98197,176.0,0,34
2021-10-19,313,"72 St (1,2,3)",40.778454,-73.98197,14.0,0,34
2021-10-26,313,"72 St (1,2,3)",40.778454,-73.98197,2770.0,1,34
2021-10-27,313,"72 St (1,2,3)",40.778454,-73.98197,89.0,0,34
2021-11-17,313,"72 St (1,2,3)",40.778454,-73.98197,574.0,0,34
2021-11-18,313,"72 St (1,2,3)",40.778454,-73.98197,2068.0,1,34
2021-12-02,313,"72 St (1,2,3)",40.778454,-73.98197,155.0,0,34
2021-12-16,313,"72 St (1,2,3)",40.778454,-73.98197,847.0,0,34
2021-12-22,313,"72 St (1,2,3)",40.778454,-73.98197,1154.0,0,34
2022-01-04,313,"72 St (1,2,3)",40.778454,-73.98197,874.0,0,34
2022-01-26,313,"72 St (1,2,3)",40.778454,-73.98197,2489.0,1,34
2022-02-07,313,"72 St (1,2,3)",40.778454,-73.98197,2092.0,1,34
2022-02-08,313,"72 St (1,2,3)",40.778454,-73.98197,2580.0,1,34
2022-02-09,313,"72 St (1,2,3)",40.778454,-73.98197,1939.0,1,34
2022-02-10,313,"72 St (1,2,3)",40.778454,-73.98197,939.0,0,34
2022-02-18,313,"72 St (1,2,3)",40.778454,-73.98197,3126.0,1,34
2022-03-02,313,"72 St (1,2,3)",40.778454,-73.98197,1888.0,1,34
2022-03-08,313,"72 St (1,2,3)",40.778454,-73.98197,3879.0,1,34
2022-03-15,313,"72 St (1,2,3)",40.778454,-73.98197,4614.0,1,34
2022-03-29,313,"72 St (1,2,3)",40.778454,-73.98197,4363.0,1,34
2022-04-07,313,"72 St (1,2,3)",40.778454,-73.98197,698.0,0,34
2022-04-20,313,"72 St (1,2,3)",40.778454,-73.98197,76.0,0,34
2022-04-27,313,"72 St (1,2,3)",40.778454,-73.98197,1876.0,1,34
2022-05-31,313,"72 St (1,2,3)",40.778454,-73.98197,7.0,0,34
2022-06-01,313,"72 St (1,2,3)",40.778454,-73.98197,5401.0,1,34
2022-07-18,313,"72 St (1,2,3)",40.778454,-73.98197,1624.0,1,34
2022-08-05,313,"72 St (1,2,3)",40.778454,-73.98197,972.0,0,34
2022-08-08,313,"72 St (1,2,3)",40.778454,-73.98197,1240.0,1,34
2022-08-09,313,"72 St (1,2,3)",40.778454,-73.98197,3694.0,1,34
2022-08-30,313,"72 St (1,2,3)",40.778454,-73.98197,1067.0,0,34
2022-09-13,313,"72 St (1,2,3)",40.778454,-73.98197,4635.0,1,34
2023-05-11,313,"72 St (1,2,3)",40.778454,-73.98197,180.0,0,34
2023-06-14,313,"72 St (1,2,3)",40.778454,-73.98197,2898.0,1,34
2023-09-27,313,"72 St (1,2,3)",40.778454,-73.98197,1591.0,1,34
2023-10-04,313,"72 St (1,2,3)",40.778454,-73.98197,1689.0,1,34
2023-10-17,313,"72 St (1,2,3)",40.778454,-73.98197,6287.0,1,34
2023-11-02,313,"72 St (1,2,3)",40.778454,-73.98197,2508.0,1,34
2023-11-03,313,"72 St (1,2,3)",40.778454,-73.98197,2115.0,1,34
2023-11-08,313,"72 St (1,2,3)",40.778454,-73.98197,3234.0,1,34
2023-11-17,313,"72 St (1,2,3)",40.778454,-73.98197,150.0,0,34
2023-11-23,313,"72 St (1,2,3)",40.778454,-73.98197,464.0,0,34
2024-01-15,313,"72 St (1,2,3)",40.778454,-73.98197,1518.0,1,34
2024-02-29,313,"72 St (1,2,3)",40.778454,-73.98197,4328.0,1,34
2024-03-05,313,"72 St (1,2,3)",40.778454,-73.98197,6766.0,1,34
2024-04-05,313,"72 St (1,2,3)",40.778454,-73.98197,1367.0,1,34
2024-04-16,313,"72 St (1,2,3)",40.778454,-73.98197,363.0,0,34
2024-05-03,313,"72 St (1,2,3)",40.778454,-73.98197,268.0,0,34
2024-05-07,313,"72 St (1,2,3)",40.778454,-73.98197,4555.0,1,34
2024-05-17,313,"72 St (1,2,3)",40.778454,-73.98197,139.0,0,34
2024-05-24,313,"72 St (1,2,3)",40.778454,-73.98197,3771.0,1,34
2024-05-31,313,"72 St (1,2,3)",40.778454,-73.98197,2746.0,1,34
2024-06-03,313,"72 St (1,2,3)",40.778454,-73.98197,3863.0,1,34
2024-06-13,313,"72 St (1,2,3)",40.778454,-73.98197,2401.0,1,34
2024-06-18,313,"72 St (1,2,3)",40.778454,-73.98197,799.0,0,34
2024-06-20,313,"72 St (1,2,3)",40.778454,-73.98197,357.0,0,34
2024-06-21,313,"72 St (1,2,3)",40.778454,-73.98197,1827.0,1,34
2024-06-28,313,"72 St (1,2,3)",40.778454,-73.98197,2081.0,1,34
2024-08-28,313,"72 St (1,2,3)",40.778454,-73.98197,4264.0,1,34
2024-08-29,313,"72 St (1,2,3)",40.778454,-73.98197,360.0,0,34
2024-09-04,313,"72 St (1,2,3)",40.778454,-73.98197,5684.0,1,34
2024-09-05,313,"72 St (1,2,3)",40.778454,-73.98197,3806.0,1,34
2024-09-13,313,"72 St (1,2,3)",40.778454,-73.98197,4405.0,1,34
2024-09-28,313,"72 St (1,2,3)",40.778454,-73.98197,1759.0,1,34
2024-11-16,313,"72 St (1,2,3)",40.778454,-73.98197,117.0,0,34
2024-11-21,313,"72 St (1,2,3)",40.778454,-73.98197,2247.0,1,34
2024-11-22,313,"72 St (1,2,3)",40.778454,-73.98197,2260.0,1,34
2024-12-03,313,"72 St (1,2,3)",40.778454,-73.98197,1308.0,1,34
2024-12-13,313,"72 St (1,2,3)",40.778454,-73.98197,3319.0,1,34
2024-12-24,313,"72 St (1,2,3)",40.778454,-73.98197,31.0,0,34
2024-12-26,313,"72 St (1,2,3)",40.778454,-73.98197,1450.0,1,34
2024-12-31,313,"72 St (1,2,3)",40.778454,-73.98197,1272.0,1,34
2021-05-21,314,66 St-Lincoln Center (1),40.77344,-73.98221,141.0,0,18
2021-05-26,314,66 St-Lincoln Center (1),40.77344,-73.98221,556.0,0,18
2021-06-10,314,66 St-Lincoln Center (1),40.77344,-73.98221,63.0,0,18
2021-06-21,314,66 St-Lincoln Center (1),40.77344,-73.98221,700.0,0,18
2021-06-30,314,66 St-Lincoln Center (1),40.77344,-73.98221,686.0,0,18
2021-08-25,314,66 St-Lincoln Center (1),40.77344,-73.98221,227.0,0,18
2021-10-15,314,66 St-Lincoln Center (1),40.77344,-73.98221,249.0,0,18
2021-10-19,314,66 St-Lincoln Center (1),40.77344,-73.98221,42.0,0,18
2021-10-26,314,66 St-Lincoln Center (1),40.77344,-73.98221,908.0,0,18
2021-10-27,314,66 St-Lincoln Center (1),40.77344,-73.98221,211.0,0,18
2021-11-17,314,66 St-Lincoln Center (1),40.77344,-73.98221,369.0,0,18
2021-11-18,314,66 St-Lincoln Center (1),40.77344,-73.98221,1559.0,1,18
2021-12-22,314,66 St-Lincoln Center (1),40.77344,-73.98221,106.0,0,18
2022-01-04,314,66 St-Lincoln Center (1),40.77344,-73.98221,226.0,0,18
2022-01-26,314,66 St-Lincoln Center (1),40.77344,-73.98221,805.0,0,18
2022-02-07,314,66 St-Lincoln Center (1),40.77344,-73.98221,640.0,0,18
2022-02-08,314,66 St-Lincoln Center (1),40.77344,-73.98221,525.0,0,18
2022-02-09,314,66 St-Lincoln Center (1),40.77344,-73.98221,722.0,0,18
2022-02-10,314,66 St-Lincoln Center (1),40.77344,-73.98221,175.0,0,18
2022-02-18,314,66 St-Lincoln Center (1),40.77344,-73.98221,1260.0,1,18
2022-03-02,314,66 St-Lincoln Center (1),40.77344,-73.98221,777.0,0,18
2022-03-08,314,66 St-Lincoln Center (1),40.77344,-73.98221,1124.0,0,18
2022-03-15,314,66 St-Lincoln Center (1),40.77344,-73.98221,1351.0,1,18
2022-03-29,314,66 St-Lincoln Center (1),40.77344,-73.98221,1731.0,1,18
2022-04-07,314,66 St-Lincoln Center (1),40.77344,-73.98221,41.0,0,18
2022-04-20,314,66 St-Lincoln Center (1),40.77344,-73.98221,145.0,0,18
2022-04-27,314,66 St-Lincoln Center (1),40.77344,-73.98221,1133.0,0,18
2022-05-31,314,66 St-Lincoln Center (1),40.77344,-73.98221,443.0,0,18
2022-06-01,314,66 St-Lincoln Center (1),40.77344,-73.98221,1733.0,1,18
2022-07-18,314,66 St-Lincoln Center (1),40.77344,-73.98221,370.0,0,18
2022-08-05,314,66 St-Lincoln Center (1),40.77344,-73.98221,351.0,0,18
2022-08-08,314,66 St-Lincoln Center (1),40.77344,-73.98221,43.0,0,18
2022-08-09,314,66 St-Lincoln Center (1),40.77344,-73.98221,1106.0,0,18
2022-08-30,314,66 St-Lincoln Center (1),40.77344,-73.98221,120.0,0,18
2022-09-13,314,66 St-Lincoln Center (1),40.77344,-73.98221,1771.0,1,18
2023-05-11,314,66 St-Lincoln Center (1),40.77344,-73.98221,40.0,0,18
2023-06-14,314,66 St-Lincoln Center (1),40.77344,-73.98221,277.0,0,18
2023-09-27,314,66 St-Lincoln Center (1),40.77344,-73.98221,1614.0,1,18
2023-10-04,314,66 St-Lincoln Center (1),40.77344,-73.98221,406.0,0,18
2023-10-17,314,66 St-Lincoln Center (1),40.77344,-73.98221,1513.0,1,18
2023-11-02,314,66 St-Lincoln Center (1),40.77344,-73.98221,972.0,0,18
2023-11-03,314,66 St-Lincoln Center (1),40.77344,-73.98221,343.0,0,18
2023-11-08,314,66 St-Lincoln Center (1),40.77344,-73.98221,1192.0,1,18
2023-11-23,314,66 St-Lincoln Center (1),40.77344,-73.98221,31.0,0,18
2024-01-15,314,66 St-Lincoln Center (1),40.77344,-73.98221,443.0,0,18
2024-02-29,314,66 St-Lincoln Center (1),40.77344,-73.98221,564.0,0,18
2024-03-05,314,66 St-Lincoln Center (1),40.77344,-73.98221,2759.0,1,18
2024-04-05,314,66 St-Lincoln Center (1),40.77344,-73.98221,282.0,0,18
2024-04-16,314,66 St-Lincoln Center (1),40.77344,-73.98221,61.0,0,18
2024-05-03,314,66 St-Lincoln Center (1),40.77344,-73.98221,767.0,0,18
2024-05-07,314,66 St-Lincoln Center (1),40.77344,-73.98221,929.0,0,18
2024-05-17,314,66 St-Lincoln Center (1),40.77344,-73.98221,45.0,0,18
2024-05-24,314,66 St-Lincoln Center (1),40.77344,-73.98221,1012.0,0,18
2024-05-31,314,66 St-Lincoln Center (1),40.77344,-73.98221,670.0,0,18
2024-06-03,314,66 St-Lincoln Center (1),40.77344,-73.98221,1535.0,1,18
2024-06-13,314,66 St-Lincoln Center (1),40.77344,-73.98221,297.0,0,18
2024-06-18,314,66 St-Lincoln Center (1),40.77344,-73.98221,845.0,0,18
2024-06-20,314,66 St-Lincoln Center (1),40.77344,-73.98221,45.0,0,18
2024-06-21,314,66 St-Lincoln Center (1),40.77344,-73.98221,466.0,0,18
2024-06-28,314,66 St-Lincoln Center (1),40.77344,-73.98221,325.0,0,18
2024-08-28,314,66 St-Lincoln Center (1),40.77344,-73.98221,832.0,0,18
2024-08-29,314,66 St-Lincoln Center (1),40.77344,-73.98221,22.0,0,18
2024-09-04,314,66 St-Lincoln Center (1),40.77344,-73.98221,1340.0,1,18
2024-09-05,314,66 St-Lincoln Center (1),40.77344,-73.98221,2122.0,1,18
2024-09-13,314,66 St-Lincoln Center (1),40.77344,-73.98221,1630.0,1,18
2024-09-28,314,66 St-Lincoln Center (1),40.77344,-73.98221,675.0,0,18
2024-10-14,314,66 St-Lincoln Center (1),40.77344,-73.98221,42.0,0,18
2024-11-21,314,66 St-Lincoln Center (1),40.77344,-73.98221,245.0,0,18
2024-11-22,314,66 St-Lincoln Center (1),40.77344,-73.98221,1315.0,1,18
2024-12-03,314,66 St-Lincoln Center (1),40.77344,-73.98221,375.0,0,18
2024-12-13,314,66 St-Lincoln Center (1),40.77344,-73.98221,536.0,0,18
2024-12-26,314,66 St-Lincoln Center (1),40.77344,-73.98221,523.0,0,18
2024-12-31,314,66 St-Lincoln Center (1),40.77344,-73.98221,641.0,0,18
2021-05-21,316,50 St (1),40.761726,-73.98385,99.0,0,75
2021-05-26,316,50 St (1),40.761726,-73.98385,516.0,0,75
2021-06-21,316,50 St (1),40.761726,-73.98385,675.0,0,75
2021-06-30,316,50 St (1),40.761726,-73.98385,774.0,0,75
2021-08-25,316,50 St (1),40.761726,-73.98385,361.0,0,75
2021-10-15,316,50 St (1),40.761726,-73.98385,76.0,0,75
2021-10-26,316,50 St (1),40.761726,-73.98385,756.0,0,75
2021-11-17,316,50 St (1),40.761726,-73.98385,89.0,0,75
2021-11-18,316,50 St (1),40.761726,-73.98385,588.0,0,75
2021-12-02,316,50 St (1),40.761726,-73.98385,22.0,0,75
2021-12-16,316,50 St (1),40.761726,-73.98385,311.0,0,75
2021-12-22,316,50 St (1),40.761726,-73.98385,344.0,0,75
2022-01-04,316,50 St (1),40.761726,-73.98385,311.0,0,75
2022-01-26,316,50 St (1),40.761726,-73.98385,704.0,0,75
2022-02-07,316,50 St (1),40.761726,-73.98385,707.0,0,75
2022-02-08,316,50 St (1),40.761726,-73.98385,875.0,0,75
2022-02-09,316,50 St (1),40.761726,-73.98385,348.0,0,75
2022-02-10,316,50 St (1),40.761726,-73.98385,232.0,0,75
2022-02-18,316,50 St (1),40.761726,-73.98385,968.0,0,75
2022-03-02,316,50 St (1),40.761726,-73.98385,875.0,0,75
2022-03-08,316,50 St (1),40.761726,-73.98385,1056.0,0,75
2022-03-15,316,50 St (1),40.761726,-73.98385,1121.0,0,75
2022-03-29,316,50 St (1),40.761726,-73.98385,1455.0,1,75
2022-04-07,316,50 St (1),40.761726,-73.98385,227.0,0,75
2022-04-20,316,50 St (1),40.761726,-73.98385,111.0,0,75
2022-04-27,316,50 St (1),40.761726,-73.98385,1044.0,0,75
2022-05-31,316,50 St (1),40.761726,-73.98385,287.0,0,75
2022-06-01,316,50 St (1),40.761726,-73.98385,1318.0,1,75
2022-07-18,316,50 St (1),40.761726,-73.98385,506.0,0,75
2022-08-05,316,50 St (1),40.761726,-73.98385,764.0,0,75
2022-08-08,316,50 St (1),40.761726,-73.98385,385.0,0,75
2022-08-09,316,50 St (1),40.761726,-73.98385,1185.0,1,75
2022-08-30,316,50 St (1),40.761726,-73.98385,591.0,0,75
2022-09-13,316,50 St (1),40.761726,-73.98385,819.0,0,75
2023-05-11,316,50 St (1),40.761726,-73.98385,476.0,0,75
2023-06-14,316,50 St (1),40.761726,-73.98385,450.0,0,75
2023-09-27,316,50 St (1),40.761726,-73.98385,842.0,0,75
2023-10-04,316,50 St (1),40.761726,-73.98385,510.0,0,75
2023-10-17,316,50 St (1),40.761726,-73.98385,1226.0,1,75
2023-11-02,316,50 St (1),40.761726,-73.98385,829.0,0,75
2023-11-03,316,50 St (1),40.761726,-73.98385,1151.0,0,75
2023-11-08,316,50 St (1),40.761726,-73.98385,752.0,0,75
2023-11-23,316,50 St (1),40.761726,-73.98385,216.0,0,75
2024-01-15,316,50 St (1),40.761726,-73.98385,487.0,0,75
2024-02-29,316,50 St (1),40.761726,-73.98385,882.0,0,75
2024-03-05,316,50 St (1),40.761726,-73.98385,514.0,0,75
2024-04-05,316,50 St (1),40.761726,-73.98385,187.0,0,75
2024-04-16,316,50 St (1),40.761726,-73.98385,12.0,0,75
2024-05-03,316,50 St (1),40.761726,-73.98385,489.0,0,75
2024-05-07,316,50 St (1),40.761726,-73.98385,597.0,0,75
2024-05-17,316,50 St (1),40.761726,-73.98385,178.0,0,75
2024-05-24,316,50 St (1),40.761726,-73.98385,847.0,0,75
2024-05-31,316,50 St (1),40.761726,-73.98385,1162.0,0,75
2024-06-03,316,50 St (1),40.761726,-73.98385,1988.0,1,75
2024-06-13,316,50 St (1),40.761726,-73.98385,252.0,0,75
2024-06-18,316,50 St (1),40.761726,-73.98385,196.0,0,75
2024-06-20,316,50 St (1),40.761726,-73.98385,557.0,0,75
2024-06-21,316,50 St (1),40.761726,-73.98385,1270.0,1,75
2024-06-28,316,50 St (1),40.761726,-73.98385,874.0,0,75
2024-08-28,316,50 St (1),40.761726,-73.98385,1110.0,0,75
2024-08-29,316,50 St (1),40.761726,-73.98385,429.0,0,75
2024-09-04,316,50 St (1),40.761726,-73.98385,1191.0,1,75
2024-09-05,316,50 St (1),40.761726,-73.98385,1587.0,1,75
2024-09-13,316,50 St (1),40.761726,-73.98385,882.0,0,75
2024-09-28,316,50 St (1),40.761726,-73.98385,209.0,0,75
2024-11-21,316,50 St (1),40.761726,-73.98385,105.0,0,75
2024-11-22,316,50 St (1),40.761726,-73.98385,590.0,0,75
2024-12-03,316,50 St (1),40.761726,-73.98385,413.0,0,75
2024-12-07,316,50 St (1),40.761726,-73.98385,7.0,0,75
2024-12-13,316,50 St (1),40.761726,-73.98385,332.0,0,75
2024-12-26,316,50 St (1),40.761726,-73.98385,695.0,0,75
2024-12-31,316,50 St (1),40.761726,-73.98385,982.0,0,75
2021-05-21,318,"34 St-Penn Station (1,2,3)",40.750374,-73.99106,412.0,0,87
2021-05-26,318,"34 St-Penn Station (1,2,3)",40.750374,-73.99106,6629.0,1,87
2021-06-10,318,"34 St-Penn Station (1,2,3)",40.750374,-73.99106,225.0,0,87
2021-06-21,318,"34 St-Penn Station (1,2,3)",40.750374,-73.99106,4880.0,1,87
2021-06-30,318,"34 St-Penn Station (1,2,3)",40.750374,-73.99106,4498.0,1,87
2021-08-25,318,"34 St-Penn Station (1,2,3)",40.750374,-73.99106,1944.0,1,87
2021-10-15,318,"34 St-Penn Station (1,2,3)",40.750374,-73.99106,1773.0,1,87
2021-10-26,318,"34 St-Penn Station (1,2,3)",40.750374,-73.99106,6926.0,1,87
2021-11-17,318,"34 St-Penn Station (1,2,3)",40.750374,-73.99106,1651.0,1,87
2021-11-18,318,"34 St-Penn Station (1,2,3)",40.750374,-73.99106,12124.0,1,87
2021-12-02,318,"34 St-Penn Station (1,2,3)",40.750374,-73.99106,761.0,0,87
2021-12-16,318,"34 St-Penn Station (1,2,3)",40.750374,-73.99106,31.0,0,87
2021-12-22,318,"34 St-Penn Station (1,2,3)",40.750374,-73.99106,361.0,0,87
2022-01-04,318,"34 St-Penn Station (1,2,3)",40.750374,-73.99106,2679.0,1,87
2022-01-26,318,"34 St-Penn Station (1,2,3)",40.750374,-73.99106,7195.0,1,87
2022-02-07,318,"34 St-Penn Station (1,2,3)",40.750374,-73.99106,5281.0,1,87
2022-02-08,318,"34 St-Penn Station (1,2,3)",40.750374,-73.99106,4438.0,1,87
2022-02-09,318,"34 St-Penn Station (1,2,3)",40.750374,-73.99106,7446.0,1,87
2022-02-10,318,"34 St-Penn Station (1,2,3)",40.750374,-73.99106,3044.0,1,87
2022-02-18,318,"34 St-Penn Station (1,2,3)",40.750374,-73.99106,4474.0,1,87
2022-03-02,318,"34 St-Penn Station (1,2,3)",40.750374,-73.99106,10973.0,1,87
2022-03-08,318,"34 St-Penn Station (1,2,3)",40.750374,-73.99106,8138.0,1,87
2022-03-15,318,"34 St-Penn Station (1,2,3)",40.750374,-73.99106,13308.0,1,87
2022-03-29,318,"34 St-Penn Station (1,2,3)",40.750374,-73.99106,7902.0,1,87
2022-04-20,318,"34 St-Penn Station (1,2,3)",40.750374,-73.99106,1389.0,1,87
2022-04-21,318,"34 St-Penn Station (1,2,3)",40.750374,-73.99106,190.0,0,87
2022-04-27,318,"34 St-Penn Station (1,2,3)",40.750374,-73.99106,3793.0,1,87
2022-05-31,318,"34 St-Penn Station (1,2,3)",40.750374,-73.99106,2256.0,1,87
2022-06-01,318,"34 St-Penn Station (1,2,3)",40.750374,-73.99106,9501.0,1,87
2022-07-18,318,"34 St-Penn Station (1,2,3)",40.750374,-73.99106,9860.0,1,87
2022-08-05,318,"34 St-Penn Station (1,2,3)",40.750374,-73.99106,2155.0,1,87
2022-08-08,318,"34 St-Penn Station (1,2,3)",40.750374,-73.99106,2353.0,1,87
2022-08-09,318,"34 St-Penn Station (1,2,3)",40.750374,-73.99106,11280.0,1,87
2022-08-30,318,"34 St-Penn Station (1,2,3)",40.750374,-73.99106,9343.0,1,87
2022-09-13,318,"34 St-Penn Station (1,2,3)",40.750374,-73.99106,14835.0,1,87
2023-05-11,318,"34 St-Penn Station (1,2,3)",40.750374,-73.99106,715.0,0,87
2023-06-14,318,"34 St-Penn Station (1,2,3)",40.750374,-73.99106,6592.0,1,87
2023-09-27,318,"34 St-Penn Station (1,2,3)",40.750374,-73.99106,11542.0,1,87
2023-10-04,318,"34 St-Penn Station (1,2,3)",40.750374,-73.99106,8138.0,1,87
2023-10-17,318,"34 St-Penn Station (1,2,3)",40.750374,-73.99106,11768.0,1,87
2023-11-02,318,"34 St-Penn Station (1,2,3)",40.750374,-73.99106,7005.0,1,87
2023-11-03,318,"34 St-Penn Station (1,2,3)",40.750374,-73.99106,2809.0,1,87
2023-11-08,318,"34 St-Penn Station (1,2,3)",40.750374,-73.99106,7048.0,1,87
2024-01-15,318,"34 St-Penn Station (1,2,3)",40.750374,-73.99106,3060.0,1,87
2024-02-29,318,"34 St-Penn Station (1,2,3)",40.750374,-73.99106,15969.0,1,87
2024-03-05,318,"34 St-Penn Station (1,2,3)",40.750374,-73.99106,11728.0,1,87
2024-04-05,318,"34 St-Penn Station (1,2,3)",40.750374,-73.99106,4017.0,1,87
2024-04-16,318,"34 St-Penn Station (1,2,3)",40.750374,-73.99106,409.0,0,87
2024-05-03,318,"34 St-Penn Station (1,2,3)",40.750374,-73.99106,811.0,0,87
2024-05-07,318,"34 St-Penn Station (1,2,3)",40.750374,-73.99106,15417.0,1,87
2024-05-17,318,"34 St-Penn Station (1,2,3)",40.750374,-73.99106,1647.0,1,87
2024-05-24,318,"34 St-Penn Station (1,2,3)",40.750374,-73.99106,3617.0,1,87
2024-05-31,318,"34 St-Penn Station (1,2,3)",40.750374,-73.99106,8292.0,1,87
2024-06-03,318,"34 St-Penn Station (1,2,3)",40.750374,-73.99106,6662.0,1,87
2024-06-13,318,"34 St-Penn Station (1,2,3)",40.750374,-73.99106,5844.0,1,87
2024-06-18,318,"34 St-Penn Station (1,2,3)",40.750374,-73.99106,2575.0,1,87
2024-06-20,318,"34 St-Penn Station (1,2,3)",40.750374,-73.99106,137.0,0,87
2024-06-21,318,"34 St-Penn Station (1,2,3)",40.750374,-73.99106,7185.0,1,87
2024-06-28,318,"34 St-Penn Station (1,2,3)",40.750374,-73.99106,7055.0,1,87
2024-08-28,318,"34 St-Penn Station (1,2,3)",40.750374,-73.99106,9500.0,1,87
2024-08-29,318,"34 St-Penn Station (1,2,3)",40.750374,-73.99106,2229.0,1,87
2024-09-04,318,"34 St-Penn Station (1,2,3)",40.750374,-73.99106,5933.0,1,87
2024-09-05,318,"34 St-Penn Station (1,2,3)",40.750374,-73.99106,14100.0,1,87
2024-09-13,318,"34 St-Penn Station (1,2,3)",40.750374,-73.99106,8167.0,1,87
2024-09-28,318,"34 St-Penn Station (1,2,3)",40.750374,-73.99106,2904.0,1,87
2024-10-14,318,"34 St-Penn Station (1,2,3)",40.750374,-73.99106,39.0,0,87
2024-11-21,318,"34 St-Penn Station (1,2,3)",40.750374,-73.99106,2346.0,1,87
2024-11-22,318,"34 St-Penn Station (1,2,3)",40.750374,-73.99106,2960.0,1,87
2024-12-03,318,"34 St-Penn Station (1,2,3)",40.750374,-73.99106,937.0,0,87
2024-12-13,318,"34 St-Penn Station (1,2,3)",40.750374,-73.99106,11317.0,1,87
2024-12-26,318,"34 St-Penn Station (1,2,3)",40.750374,-73.99106,4866.0,1,87
2024-12-31,318,"34 St-Penn Station (1,2,3)",40.750374,-73.99106,3934.0,1,87
2021-05-21,319,28 St (1),40.747215,-73.99336,107.0,0,48
2021-05-26,319,28 St (1),40.747215,-73.99336,434.0,0,48
2021-06-10,319,28 St (1),40.747215,-73.99336,47.0,0,48
2021-06-21,319,28 St (1),40.747215,-73.99336,469.0,0,48
2021-06-30,319,28 St (1),40.747215,-73.99336,418.0,0,48
2021-08-25,319,28 St (1),40.747215,-73.99336,139.0,0,48
2021-10-15,319,28 St (1),40.747215,-73.99336,12.0,0,48
2021-10-26,319,28 St (1),40.747215,-73.99336,570.0,0,48
2021-10-27,319,28 St (1),40.747215,-73.99336,108.0,0,48
2021-11-17,319,28 St (1),40.747215,-73.99336,90.0,0,48
2021-11-18,319,28 St (1),40.747215,-73.99336,655.0,0,48
2021-12-02,319,28 St (1),40.747215,-73.99336,4.0,0,48
2021-12-16,319,28 St (1),40.747215,-73.99336,136.0,0,48
2021-12-22,319,28 St (1),40.747215,-73.99336,72.0,0,48
2022-01-04,319,28 St (1),40.747215,-73.99336,191.0,0,48
2022-01-26,319,28 St (1),40.747215,-73.99336,482.0,0,48
2022-02-07,319,28 St (1),40.747215,-73.99336,488.0,0,48
2022-02-08,319,28 St (1),40.747215,-73.99336,661.0,0,48
2022-02-09,319,28 St (1),40.747215,-73.99336,220.0,0,48
2022-02-10,319,28 St (1),40.747215,-73.99336,173.0,0,48
2022-02-18,319,28 St (1),40.747215,-73.99336,478.0,0,48
2022-03-02,319,28 St (1),40.747215,-73.99336,655.0,0,48
2022-03-08,319,28 St (1),40.747215,-73.99336,545.0,0,48
2022-03-15,319,28 St (1),40.747215,-73.99336,940.0,0,48
2022-03-29,319,28 St (1),40.747215,-73.99336,992.0,0,48
2022-04-07,319,28 St (1),40.747215,-73.99336,104.0,0,48
2022-04-20,319,28 St (1),40.747215,-73.99336,29.0,0,48
2022-04-21,319,28 St (1),40.747215,-73.99336,31.0,0,48
2022-04-27,319,28 St (1),40.747215,-73.99336,1182.0,1,48
2022-05-31,319,28 St (1),40.747215,-73.99336,185.0,0,48
2022-06-01,319,28 St (1),40.747215,-73.99336,1177.0,0,48
2022-07-18,319,28 St (1),40.747215,-73.99336,660.0,0,48
2022-08-05,319,28 St (1),40.747215,-73.99336,351.0,0,48
2022-08-08,319,28 St (1),40.747215,-73.99336,99.0,0,48
2022-08-09,319,28 St (1),40.747215,-73.99336,887.0,0,48
2022-08-30,319,28 St (1),40.747215,-73.99336,113.0,0,48
2022-09-13,319,28 St (1),40.747215,-73.99336,1309.0,1,48
2023-05-11,319,28 St (1),40.747215,-73.99336,12.0,0,48
2023-06-14,319,28 St (1),40.747215,-73.99336,815.0,0,48
2023-09-27,319,28 St (1),40.747215,-73.99336,654.0,0,48
2023-10-04,319,28 St (1),40.747215,-73.99336,100.0,0,48
2023-10-17,319,28 St (1),40.747215,-73.99336,741.0,0,48
2023-11-02,319,28 St (1),40.747215,-73.99336,288.0,0,48
2023-11-03,319,28 St (1),40.747215,-73.99336,309.0,0,48
2023-11-08,319,28 St (1),40.747215,-73.99336,1039.0,0,48
2023-11-23,319,28 St (1),40.747215,-73.99336,2.0,0,48
2024-01-15,319,28 St (1),40.747215,-73.99336,641.0,0,48
2024-02-29,319,28 St (1),40.747215,-73.99336,75.0,0,48
2024-03-05,319,28 St (1),40.747215,-73.99336,1348.0,1,48
2024-04-05,319,28 St (1),40.747215,-73.99336,841.0,0,48
2024-04-16,319,28 St (1),40.747215,-73.99336,155.0,0,48
2024-05-03,319,28 St (1),40.747215,-73.99336,874.0,0,48
2024-05-07,319,28 St (1),40.747215,-73.99336,1429.0,1,48
2024-05-17,319,28 St (1),40.747215,-73.99336,98.0,0,48
2024-05-24,319,28 St (1),40.747215,-73.99336,1402.0,1,48
2024-05-31,319,28 St (1),40.747215,-73.99336,592.0,0,48
2024-06-03,319,28 St (1),40.747215,-73.99336,681.0,0,48
2024-06-13,319,28 St (1),40.747215,-73.99336,171.0,0,48
2024-06-18,319,28 St (1),40.747215,-73.99336,10.0,0,48
2024-06-20,319,28 St (1),40.747215,-73.99336,855.0,0,48
2024-06-21,319,28 St (1),40.747215,-73.99336,1171.0,0,48
2024-06-28,319,28 St (1),40.747215,-73.99336,510.0,0,48
2024-08-28,319,28 St (1),40.747215,-73.99336,470.0,0,48
2024-08-29,319,28 St (1),40.747215,-73.99336,81.0,0,48
2024-09-04,319,28 St (1),40.747215,-73.99336,557.0,0,48
2024-09-05,319,28 St (1),40.747215,-73.99336,1195.0,1,48
2024-09-13,319,28 St (1),40.747215,-73.99336,626.0,0,48
2024-09-28,319,28 St (1),40.747215,-73.99336,544.0,0,48
2024-11-16,319,28 St (1),40.747215,-73.99336,7.0,0,48
2024-11-21,319,28 St (1),40.747215,-73.99336,55.0,0,48
2024-11-22,319,28 St (1),40.747215,-73.99336,1063.0,0,48
2024-12-03,319,28 St (1),40.747215,-73.99336,738.0,0,48
2024-12-13,319,28 St (1),40.747215,-73.99336,905.0,0,48
2024-12-26,319,28 St (1),40.747215,-73.99336,562.0,0,48
2024-12-31,319,28 St (1),40.747215,-73.99336,983.0,0,48
2021-05-21,320,23 St (1),40.74408,-73.99566,36.0,0,47
2021-05-26,320,23 St (1),40.74408,-73.99566,286.0,0,47
2021-06-10,320,23 St (1),40.74408,-73.99566,61.0,0,47
2021-06-21,320,23 St (1),40.74408,-73.99566,517.0,0,47
2021-06-30,320,23 St (1),40.74408,-73.99566,435.0,0,47
2021-08-25,320,23 St (1),40.74408,-73.99566,141.0,0,47
2021-10-15,320,23 St (1),40.74408,-73.99566,109.0,0,47
2021-10-19,320,23 St (1),40.74408,-73.99566,36.0,0,47
2021-10-26,320,23 St (1),40.74408,-73.99566,830.0,0,47
2021-11-17,320,23 St (1),40.74408,-73.99566,182.0,0,47
2021-11-18,320,23 St (1),40.74408,-73.99566,762.0,0,47
2021-12-02,320,23 St (1),40.74408,-73.99566,22.0,0,47
2021-12-16,320,23 St (1),40.74408,-73.99566,48.0,0,47
2021-12-22,320,23 St (1),40.74408,-73.99566,263.0,0,47
2022-01-04,320,23 St (1),40.74408,-73.99566,380.0,0,47
2022-01-26,320,23 St (1),40.74408,-73.99566,579.0,0,47
2022-02-07,320,23 St (1),40.74408,-73.99566,797.0,0,47
2022-02-08,320,23 St (1),40.74408,-73.99566,522.0,0,47
2022-02-09,320,23 St (1),40.74408,-73.99566,598.0,0,47
2022-02-10,320,23 St (1),40.74408,-73.99566,267.0,0,47
2022-02-18,320,23 St (1),40.74408,-73.99566,743.0,0,47
2022-03-02,320,23 St (1),40.74408,-73.99566,744.0,0,47
2022-03-08,320,23 St (1),40.74408,-73.99566,482.0,0,47
2022-03-15,320,23 St (1),40.74408,-73.99566,918.0,0,47
2022-03-29,320,23 St (1),40.74408,-73.99566,1152.0,0,47
2022-04-07,320,23 St (1),40.74408,-73.99566,115.0,0,47
2022-04-27,320,23 St (1),40.74408,-73.99566,1164.0,0,47
2022-05-31,320,23 St (1),40.74408,-73.99566,485.0,0,47
2022-06-01,320,23 St (1),40.74408,-73.99566,1093.0,0,47
2022-07-18,320,23 St (1),40.74408,-73.99566,716.0,0,47
2022-08-05,320,23 St (1),40.74408,-73.99566,376.0,0,47
2022-08-08,320,23 St (1),40.74408,-73.99566,300.0,0,47
2022-08-09,320,23 St (1),40.74408,-73.99566,418.0,0,47
2022-08-30,320,23 St (1),40.74408,-73.99566,914.0,0,47
2022-09-13,320,23 St (1),40.74408,-73.99566,937.0,0,47
2023-05-11,320,23 St (1),40.74408,-73.99566,41.0,0,47
2023-06-14,320,23 St (1),40.74408,-73.99566,213.0,0,47
2023-09-27,320,23 St (1),40.74408,-73.99566,847.0,0,47
2023-10-04,320,23 St (1),40.74408,-73.99566,94.0,0,47
2023-10-17,320,23 St (1),40.74408,-73.99566,1271.0,1,47
2023-11-02,320,23 St (1),40.74408,-73.99566,1258.0,1,47
2023-11-03,320,23 St (1),40.74408,-73.99566,442.0,0,47
2023-11-08,320,23 St (1),40.74408,-73.99566,354.0,0,47
2024-01-15,320,23 St (1),40.74408,-73.99566,590.0,0,47
2024-02-29,320,23 St (1),40.74408,-73.99566,359.0,0,47
2024-03-05,320,23 St (1),40.74408,-73.99566,1288.0,1,47
2024-04-05,320,23 St (1),40.74408,-73.99566,502.0,0,47
2024-05-03,320,23 St (1),40.74408,-73.99566,562.0,0,47
2024-05-07,320,23 St (1),40.74408,-73.99566,1451.0,1,47
2024-05-17,320,23 St (1),40.74408,-73.99566,42.0,0,47
2024-05-24,320,23 St (1),40.74408,-73.99566,914.0,0,47
2024-05-31,320,23 St (1),40.74408,-73.99566,514.0,0,47
2024-06-03,320,23 St (1),40.74408,-73.99566,521.0,0,47
2024-06-13,320,23 St (1),40.74408,-73.99566,818.0,0,47
2024-06-18,320,23 St (1),40.74408,-73.99566,202.0,0,47
2024-06-20,320,23 St (1),40.74408,-73.99566,241.0,0,47
2024-06-21,320,23 St (1),40.74408,-73.99566,745.0,0,47
2024-06-28,320,23 St (1),40.74408,-73.99566,144.0,0,47
2024-08-28,320,23 St (1),40.74408,-73.99566,1245.0,1,47
2024-08-29,320,23 St (1),40.74408,-73.99566,27.0,0,47
2024-09-04,320,23 St (1),40.74408,-73.99566,1760.0,1,47
2024-09-05,320,23 St (1),40.74408,-73.99566,1579.0,1,47
2024-09-13,320,23 St (1),40.74408,-73.99566,775.0,0,47
2024-09-28,320,23 St (1),40.74408,-73.99566,403.0,0,47
2024-11-21,320,23 St (1),40.74408,-73.99566,288.0,0,47
2024-11-22,320,23 St (1),40.74408,-73.99566,690.0,0,47
2024-12-03,320,23 St (1),40.74408,-73.99566,34.0,0,47
2024-12-13,320,23 St (1),40.74408,-73.99566,717.0,0,47
2024-12-26,320,23 St (1),40.74408,-73.99566,438.0,0,47
2024-12-31,320,23 St (1),40.74408,-73.99566,601.0,0,47
2021-05-21,321,18 St (1),40.74104,-73.99787,10.0,0,39
2021-05-26,321,18 St (1),40.74104,-73.99787,176.0,0,39
2021-06-10,321,18 St (1),40.74104,-73.99787,27.0,0,39
2021-06-21,321,18 St (1),40.74104,-73.99787,243.0,0,39
2021-06-30,321,18 St (1),40.74104,-73.99787,300.0,0,39
2021-08-25,321,18 St (1),40.74104,-73.99787,9.0,0,39
2021-10-19,321,18 St (1),40.74104,-73.99787,113.0,0,39
2021-10-26,321,18 St (1),40.74104,-73.99787,458.0,0,39
2021-10-27,321,18 St (1),40.74104,-73.99787,10.0,0,39
2021-11-17,321,18 St (1),40.74104,-73.99787,89.0,0,39
2021-11-18,321,18 St (1),40.74104,-73.99787,435.0,0,39
2021-12-02,321,18 St (1),40.74104,-73.99787,17.0,0,39
2021-12-16,321,18 St (1),40.74104,-73.99787,78.0,0,39
2021-12-22,321,18 St (1),40.74104,-73.99787,110.0,0,39
2022-01-04,321,18 St (1),40.74104,-73.99787,51.0,0,39
2022-01-26,321,18 St (1),40.74104,-73.99787,321.0,0,39
2022-02-07,321,18 St (1),40.74104,-73.99787,228.0,0,39
2022-02-08,321,18 St (1),40.74104,-73.99787,392.0,0,39
2022-02-09,321,18 St (1),40.74104,-73.99787,242.0,0,39
2022-02-10,321,18 St (1),40.74104,-73.99787,61.0,0,39
2022-02-18,321,18 St (1),40.74104,-73.99787,402.0,0,39
2022-03-02,321,18 St (1),40.74104,-73.99787,364.0,0,39
2022-03-08,321,18 St (1),40.74104,-73.99787,402.0,0,39
2022-03-15,321,18 St (1),40.74104,-73.99787,513.0,0,39
2022-03-29,321,18 St (1),40.74104,-73.99787,524.0,0,39
2022-04-20,321,18 St (1),40.74104,-73.99787,37.0,0,39
2022-04-21,321,18 St (1),40.74104,-73.99787,39.0,0,39
2022-04-27,321,18 St (1),40.74104,-73.99787,302.0,0,39
2022-05-31,321,18 St (1),40.74104,-73.99787,118.0,0,39
2022-06-01,321,18 St (1),40.74104,-73.99787,541.0,0,39
2022-07-18,321,18 St (1),40.74104,-73.99787,540.0,0,39
2022-08-05,321,18 St (1),40.74104,-73.99787,30.0,0,39
2022-08-08,321,18 St (1),40.74104,-73.99787,167.0,0,39
2022-08-09,321,18 St (1),40.74104,-73.99787,614.0,0,39
2022-08-30,321,18 St (1),40.74104,-73.99787,146.0,0,39
2022-09-13,321,18 St (1),40.74104,-73.99787,753.0,0,39
2023-05-11,321,18 St (1),40.74104,-73.99787,154.0,0,39
2023-06-14,321,18 St (1),40.74104,-73.99787,349.0,0,39
2023-09-27,321,18 St (1),40.74104,-73.99787,361.0,0,39
2023-10-04,321,18 St (1),40.74104,-73.99787,91.0,0,39
2023-10-17,321,18 St (1),40.74104,-73.99787,979.0,0,39
2023-11-02,321,18 St (1),40.74104,-73.99787,498.0,0,39
2023-11-03,321,18 St (1),40.74104,-73.99787,231.0,0,39
2023-11-08,321,18 St (1),40.74104,-73.99787,981.0,0,39
2023-11-23,321,18 St (1),40.74104,-73.99787,7.0,0,39
2024-01-15,321,18 St (1),40.74104,-73.99787,259.0,0,39
2024-02-29,321,18 St (1),40.74104,-73.99787,335.0,0,39
2024-03-05,321,18 St (1),40.74104,-73.99787,421.0,0,39
2024-04-05,321,18 St (1),40.74104,-73.99787,162.0,0,39
2024-04-16,321,18 St (1),40.74104,-73.99787,40.0,0,39
2024-05-03,321,18 St (1),40.74104,-73.99787,77.0,0,39
2024-05-07,321,18 St (1),40.74104,-73.99787,740.0,0,39
2024-05-16,321,18 St (1),40.74104,-73.99787,144.0,0,39
2024-05-17,321,18 St (1),40.74104,-73.99787,10.0,0,39
2024-05-24,321,18 St (1),40.74104,-73.99787,363.0,0,39
2024-05-31,321,18 St (1),40.74104,-73.99787,293.0,0,39
2024-06-03,321,18 St (1),40.74104,-73.99787,480.0,0,39
2024-06-13,321,18 St (1),40.74104,-73.99787,24.0,0,39
2024-06-18,321,18 St (1),40.74104,-73.99787,276.0,0,39
2024-06-20,321,18 St (1),40.74104,-73.99787,435.0,0,39
2024-06-21,321,18 St (1),40.74104,-73.99787,419.0,0,39
2024-06-28,321,18 St (1),40.74104,-73.99787,177.0,0,39
2024-08-28,321,18 St (1),40.74104,-73.99787,193.0,0,39
2024-08-29,321,18 St (1),40.74104,-73.99787,21.0,0,39
2024-09-04,321,18 St (1),40.74104,-73.99787,510.0,0,39
2024-09-05,321,18 St (1),40.74104,-73.99787,1055.0,0,39
2024-09-13,321,18 St (1),40.74104,-73.99787,611.0,0,39
2024-09-28,321,18 St (1),40.74104,-73.99787,159.0,0,39
2024-11-16,321,18 St (1),40.74104,-73.99787,10.0,0,39
2024-11-21,321,18 St (1),40.74104,-73.99787,39.0,0,39
2024-11-22,321,18 St (1),40.74104,-73.99787,226.0,0,39
2024-12-03,321,18 St (1),40.74104,-73.99787,65.0,0,39
2024-12-13,321,18 St (1),40.74104,-73.99787,355.0,0,39
2024-12-26,321,18 St (1),40.74104,-73.99787,114.0,0,39
2024-12-31,321,18 St (1),40.74104,-73.99787,253.0,0,39
2021-05-21,323,Christopher St-Sheridan Sq (1),40.73342,-74.00291,7.0,0,68
2021-05-26,323,Christopher St-Sheridan Sq (1),40.73342,-74.00291,303.0,0,68
2021-06-10,323,Christopher St-Sheridan Sq (1),40.73342,-74.00291,17.0,0,68
2021-06-21,323,Christopher St-Sheridan Sq (1),40.73342,-74.00291,356.0,0,68
2021-06-30,323,Christopher St-Sheridan Sq (1),40.73342,-74.00291,359.0,0,68
2021-08-25,323,Christopher St-Sheridan Sq (1),40.73342,-74.00291,196.0,0,68
2021-10-15,323,Christopher St-Sheridan Sq (1),40.73342,-74.00291,46.0,0,68
2021-10-26,323,Christopher St-Sheridan Sq (1),40.73342,-74.00291,856.0,0,68
2021-11-17,323,Christopher St-Sheridan Sq (1),40.73342,-74.00291,19.0,0,68
2021-11-18,323,Christopher St-Sheridan Sq (1),40.73342,-74.00291,754.0,0,68
2021-12-16,323,Christopher St-Sheridan Sq (1),40.73342,-74.00291,100.0,0,68
2021-12-22,323,Christopher St-Sheridan Sq (1),40.73342,-74.00291,116.0,0,68
2022-01-04,323,Christopher St-Sheridan Sq (1),40.73342,-74.00291,100.0,0,68
2022-01-26,323,Christopher St-Sheridan Sq (1),40.73342,-74.00291,585.0,0,68
2022-02-07,323,Christopher St-Sheridan Sq (1),40.73342,-74.00291,702.0,0,68
2022-02-08,323,Christopher St-Sheridan Sq (1),40.73342,-74.00291,617.0,0,68
2022-02-09,323,Christopher St-Sheridan Sq (1),40.73342,-74.00291,575.0,0,68
2022-02-10,323,Christopher St-Sheridan Sq (1),40.73342,-74.00291,95.0,0,68
2022-02-18,323,Christopher St-Sheridan Sq (1),40.73342,-74.00291,478.0,0,68
2022-03-02,323,Christopher St-Sheridan Sq (1),40.73342,-74.00291,896.0,0,68
2022-03-08,323,Christopher St-Sheridan Sq (1),40.73342,-74.00291,1200.0,1,68
2022-03-15,323,Christopher St-Sheridan Sq (1),40.73342,-74.00291,979.0,0,68
2022-03-29,323,Christopher St-Sheridan Sq (1),40.73342,-74.00291,1273.0,1,68
2022-04-07,323,Christopher St-Sheridan Sq (1),40.73342,-74.00291,250.0,0,68
2022-04-21,323,Christopher St-Sheridan Sq (1),40.73342,-74.00291,6.0,0,68
2022-04-27,323,Christopher St-Sheridan Sq (1),40.73342,-74.00291,949.0,0,68
2022-05-31,323,Christopher St-Sheridan Sq (1),40.73342,-74.00291,135.0,0,68
2022-06-01,323,Christopher St-Sheridan Sq (1),40.73342,-74.00291,1011.0,0,68
2022-07-18,323,Christopher St-Sheridan Sq (1),40.73342,-74.00291,643.0,0,68
2022-08-05,323,Christopher St-Sheridan Sq (1),40.73342,-74.00291,89.0,0,68
2022-08-08,323,Christopher St-Sheridan Sq (1),40.73342,-74.00291,363.0,0,68
2022-08-09,323,Christopher St-Sheridan Sq (1),40.73342,-74.00291,438.0,0,68
2022-08-30,323,Christopher St-Sheridan Sq (1),40.73342,-74.00291,355.0,0,68
2022-09-13,323,Christopher St-Sheridan Sq (1),40.73342,-74.00291,935.0,0,68
2023-05-11,323,Christopher St-Sheridan Sq (1),40.73342,-74.00291,329.0,0,68
2023-06-14,323,Christopher St-Sheridan Sq (1),40.73342,-74.00291,589.0,0,68
2023-09-27,323,Christopher St-Sheridan Sq (1),40.73342,-74.00291,46.0,0,68
2023-10-04,323,Christopher St-Sheridan Sq (1),40.73342,-74.00291,142.0,0,68
2023-10-17,323,Christopher St-Sheridan Sq (1),40.73342,-74.00291,1185.0,1,68
2023-11-02,323,Christopher St-Sheridan Sq (1),40.73342,-74.00291,442.0,0,68
2023-11-03,323,Christopher St-Sheridan Sq (1),40.73342,-74.00291,574.0,0,68
2023-11-08,323,Christopher St-Sheridan Sq (1),40.73342,-74.00291,216.0,0,68
2023-11-23,323,Christopher St-Sheridan Sq (1),40.73342,-74.00291,3.0,0,68
2024-01-15,323,Christopher St-Sheridan Sq (1),40.73342,-74.00291,432.0,0,68
2024-02-29,323,Christopher St-Sheridan Sq (1),40.73342,-74.00291,1140.0,0,68
2024-03-05,323,Christopher St-Sheridan Sq (1),40.73342,-74.00291,1238.0,1,68
2024-04-05,323,Christopher St-Sheridan Sq (1),40.73342,-74.00291,342.0,0,68
2024-04-16,323,Christopher St-Sheridan Sq (1),40.73342,-74.00291,234.0,0,68
2024-05-03,323,Christopher St-Sheridan Sq (1),40.73342,-74.00291,425.0,0,68
2024-05-07,323,Christopher St-Sheridan Sq (1),40.73342,-74.00291,1428.0,1,68
2024-05-24,323,Christopher St-Sheridan Sq (1),40.73342,-74.00291,580.0,0,68
2024-05-31,323,Christopher St-Sheridan Sq (1),40.73342,-74.00291,802.0,0,68
2024-06-03,323,Christopher St-Sheridan Sq (1),40.73342,-74.00291,466.0,0,68
2024-06-13,323,Christopher St-Sheridan Sq (1),40.73342,-74.00291,129.0,0,68
2024-06-18,323,Christopher St-Sheridan Sq (1),40.73342,-74.00291,86.0,0,68
2024-06-21,323,Christopher St-Sheridan Sq (1),40.73342,-74.00291,675.0,0,68
2024-06-28,323,Christopher St-Sheridan Sq (1),40.73342,-74.00291,122.0,0,68
2024-08-28,323,Christopher St-Sheridan Sq (1),40.73342,-74.00291,437.0,0,68
2024-08-29,323,Christopher St-Sheridan Sq (1),40.73342,-74.00291,37.0,0,68
2024-09-04,323,Christopher St-Sheridan Sq (1),40.73342,-74.00291,1729.0,1,68
2024-09-05,323,Christopher St-Sheridan Sq (1),40.73342,-74.00291,1161.0,0,68
2024-09-13,323,Christopher St-Sheridan Sq (1),40.73342,-74.00291,459.0,0,68
2024-09-28,323,Christopher St-Sheridan Sq (1),40.73342,-74.00291,262.0,0,68
2024-11-16,323,Christopher St-Sheridan Sq (1),40.73342,-74.00291,20.0,0,68
2024-11-21,323,Christopher St-Sheridan Sq (1),40.73342,-74.00291,36.0,0,68
2024-11-22,323,Christopher St-Sheridan Sq (1),40.73342,-74.00291,724.0,0,68
2024-12-03,323,Christopher St-Sheridan Sq (1),40.73342,-74.00291,308.0,0,68
2024-12-13,323,Christopher St-Sheridan Sq (1),40.73342,-74.00291,508.0,0,68
2024-12-26,323,Christopher St-Sheridan Sq (1),40.73342,-74.00291,204.0,0,68
2024-12-31,323,Christopher St-Sheridan Sq (1),40.73342,-74.00291,361.0,0,68
2021-05-21,324,Houston St (1),40.728252,-74.00536,30.0,0,42
2021-05-26,324,Houston St (1),40.728252,-74.00536,289.0,0,42
2021-06-21,324,Houston St (1),40.728252,-74.00536,448.0,0,42
2021-06-30,324,Houston St (1),40.728252,-74.00536,556.0,0,42
2021-08-25,324,Houston St (1),40.728252,-74.00536,129.0,0,42
2021-10-15,324,Houston St (1),40.728252,-74.00536,107.0,0,42
2021-10-26,324,Houston St (1),40.728252,-74.00536,712.0,0,42
2021-11-17,324,Houston St (1),40.728252,-74.00536,5.0,0,42
2021-11-18,324,Houston St (1),40.728252,-74.00536,529.0,0,42
2021-12-02,324,Houston St (1),40.728252,-74.00536,4.0,0,42
2021-12-16,324,Houston St (1),40.728252,-74.00536,108.0,0,42
2021-12-22,324,Houston St (1),40.728252,-74.00536,219.0,0,42
2022-01-04,324,Houston St (1),40.728252,-74.00536,50.0,0,42
2022-01-26,324,Houston St (1),40.728252,-74.00536,519.0,0,42
2022-02-07,324,Houston St (1),40.728252,-74.00536,475.0,0,42
2022-02-08,324,Houston St (1),40.728252,-74.00536,521.0,0,42
2022-02-09,324,Houston St (1),40.728252,-74.00536,469.0,0,42
2022-02-10,324,Houston St (1),40.728252,-74.00536,129.0,0,42
2022-02-18,324,Houston St (1),40.728252,-74.00536,381.0,0,42
2022-03-02,324,Houston St (1),40.728252,-74.00536,528.0,0,42
2022-03-08,324,Houston St (1),40.728252,-74.00536,737.0,0,42
2022-03-15,324,Houston St (1),40.728252,-74.00536,725.0,0,42
2022-03-29,324,Houston St (1),40.728252,-74.00536,894.0,0,42
2022-04-07,324,Houston St (1),40.728252,-74.00536,13.0,0,42
2022-04-20,324,Houston St (1),40.728252,-74.00536,45.0,0,42
2022-04-21,324,Houston St (1),40.728252,-74.00536,13.0,0,42
2022-04-27,324,Houston St (1),40.728252,-74.00536,639.0,0,42
2022-05-31,324,Houston St (1),40.728252,-74.00536,168.0,0,42
2022-06-01,324,Houston St (1),40.728252,-74.00536,713.0,0,42
2022-07-18,324,Houston St (1),40.728252,-74.00536,272.0,0,42
2022-08-05,324,Houston St (1),40.728252,-74.00536,210.0,0,42
2022-08-08,324,Houston St (1),40.728252,-74.00536,128.0,0,42
2022-08-09,324,Houston St (1),40.728252,-74.00536,424.0,0,42
2022-08-30,324,Houston St (1),40.728252,-74.00536,553.0,0,42
2022-09-13,324,Houston St (1),40.728252,-74.00536,1064.0,0,42
2023-05-11,324,Houston St (1),40.728252,-74.00536,28.0,0,42
2023-06-14,324,Houston St (1),40.728252,-74.00536,275.0,0,42
2023-09-27,324,Houston St (1),40.728252,-74.00536,382.0,0,42
2023-10-04,324,Houston St (1),40.728252,-74.00536,70.0,0,42
2023-10-17,324,Houston St (1),40.728252,-74.00536,928.0,0,42
2023-11-02,324,Houston St (1),40.728252,-74.00536,523.0,0,42
2023-11-03,324,Houston St (1),40.728252,-74.00536,144.0,0,42
2023-11-08,324,Houston St (1),40.728252,-74.00536,740.0,0,42
2024-01-15,324,Houston St (1),40.728252,-74.00536,358.0,0,42
2024-02-29,324,Houston St (1),40.728252,-74.00536,649.0,0,42
2024-03-05,324,Houston St (1),40.728252,-74.00536,1002.0,0,42
2024-04-05,324,Houston St (1),40.728252,-74.00536,83.0,0,42
2024-04-16,324,Houston St (1),40.728252,-74.00536,34.0,0,42
2024-05-03,324,Houston St (1),40.728252,-74.00536,362.0,0,42
2024-05-07,324,Houston St (1),40.728252,-74.00536,995.0,0,42
2024-05-17,324,Houston St (1),40.728252,-74.00536,25.0,0,42
2024-05-24,324,Houston St (1),40.728252,-74.00536,429.0,0,42
2024-05-31,324,Houston St (1),40.728252,-74.00536,623.0,0,42
2024-06-03,324,Houston St (1),40.728252,-74.00536,546.0,0,42
2024-06-13,324,Houston St (1),40.728252,-74.00536,219.0,0,42
2024-06-18,324,Houston St (1),40.728252,-74.00536,24.0,0,42
2024-06-20,324,Houston St (1),40.728252,-74.00536,16.0,0,42
2024-06-21,324,Houston St (1),40.728252,-74.00536,688.0,0,42
2024-06-28,324,Houston St (1),40.728252,-74.00536,166.0,0,42
2024-08-28,324,Houston St (1),40.728252,-74.00536,497.0,0,42
2024-08-29,324,Houston St (1),40.728252,-74.00536,37.0,0,42
2024-09-04,324,Houston St (1),40.728252,-74.00536,924.0,0,42
2024-09-05,324,Houston St (1),40.728252,-74.00536,901.0,0,42
2024-09-13,324,Houston St (1),40.728252,-74.00536,706.0,0,42
2024-09-28,324,Houston St (1),40.728252,-74.00536,106.0,0,42
2024-11-21,324,Houston St (1),40.728252,-74.00536,252.0,0,42
2024-11-22,324,Houston St (1),40.728252,-74.00536,199.0,0,42
2024-12-03,324,Houston St (1),40.728252,-74.00536,418.0,0,42
2024-12-13,324,Houston St (1),40.728252,-74.00536,639.0,0,42
2024-12-26,324,Houston St (1),40.728252,-74.00536,431.0,0,42
2024-12-31,324,Houston St (1),40.728252,-74.00536,564.0,0,42
2021-05-21,325,Canal St (1),40.722855,-74.00628,12.0,0,26
2021-05-26,325,Canal St (1),40.722855,-74.00628,118.0,0,26
2021-06-10,325,Canal St (1),40.722855,-74.00628,5.0,0,26
2021-06-21,325,Canal St (1),40.722855,-74.00628,122.0,0,26
2021-06-30,325,Canal St (1),40.722855,-74.00628,85.0,0,26
2021-08-25,325,Canal St (1),40.722855,-74.00628,33.0,0,26
2021-10-15,325,Canal St (1),40.722855,-74.00628,8.0,0,26
2021-10-26,325,Canal St (1),40.722855,-74.00628,189.0,0,26
2021-10-27,325,Canal St (1),40.722855,-74.00628,69.0,0,26
2021-11-17,325,Canal St (1),40.722855,-74.00628,70.0,0,26
2021-11-18,325,Canal St (1),40.722855,-74.00628,368.0,0,26
2021-12-16,325,Canal St (1),40.722855,-74.00628,24.0,0,26
2021-12-22,325,Canal St (1),40.722855,-74.00628,44.0,0,26
2022-01-04,325,Canal St (1),40.722855,-74.00628,80.0,0,26
2022-01-26,325,Canal St (1),40.722855,-74.00628,138.0,0,26
2022-02-07,325,Canal St (1),40.722855,-74.00628,185.0,0,26
2022-02-08,325,Canal St (1),40.722855,-74.00628,257.0,0,26
2022-02-09,325,Canal St (1),40.722855,-74.00628,237.0,0,26
2022-02-10,325,Canal St (1),40.722855,-74.00628,145.0,0,26
2022-02-18,325,Canal St (1),40.722855,-74.00628,170.0,0,26
2022-03-02,325,Canal St (1),40.722855,-74.00628,254.0,0,26
2022-03-08,325,Canal St (1),40.722855,-74.00628,189.0,0,26
2022-03-15,325,Canal St (1),40.722855,-74.00628,225.0,0,26
2022-03-29,325,Canal St (1),40.722855,-74.00628,233.0,0,26
2022-04-07,325,Canal St (1),40.722855,-74.00628,75.0,0,26
2022-04-20,325,Canal St (1),40.722855,-74.00628,76.0,0,26
2022-04-21,325,Canal St (1),40.722855,-74.00628,65.0,0,26
2022-04-27,325,Canal St (1),40.722855,-74.00628,236.0,0,26
2022-05-31,325,Canal St (1),40.722855,-74.00628,57.0,0,26
2022-06-01,325,Canal St (1),40.722855,-74.00628,288.0,0,26
2022-07-18,325,Canal St (1),40.722855,-74.00628,107.0,0,26
2022-08-05,325,Canal St (1),40.722855,-74.00628,52.0,0,26
2022-08-08,325,Canal St (1),40.722855,-74.00628,25.0,0,26
2022-08-09,325,Canal St (1),40.722855,-74.00628,91.0,0,26
2022-08-30,325,Canal St (1),40.722855,-74.00628,125.0,0,26
2022-09-13,325,Canal St (1),40.722855,-74.00628,341.0,0,26
2023-05-11,325,Canal St (1),40.722855,-74.00628,24.0,0,26
2023-06-14,325,Canal St (1),40.722855,-74.00628,202.0,0,26
2023-09-27,325,Canal St (1),40.722855,-74.00628,415.0,0,26
2023-10-04,325,Canal St (1),40.722855,-74.00628,77.0,0,26
2023-10-17,325,Canal St (1),40.722855,-74.00628,383.0,0,26
2023-11-02,325,Canal St (1),40.722855,-74.00628,330.0,0,26
2023-11-03,325,Canal St (1),40.722855,-74.00628,173.0,0,26
2023-11-08,325,Canal St (1),40.722855,-74.00628,91.0,0,26
2023-11-23,325,Canal St (1),40.722855,-74.00628,75.0,0,26
2024-01-15,325,Canal St (1),40.722855,-74.00628,175.0,0,26
2024-02-29,325,Canal St (1),40.722855,-74.00628,274.0,0,26
2024-03-05,325,Canal St (1),40.722855,-74.00628,280.0,0,26
2024-04-05,325,Canal St (1),40.722855,-74.00628,52.0,0,26
2024-04-16,325,Canal St (1),40.722855,-74.00628,53.0,0,26
2024-05-03,325,Canal St (1),40.722855,-74.00628,94.0,0,26
2024-05-07,325,Canal St (1),40.722855,-74.00628,370.0,0,26
2024-05-17,325,Canal St (1),40.722855,-74.00628,10.0,0,26
2024-05-24,325,Canal St (1),40.722855,-74.00628,189.0,0,26
2024-05-31,325,Canal St (1),40.722855,-74.00628,149.0,0,26
2024-06-03,325,Canal St (1),40.722855,-74.00628,393.0,0,26
2024-06-13,325,Canal St (1),40.722855,-74.00628,90.0,0,26
2024-06-18,325,Canal St (1),40.722855,-74.00628,14.0,0,26
2024-06-20,325,Canal St (1),40.722855,-74.00628,71.0,0,26
2024-06-21,325,Canal St (1),40.722855,-74.00628,306.0,0,26
2024-06-28,325,Canal St (1),40.722855,-74.00628,141.0,0,26
2024-08-28,325,Canal St (1),40.722855,-74.00628,161.0,0,26
2024-08-29,325,Canal St (1),40.722855,-74.00628,12.0,0,26
2024-09-04,325,Canal St (1),40.722855,-74.00628,394.0,0,26
2024-09-05,325,Canal St (1),40.722855,-74.00628,406.0,0,26
2024-09-13,325,Canal St (1),40.722855,-74.00628,161.0,0,26
2024-09-28,325,Canal St (1),40.722855,-74.00628,27.0,0,26
2024-11-16,325,Canal St (1),40.722855,-74.00628,63.0,0,26
2024-11-21,325,Canal St (1),40.722855,-74.00628,30.0,0,26
2024-11-22,325,Canal St (1),40.722855,-74.00628,140.0,0,26
2024-12-03,325,Canal St (1),40.722855,-74.00628,38.0,0,26
2024-12-13,325,Canal St (1),40.722855,-74.00628,202.0,0,26
2024-12-26,325,Canal St (1),40.722855,-74.00628,174.0,0,26
2024-12-31,325,Canal St (1),40.722855,-74.00628,183.0,0,26
2021-05-21,326,Franklin St (1),40.71932,-74.00689,44.0,0,28
2021-05-26,326,Franklin St (1),40.71932,-74.00689,241.0,0,28
2021-06-10,326,Franklin St (1),40.71932,-74.00689,1.0,0,28
2021-06-21,326,Franklin St (1),40.71932,-74.00689,199.0,0,28
2021-06-30,326,Franklin St (1),40.71932,-74.00689,162.0,0,28
2021-08-25,326,Franklin St (1),40.71932,-74.00689,89.0,0,28
2021-10-15,326,Franklin St (1),40.71932,-74.00689,40.0,0,28
2021-10-26,326,Franklin St (1),40.71932,-74.00689,255.0,0,28
2021-10-27,326,Franklin St (1),40.71932,-74.00689,15.0,0,28
2021-11-17,326,Franklin St (1),40.71932,-74.00689,51.0,0,28
2021-11-18,326,Franklin St (1),40.71932,-74.00689,424.0,0,28
2021-12-02,326,Franklin St (1),40.71932,-74.00689,26.0,0,28
2021-12-16,326,Franklin St (1),40.71932,-74.00689,48.0,0,28
2021-12-22,326,Franklin St (1),40.71932,-74.00689,22.0,0,28
2022-01-04,326,Franklin St (1),40.71932,-74.00689,35.0,0,28
2022-01-26,326,Franklin St (1),40.71932,-74.00689,308.0,0,28
2022-02-07,326,Franklin St (1),40.71932,-74.00689,240.0,0,28
2022-02-08,326,Franklin St (1),40.71932,-74.00689,305.0,0,28
2022-02-09,326,Franklin St (1),40.71932,-74.00689,180.0,0,28
2022-02-10,326,Franklin St (1),40.71932,-74.00689,137.0,0,28
2022-02-18,326,Franklin St (1),40.71932,-74.00689,327.0,0,28
2022-03-02,326,Franklin St (1),40.71932,-74.00689,323.0,0,28
2022-03-08,326,Franklin St (1),40.71932,-74.00689,385.0,0,28
2022-03-15,326,Franklin St (1),40.71932,-74.00689,353.0,0,28
2022-03-29,326,Franklin St (1),40.71932,-74.00689,488.0,0,28
2022-04-07,326,Franklin St (1),40.71932,-74.00689,49.0,0,28
2022-04-20,326,Franklin St (1),40.71932,-74.00689,5.0,0,28
2022-04-21,326,Franklin St (1),40.71932,-74.00689,9.0,0,28
2022-04-27,326,Franklin St (1),40.71932,-74.00689,359.0,0,28
2022-05-31,326,Franklin St (1),40.71932,-74.00689,65.0,0,28
2022-06-01,326,Franklin St (1),40.71932,-74.00689,427.0,0,28
2022-07-18,326,Franklin St (1),40.71932,-74.00689,166.0,0,28
2022-08-05,326,Franklin St (1),40.71932,-74.00689,79.0,0,28
2022-08-08,326,Franklin St (1),40.71932,-74.00689,57.0,0,28
2022-08-09,326,Franklin St (1),40.71932,-74.00689,205.0,0,28
2022-08-30,326,Franklin St (1),40.71932,-74.00689,166.0,0,28
2022-09-13,326,Franklin St (1),40.71932,-74.00689,388.0,0,28
2023-05-11,326,Franklin St (1),40.71932,-74.00689,6.0,0,28
2023-06-14,326,Franklin St (1),40.71932,-74.00689,150.0,0,28
2023-09-27,326,Franklin St (1),40.71932,-74.00689,492.0,0,28
2023-10-04,326,Franklin St (1),40.71932,-74.00689,17.0,0,28
2023-10-17,326,Franklin St (1),40.71932,-74.00689,593.0,0,28
2023-11-02,326,Franklin St (1),40.71932,-74.00689,108.0,0,28
2023-11-03,326,Franklin St (1),40.71932,-74.00689,361.0,0,28
2023-11-08,326,Franklin St (1),40.71932,-74.00689,163.0,0,28
2023-11-23,326,Franklin St (1),40.71932,-74.00689,1.0,0,28
2024-01-15,326,Franklin St (1),40.71932,-74.00689,108.0,0,28
2024-02-29,326,Franklin St (1),40.71932,-74.00689,394.0,0,28
2024-03-05,326,Franklin St (1),40.71932,-74.00689,412.0,0,28
2024-04-05,326,Franklin St (1),40.71932,-74.00689,146.0,0,28
2024-04-16,326,Franklin St (1),40.71932,-74.00689,134.0,0,28
2024-05-03,326,Franklin St (1),40.71932,-74.00689,105.0,0,28
2024-05-07,326,Franklin St (1),40.71932,-74.00689,430.0,0,28
2024-05-17,326,Franklin St (1),40.71932,-74.00689,18.0,0,28
2024-05-24,326,Franklin St (1),40.71932,-74.00689,293.0,0,28
2024-05-31,326,Franklin St (1),40.71932,-74.00689,388.0,0,28
2024-06-03,326,Franklin St (1),40.71932,-74.00689,360.0,0,28
2024-06-13,326,Franklin St (1),40.71932,-74.00689,128.0,0,28
2024-06-18,326,Franklin St (1),40.71932,-74.00689,33.0,0,28
2024-06-20,326,Franklin St (1),40.71932,-74.00689,231.0,0,28
2024-06-21,326,Franklin St (1),40.71932,-74.00689,277.0,0,28
2024-06-28,326,Franklin St (1),40.71932,-74.00689,90.0,0,28
2024-08-28,326,Franklin St (1),40.71932,-74.00689,91.0,0,28
2024-08-29,326,Franklin St (1),40.71932,-74.00689,2.0,0,28
2024-09-04,326,Franklin St (1),40.71932,-74.00689,512.0,0,28
2024-09-05,326,Franklin St (1),40.71932,-74.00689,355.0,0,28
2024-09-13,326,Franklin St (1),40.71932,-74.00689,248.0,0,28
2024-09-28,326,Franklin St (1),40.71932,-74.00689,141.0,0,28
2024-11-16,326,Franklin St (1),40.71932,-74.00689,1.0,0,28
2024-11-21,326,Franklin St (1),40.71932,-74.00689,180.0,0,28
2024-11-22,326,Franklin St (1),40.71932,-74.00689,296.0,0,28
2024-12-03,326,Franklin St (1),40.71932,-74.00689,140.0,0,28
2024-12-13,326,Franklin St (1),40.71932,-74.00689,506.0,0,28
2024-12-26,326,Franklin St (1),40.71932,-74.00689,120.0,0,28
2024-12-31,326,Franklin St (1),40.71932,-74.00689,275.0,0,28
2021-05-21,327,"Chambers St (1,2,3)",40.715477,-74.00927,1.0,0,40
2021-05-26,327,"Chambers St (1,2,3)",40.715477,-74.00927,577.0,0,40
2021-06-10,327,"Chambers St (1,2,3)",40.715477,-74.00927,52.0,0,40
2021-06-21,327,"Chambers St (1,2,3)",40.715477,-74.00927,606.0,0,40
2021-06-30,327,"Chambers St (1,2,3)",40.715477,-74.00927,583.0,0,40
2021-08-25,327,"Chambers St (1,2,3)",40.715477,-74.00927,43.0,0,40
2021-10-15,327,"Chambers St (1,2,3)",40.715477,-74.00927,10.0,0,40
2021-10-26,327,"Chambers St (1,2,3)",40.715477,-74.00927,1138.0,0,40
2021-11-17,327,"Chambers St (1,2,3)",40.715477,-74.00927,203.0,0,40
2021-11-18,327,"Chambers St (1,2,3)",40.715477,-74.00927,886.0,0,40
2021-12-02,327,"Chambers St (1,2,3)",40.715477,-74.00927,81.0,0,40
2021-12-16,327,"Chambers St (1,2,3)",40.715477,-74.00927,25.0,0,40
2021-12-22,327,"Chambers St (1,2,3)",40.715477,-74.00927,179.0,0,40
2022-01-04,327,"Chambers St (1,2,3)",40.715477,-74.00927,287.0,0,40
2022-01-26,327,"Chambers St (1,2,3)",40.715477,-74.00927,889.0,0,40
2022-02-07,327,"Chambers St (1,2,3)",40.715477,-74.00927,558.0,0,40
2022-02-08,327,"Chambers St (1,2,3)",40.715477,-74.00927,571.0,0,40
2022-02-09,327,"Chambers St (1,2,3)",40.715477,-74.00927,632.0,0,40
2022-02-10,327,"Chambers St (1,2,3)",40.715477,-74.00927,124.0,0,40
2022-02-18,327,"Chambers St (1,2,3)",40.715477,-74.00927,724.0,0,40
2022-03-02,327,"Chambers St (1,2,3)",40.715477,-74.00927,981.0,0,40
2022-03-08,327,"Chambers St (1,2,3)",40.715477,-74.00927,1333.0,1,40
2022-03-15,327,"Chambers St (1,2,3)",40.715477,-74.00927,923.0,0,40
2022-03-29,327,"Chambers St (1,2,3)",40.715477,-74.00927,1447.0,1,40
2022-04-07,327,"Chambers St (1,2,3)",40.715477,-74.00927,144.0,0,40
2022-04-20,327,"Chambers St (1,2,3)",40.715477,-74.00927,71.0,0,40
2022-04-27,327,"Chambers St (1,2,3)",40.715477,-74.00927,848.0,0,40
2022-05-31,327,"Chambers St (1,2,3)",40.715477,-74.00927,264.0,0,40
2022-06-01,327,"Chambers St (1,2,3)",40.715477,-74.00927,985.0,0,40
2022-07-18,327,"Chambers St (1,2,3)",40.715477,-74.00927,376.0,0,40
2022-08-05,327,"Chambers St (1,2,3)",40.715477,-74.00927,138.0,0,40
2022-08-08,327,"Chambers St (1,2,3)",40.715477,-74.00927,356.0,0,40
2022-08-09,327,"Chambers St (1,2,3)",40.715477,-74.00927,833.0,0,40
2022-08-30,327,"Chambers St (1,2,3)",40.715477,-74.00927,161.0,0,40
2022-09-13,327,"Chambers St (1,2,3)",40.715477,-74.00927,1290.0,1,40
2023-05-11,327,"Chambers St (1,2,3)",40.715477,-74.00927,471.0,0,40
2023-06-14,327,"Chambers St (1,2,3)",40.715477,-74.00927,246.0,0,40
2023-09-27,327,"Chambers St (1,2,3)",40.715477,-74.00927,1043.0,0,40
2023-10-04,327,"Chambers St (1,2,3)",40.715477,-74.00927,268.0,0,40
2023-10-17,327,"Chambers St (1,2,3)",40.715477,-74.00927,1971.0,1,40
2023-11-02,327,"Chambers St (1,2,3)",40.715477,-74.00927,619.0,0,40
2023-11-03,327,"Chambers St (1,2,3)",40.715477,-74.00927,819.0,0,40
2023-11-08,327,"Chambers St (1,2,3)",40.715477,-74.00927,564.0,0,40
2023-11-17,327,"Chambers St (1,2,3)",40.715477,-74.00927,20.0,0,40
2023-11-23,327,"Chambers St (1,2,3)",40.715477,-74.00927,23.0,0,40
2024-01-15,327,"Chambers St (1,2,3)",40.715477,-74.00927,207.0,0,40
2024-02-29,327,"Chambers St (1,2,3)",40.715477,-74.00927,561.0,0,40
2024-03-05,327,"Chambers St (1,2,3)",40.715477,-74.00927,934.0,0,40
2024-04-05,327,"Chambers St (1,2,3)",40.715477,-74.00927,376.0,0,40
2024-04-16,327,"Chambers St (1,2,3)",40.715477,-74.00927,32.0,0,40
2024-05-03,327,"Chambers St (1,2,3)",40.715477,-74.00927,178.0,0,40
2024-05-07,327,"Chambers St (1,2,3)",40.715477,-74.00927,1059.0,0,40
2024-05-24,327,"Chambers St (1,2,3)",40.715477,-74.00927,483.0,0,40
2024-05-31,327,"Chambers St (1,2,3)",40.715477,-74.00927,733.0,0,40
2024-06-03,327,"Chambers St (1,2,3)",40.715477,-74.00927,856.0,0,40
2024-06-13,327,"Chambers St (1,2,3)",40.715477,-74.00927,164.0,0,40
2024-06-18,327,"Chambers St (1,2,3)",40.715477,-74.00927,971.0,0,40
2024-06-20,327,"Chambers St (1,2,3)",40.715477,-74.00927,522.0,0,40
2024-06-21,327,"Chambers St (1,2,3)",40.715477,-74.00927,948.0,0,40
2024-06-28,327,"Chambers St (1,2,3)",40.715477,-74.00927,276.0,0,40
2024-08-28,327,"Chambers St (1,2,3)",40.715477,-74.00927,756.0,0,40
2024-08-29,327,"Chambers St (1,2,3)",40.715477,-74.00927,12.0,0,40
2024-09-04,327,"Chambers St (1,2,3)",40.715477,-74.00927,1632.0,1,40
2024-09-05,327,"Chambers St (1,2,3)",40.715477,-74.00927,1713.0,1,40
2024-09-13,327,"Chambers St (1,2,3)",40.715477,-74.00927,1286.0,1,40
2024-09-28,327,"Chambers St (1,2,3)",40.715477,-74.00927,295.0,0,40
2024-11-16,327,"Chambers St (1,2,3)",40.715477,-74.00927,8.0,0,40
2024-11-21,327,"Chambers St (1,2,3)",40.715477,-74.00927,1152.0,0,40
2024-11-22,327,"Chambers St (1,2,3)",40.715477,-74.00927,537.0,0,40
2024-12-03,327,"Chambers St (1,2,3)",40.715477,-74.00927,89.0,0,40
2024-12-13,327,"Chambers St (1,2,3)",40.715477,-74.00927,905.0,0,40
2024-12-26,327,"Chambers St (1,2,3)",40.715477,-74.00927,546.0,0,40
2024-12-31,327,"Chambers St (1,2,3)",40.715477,-74.00927,317.0,0,40
2021-05-21,328,WTC Cortlandt (1),40.711834,-74.01219,114.0,0,57
2021-05-26,328,WTC Cortlandt (1),40.711834,-74.01219,443.0,0,57
2021-06-10,328,WTC Cortlandt (1),40.711834,-74.01219,26.0,0,57
2021-06-21,328,WTC Cortlandt (1),40.711834,-74.01219,272.0,0,57
2021-06-30,328,WTC Cortlandt (1),40.711834,-74.01219,236.0,0,57
2021-08-25,328,WTC Cortlandt (1),40.711834,-74.01219,43.0,0,57
2021-10-15,328,WTC Cortlandt (1),40.711834,-74.01219,8.0,0,57
2021-10-19,328,WTC Cortlandt (1),40.711834,-74.01219,15.0,0,57
2021-10-26,328,WTC Cortlandt (1),40.711834,-74.01219,1021.0,0,57
2021-10-27,328,WTC Cortlandt (1),40.711834,-74.01219,155.0,0,57
2021-11-17,328,WTC Cortlandt (1),40.711834,-74.01219,118.0,0,57
2021-11-18,328,WTC Cortlandt (1),40.711834,-74.01219,948.0,0,57
2021-12-16,328,WTC Cortlandt (1),40.711834,-74.01219,348.0,0,57
2021-12-22,328,WTC Cortlandt (1),40.711834,-74.01219,88.0,0,57
2022-01-04,328,WTC Cortlandt (1),40.711834,-74.01219,231.0,0,57
2022-01-26,328,WTC Cortlandt (1),40.711834,-74.01219,510.0,0,57
2022-02-07,328,WTC Cortlandt (1),40.711834,-74.01219,839.0,0,57
2022-02-08,328,WTC Cortlandt (1),40.711834,-74.01219,1191.0,1,57
2022-02-09,328,WTC Cortlandt (1),40.711834,-74.01219,604.0,0,57
2022-02-10,328,WTC Cortlandt (1),40.711834,-74.01219,245.0,0,57
2022-02-18,328,WTC Cortlandt (1),40.711834,-74.01219,787.0,0,57
2022-03-02,328,WTC Cortlandt (1),40.711834,-74.01219,1052.0,0,57
2022-03-08,328,WTC Cortlandt (1),40.711834,-74.01219,855.0,0,57
2022-03-15,328,WTC Cortlandt (1),40.711834,-74.01219,1105.0,0,57
2022-03-29,328,WTC Cortlandt (1),40.711834,-74.01219,1313.0,1,57
2022-04-07,328,WTC Cortlandt (1),40.711834,-74.01219,384.0,0,57
2022-04-20,328,WTC Cortlandt (1),40.711834,-74.01219,34.0,0,57
2022-04-27,328,WTC Cortlandt (1),40.711834,-74.01219,699.0,0,57
2022-05-31,328,WTC Cortlandt (1),40.711834,-74.01219,350.0,0,57
2022-06-01,328,WTC Cortlandt (1),40.711834,-74.01219,796.0,0,57
2022-07-18,328,WTC Cortlandt (1),40.711834,-74.01219,859.0,0,57
2022-08-05,328,WTC Cortlandt (1),40.711834,-74.01219,36.0,0,57
2022-08-08,328,WTC Cortlandt (1),40.711834,-74.01219,218.0,0,57
2022-08-09,328,WTC Cortlandt (1),40.711834,-74.01219,1034.0,0,57
2022-08-30,328,WTC Cortlandt (1),40.711834,-74.01219,594.0,0,57
2022-09-13,328,WTC Cortlandt (1),40.711834,-74.01219,1171.0,0,57
2023-05-11,328,WTC Cortlandt (1),40.711834,-74.01219,182.0,0,57
2023-06-14,328,WTC Cortlandt (1),40.711834,-74.01219,575.0,0,57
2023-09-27,328,WTC Cortlandt (1),40.711834,-74.01219,1766.0,1,57
2023-10-04,328,WTC Cortlandt (1),40.711834,-74.01219,82.0,0,57
2023-10-17,328,WTC Cortlandt (1),40.711834,-74.01219,956.0,0,57
2023-11-02,328,WTC Cortlandt (1),40.711834,-74.01219,614.0,0,57
2023-11-03,328,WTC Cortlandt (1),40.711834,-74.01219,112.0,0,57
2023-11-08,328,WTC Cortlandt (1),40.711834,-74.01219,323.0,0,57
2023-11-23,328,WTC Cortlandt (1),40.711834,-74.01219,351.0,0,57
2024-01-15,328,WTC Cortlandt (1),40.711834,-74.01219,419.0,0,57
2024-02-29,328,WTC Cortlandt (1),40.711834,-74.01219,553.0,0,57
2024-03-05,328,WTC Cortlandt (1),40.711834,-74.01219,1046.0,0,57
2024-04-05,328,WTC Cortlandt (1),40.711834,-74.01219,651.0,0,57
2024-04-16,328,WTC Cortlandt (1),40.711834,-74.01219,305.0,0,57
2024-05-03,328,WTC Cortlandt (1),40.711834,-74.01219,591.0,0,57
2024-05-07,328,WTC Cortlandt (1),40.711834,-74.01219,2392.0,1,57
2024-05-24,328,WTC Cortlandt (1),40.711834,-74.01219,1123.0,0,57
2024-05-31,328,WTC Cortlandt (1),40.711834,-74.01219,975.0,0,57
2024-06-03,328,WTC Cortlandt (1),40.711834,-74.01219,1037.0,0,57
2024-06-13,328,WTC Cortlandt (1),40.711834,-74.01219,865.0,0,57
2024-06-18,328,WTC Cortlandt (1),40.711834,-74.01219,87.0,0,57
2024-06-20,328,WTC Cortlandt (1),40.711834,-74.01219,760.0,0,57
2024-06-21,328,WTC Cortlandt (1),40.711834,-74.01219,1607.0,1,57
2024-06-28,328,WTC Cortlandt (1),40.711834,-74.01219,616.0,0,57
2024-08-28,328,WTC Cortlandt (1),40.711834,-74.01219,407.0,0,57
2024-08-29,328,WTC Cortlandt (1),40.711834,-74.01219,47.0,0,57
2024-09-04,328,WTC Cortlandt (1),40.711834,-74.01219,2515.0,1,57
2024-09-05,328,WTC Cortlandt (1),40.711834,-74.01219,950.0,0,57
2024-09-13,328,WTC Cortlandt (1),40.711834,-74.01219,652.0,0,57
2024-09-28,328,WTC Cortlandt (1),40.711834,-74.01219,87.0,0,57
2024-10-14,328,WTC Cortlandt (1),40.711834,-74.01219,2.0,0,57
2024-11-21,328,WTC Cortlandt (1),40.711834,-74.01219,820.0,0,57
2024-11-22,328,WTC Cortlandt (1),40.711834,-74.01219,731.0,0,57
2024-12-03,328,WTC Cortlandt (1),40.711834,-74.01219,535.0,0,57
2024-12-13,328,WTC Cortlandt (1),40.711834,-74.01219,762.0,0,57
2024-12-26,328,WTC Cortlandt (1),40.711834,-74.01219,1187.0,1,57
2024-12-31,328,WTC Cortlandt (1),40.711834,-74.01219,723.0,0,57
2021-05-21,329,Rector St (1),40.70751,-74.01379,150.0,0,32
2021-05-26,329,Rector St (1),40.70751,-74.01379,231.0,0,32
2021-06-10,329,Rector St (1),40.70751,-74.01379,18.0,0,32
2021-06-21,329,Rector St (1),40.70751,-74.01379,278.0,0,32
2021-06-30,329,Rector St (1),40.70751,-74.01379,418.0,0,32
2021-08-25,329,Rector St (1),40.70751,-74.01379,128.0,0,32
2021-10-15,329,Rector St (1),40.70751,-74.01379,69.0,0,32
2021-10-26,329,Rector St (1),40.70751,-74.01379,474.0,0,32
2021-11-17,329,Rector St (1),40.70751,-74.01379,28.0,0,32
2021-11-18,329,Rector St (1),40.70751,-74.01379,726.0,0,32
2021-12-02,329,Rector St (1),40.70751,-74.01379,140.0,0,32
2021-12-16,329,Rector St (1),40.70751,-74.01379,159.0,0,32
2021-12-22,329,Rector St (1),40.70751,-74.01379,358.0,0,32
2022-01-04,329,Rector St (1),40.70751,-74.01379,145.0,0,32
2022-01-26,329,Rector St (1),40.70751,-74.01379,423.0,0,32
2022-02-07,329,Rector St (1),40.70751,-74.01379,315.0,0,32
2022-02-08,329,Rector St (1),40.70751,-74.01379,633.0,0,32
2022-02-09,329,Rector St (1),40.70751,-74.01379,338.0,0,32
2022-02-10,329,Rector St (1),40.70751,-74.01379,123.0,0,32
2022-02-18,329,Rector St (1),40.70751,-74.01379,328.0,0,32
2022-03-02,329,Rector St (1),40.70751,-74.01379,550.0,0,32
2022-03-08,329,Rector St (1),40.70751,-74.01379,483.0,0,32
2022-03-15,329,Rector St (1),40.70751,-74.01379,617.0,0,32
2022-03-29,329,Rector St (1),40.70751,-74.01379,785.0,0,32
2022-04-07,329,Rector St (1),40.70751,-74.01379,78.0,0,32
2022-04-20,329,Rector St (1),40.70751,-74.01379,6.0,0,32
2022-04-21,329,Rector St (1),40.70751,-74.01379,130.0,0,32
2022-04-27,329,Rector St (1),40.70751,-74.01379,455.0,0,32
2022-05-31,329,Rector St (1),40.70751,-74.01379,373.0,0,32
2022-06-01,329,Rector St (1),40.70751,-74.01379,827.0,0,32
2022-07-18,329,Rector St (1),40.70751,-74.01379,427.0,0,32
2022-08-05,329,Rector St (1),40.70751,-74.01379,195.0,0,32
2022-08-08,329,Rector St (1),40.70751,-74.01379,140.0,0,32
2022-08-09,329,Rector St (1),40.70751,-74.01379,755.0,0,32
2022-08-30,329,Rector St (1),40.70751,-74.01379,257.0,0,32
2022-09-13,329,Rector St (1),40.70751,-74.01379,474.0,0,32
2023-05-11,329,Rector St (1),40.70751,-74.01379,37.0,0,32
2023-06-14,329,Rector St (1),40.70751,-74.01379,672.0,0,32
2023-09-27,329,Rector St (1),40.70751,-74.01379,1250.0,1,32
2023-10-04,329,Rector St (1),40.70751,-74.01379,329.0,0,32
2023-10-17,329,Rector St (1),40.70751,-74.01379,1019.0,0,32
2023-11-02,329,Rector St (1),40.70751,-74.01379,424.0,0,32
2023-11-03,329,Rector St (1),40.70751,-74.01379,251.0,0,32
2023-11-08,329,Rector St (1),40.70751,-74.01379,367.0,0,32
2023-11-23,329,Rector St (1),40.70751,-74.01379,35.0,0,32
2024-01-15,329,Rector St (1),40.70751,-74.01379,269.0,0,32
2024-02-29,329,Rector St (1),40.70751,-74.01379,640.0,0,32
2024-03-05,329,Rector St (1),40.70751,-74.01379,1147.0,0,32
2024-04-05,329,Rector St (1),40.70751,-74.01379,186.0,0,32
2024-04-16,329,Rector St (1),40.70751,-74.01379,70.0,0,32
2024-05-03,329,Rector St (1),40.70751,-74.01379,193.0,0,32
2024-05-07,329,Rector St (1),40.70751,-74.01379,839.0,0,32
2024-05-24,329,Rector St (1),40.70751,-74.01379,650.0,0,32
2024-05-31,329,Rector St (1),40.70751,-74.01379,531.0,0,32
2024-06-03,329,Rector St (1),40.70751,-74.01379,873.0,0,32
2024-06-13,329,Rector St (1),40.70751,-74.01379,112.0,0,32
2024-06-18,329,Rector St (1),40.70751,-74.01379,230.0,0,32
2024-06-20,329,Rector St (1),40.70751,-74.01379,183.0,0,32
2024-06-21,329,Rector St (1),40.70751,-74.01379,489.0,0,32
2024-06-28,329,Rector St (1),40.70751,-74.01379,258.0,0,32
2024-08-28,329,Rector St (1),40.70751,-74.01379,382.0,0,32
2024-08-29,329,Rector St (1),40.70751,-74.01379,18.0,0,32
2024-09-04,329,Rector St (1),40.70751,-74.01379,955.0,0,32
2024-09-05,329,Rector St (1),40.70751,-74.01379,1086.0,0,32
2024-09-13,329,Rector St (1),40.70751,-74.01379,905.0,0,32
2024-09-28,329,Rector St (1),40.70751,-74.01379,81.0,0,32
2024-11-16,329,Rector St (1),40.70751,-74.01379,2.0,0,32
2024-11-21,329,Rector St (1),40.70751,-74.01379,23.0,0,32
2024-11-22,329,Rector St (1),40.70751,-74.01379,558.0,0,32
2024-12-03,329,Rector St (1),40.70751,-74.01379,127.0,0,32
2024-12-13,329,Rector St (1),40.70751,-74.01379,616.0,0,32
2024-12-26,329,Rector St (1),40.70751,-74.01379,610.0,0,32
2024-12-31,329,Rector St (1),40.70751,-74.01379,310.0,0,32
2021-05-21,333,"Wall St (2,3)",40.70682,-74.0091,203.0,0,57
2021-05-26,333,"Wall St (2,3)",40.70682,-74.0091,442.0,0,57
2021-06-10,333,"Wall St (2,3)",40.70682,-74.0091,51.0,0,57
2021-06-21,333,"Wall St (2,3)",40.70682,-74.0091,412.0,0,57
2021-06-30,333,"Wall St (2,3)",40.70682,-74.0091,531.0,0,57
2021-08-25,333,"Wall St (2,3)",40.70682,-74.0091,262.0,0,57
2021-10-15,333,"Wall St (2,3)",40.70682,-74.0091,3.0,0,57
2021-10-26,333,"Wall St (2,3)",40.70682,-74.0091,757.0,0,57
2021-11-18,333,"Wall St (2,3)",40.70682,-74.0091,573.0,0,57
2021-12-02,333,"Wall St (2,3)",40.70682,-74.0091,114.0,0,57
2021-12-16,333,"Wall St (2,3)",40.70682,-74.0091,139.0,0,57
2021-12-22,333,"Wall St (2,3)",40.70682,-74.0091,204.0,0,57
2022-01-04,333,"Wall St (2,3)",40.70682,-74.0091,126.0,0,57
2022-01-26,333,"Wall St (2,3)",40.70682,-74.0091,475.0,0,57
2022-02-07,333,"Wall St (2,3)",40.70682,-74.0091,566.0,0,57
2022-02-08,333,"Wall St (2,3)",40.70682,-74.0091,645.0,0,57
2022-02-09,333,"Wall St (2,3)",40.70682,-74.0091,543.0,0,57
2022-02-10,333,"Wall St (2,3)",40.70682,-74.0091,586.0,0,57
2022-02-18,333,"Wall St (2,3)",40.70682,-74.0091,622.0,0,57
2022-03-02,333,"Wall St (2,3)",40.70682,-74.0091,999.0,0,57
2022-03-08,333,"Wall St (2,3)",40.70682,-74.0091,642.0,0,57
2022-03-15,333,"Wall St (2,3)",40.70682,-74.0091,897.0,0,57
2022-03-29,333,"Wall St (2,3)",40.70682,-74.0091,748.0,0,57
2022-04-07,333,"Wall St (2,3)",40.70682,-74.0091,49.0,0,57
2022-04-20,333,"Wall St (2,3)",40.70682,-74.0091,123.0,0,57
2022-04-21,333,"Wall St (2,3)",40.70682,-74.0091,7.0,0,57
2022-04-27,333,"Wall St (2,3)",40.70682,-74.0091,898.0,0,57
2022-05-31,333,"Wall St (2,3)",40.70682,-74.0091,137.0,0,57
2022-06-01,333,"Wall St (2,3)",40.70682,-74.0091,1082.0,0,57
2022-07-18,333,"Wall St (2,3)",40.70682,-74.0091,613.0,0,57
2022-08-05,333,"Wall St (2,3)",40.70682,-74.0091,315.0,0,57
2022-08-08,333,"Wall St (2,3)",40.70682,-74.0091,139.0,0,57
2022-08-09,333,"Wall St (2,3)",40.70682,-74.0091,1047.0,0,57
2022-08-30,333,"Wall St (2,3)",40.70682,-74.0091,638.0,0,57
2022-09-13,333,"Wall St (2,3)",40.70682,-74.0091,1494.0,1,57
2023-05-11,333,"Wall St (2,3)",40.70682,-74.0091,8.0,0,57
2023-06-14,333,"Wall St (2,3)",40.70682,-74.0091,184.0,0,57
2023-09-27,333,"Wall St (2,3)",40.70682,-74.0091,533.0,0,57
2023-10-04,333,"Wall St (2,3)",40.70682,-74.0091,887.0,0,57
2023-10-17,333,"Wall St (2,3)",40.70682,-74.0091,638.0,0,57
2023-11-02,333,"Wall St (2,3)",40.70682,-74.0091,1362.0,1,57
2023-11-03,333,"Wall St (2,3)",40.70682,-74.0091,336.0,0,57
2023-11-08,333,"Wall St (2,3)",40.70682,-74.0091,724.0,0,57
2023-11-23,333,"Wall St (2,3)",40.70682,-74.0091,171.0,0,57
2024-01-15,333,"Wall St (2,3)",40.70682,-74.0091,682.0,0,57
2024-02-29,333,"Wall St (2,3)",40.70682,-74.0091,360.0,0,57
2024-03-05,333,"Wall St (2,3)",40.70682,-74.0091,2174.0,1,57
2024-04-05,333,"Wall St (2,3)",40.70682,-74.0091,544.0,0,57
2024-04-16,333,"Wall St (2,3)",40.70682,-74.0091,55.0,0,57
2024-05-03,333,"Wall St (2,3)",40.70682,-74.0091,561.0,0,57
2024-05-07,333,"Wall St (2,3)",40.70682,-74.0091,1409.0,1,57
2024-05-17,333,"Wall St (2,3)",40.70682,-74.0091,3.0,0,57
2024-05-24,333,"Wall St (2,3)",40.70682,-74.0091,687.0,0,57
2024-05-31,333,"Wall St (2,3)",40.70682,-74.0091,424.0,0,57
2024-06-03,333,"Wall St (2,3)",40.70682,-74.0091,1569.0,1,57
2024-06-13,333,"Wall St (2,3)",40.70682,-74.0091,422.0,0,57
2024-06-18,333,"Wall St (2,3)",40.70682,-74.0091,165.0,0,57
2024-06-20,333,"Wall St (2,3)",40.70682,-74.0091,32.0,0,57
2024-06-21,333,"Wall St (2,3)",40.70682,-74.0091,1035.0,0,57
2024-06-28,333,"Wall St (2,3)",40.70682,-74.0091,603.0,0,57
2024-08-28,333,"Wall St (2,3)",40.70682,-74.0091,934.0,0,57
2024-08-29,333,"Wall St (2,3)",40.70682,-74.0091,3.0,0,57
2024-09-04,333,"Wall St (2,3)",40.70682,-74.0091,1399.0,1,57
2024-09-05,333,"Wall St (2,3)",40.70682,-74.0091,1778.0,1,57
2024-09-13,333,"Wall St (2,3)",40.70682,-74.0091,948.0,0,57
2024-09-28,333,"Wall St (2,3)",40.70682,-74.0091,622.0,0,57
2024-11-21,333,"Wall St (2,3)",40.70682,-74.0091,145.0,0,57
2024-11-22,333,"Wall St (2,3)",40.70682,-74.0091,414.0,0,57
2024-12-03,333,"Wall St (2,3)",40.70682,-74.0091,481.0,0,57
2024-12-13,333,"Wall St (2,3)",40.70682,-74.0091,231.0,0,57
2024-12-26,333,"Wall St (2,3)",40.70682,-74.0091,421.0,0,57
2024-12-31,333,"Wall St (2,3)",40.70682,-74.0091,878.0,0,57
2021-05-21,392,"125 St (4,5,6)",40.80414,-73.93759,483.0,0,8
2021-05-26,392,"125 St (4,5,6)",40.80414,-73.93759,1779.0,1,8
2021-06-10,392,"125 St (4,5,6)",40.80414,-73.93759,289.0,0,8
2021-06-21,392,"125 St (4,5,6)",40.80414,-73.93759,1985.0,1,8
2021-06-30,392,"125 St (4,5,6)",40.80414,-73.93759,1462.0,1,8
2021-08-25,392,"125 St (4,5,6)",40.80414,-73.93759,544.0,0,8
2021-10-15,392,"125 St (4,5,6)",40.80414,-73.93759,221.0,0,8
2021-10-26,392,"125 St (4,5,6)",40.80414,-73.93759,2731.0,1,8
2021-10-27,392,"125 St (4,5,6)",40.80414,-73.93759,206.0,0,8
2021-11-17,392,"125 St (4,5,6)",40.80414,-73.93759,164.0,0,8
2021-11-18,392,"125 St (4,5,6)",40.80414,-73.93759,2891.0,1,8
2021-12-02,392,"125 St (4,5,6)",40.80414,-73.93759,224.0,0,8
2021-12-16,392,"125 St (4,5,6)",40.80414,-73.93759,766.0,0,8
2021-12-22,392,"125 St (4,5,6)",40.80414,-73.93759,429.0,0,8
2022-01-04,392,"125 St (4,5,6)",40.80414,-73.93759,449.0,0,8
2022-01-26,392,"125 St (4,5,6)",40.80414,-73.93759,2239.0,1,8
2022-02-07,392,"125 St (4,5,6)",40.80414,-73.93759,3439.0,1,8
2022-02-08,392,"125 St (4,5,6)",40.80414,-73.93759,1964.0,1,8
2022-02-09,392,"125 St (4,5,6)",40.80414,-73.93759,2242.0,1,8
2022-02-10,392,"125 St (4,5,6)",40.80414,-73.93759,448.0,0,8
2022-02-18,392,"125 St (4,5,6)",40.80414,-73.93759,2416.0,1,8
2022-03-02,392,"125 St (4,5,6)",40.80414,-73.93759,3934.0,1,8
2022-03-08,392,"125 St (4,5,6)",40.80414,-73.93759,3223.0,1,8
2022-03-15,392,"125 St (4,5,6)",40.80414,-73.93759,3094.0,1,8
2022-03-29,392,"125 St (4,5,6)",40.80414,-73.93759,3448.0,1,8
2022-04-07,392,"125 St (4,5,6)",40.80414,-73.93759,100.0,0,8
2022-04-20,392,"125 St (4,5,6)",40.80414,-73.93759,61.0,0,8
2022-04-21,392,"125 St (4,5,6)",40.80414,-73.93759,66.0,0,8
2022-04-27,392,"125 St (4,5,6)",40.80414,-73.93759,2419.0,1,8
2022-05-31,392,"125 St (4,5,6)",40.80414,-73.93759,744.0,0,8
2022-06-01,392,"125 St (4,5,6)",40.80414,-73.93759,3351.0,1,8
2022-07-18,392,"125 St (4,5,6)",40.80414,-73.93759,2067.0,1,8
2022-08-05,392,"125 St (4,5,6)",40.80414,-73.93759,197.0,0,8
2022-08-08,392,"125 St (4,5,6)",40.80414,-73.93759,480.0,0,8
2022-08-09,392,"125 St (4,5,6)",40.80414,-73.93759,1530.0,1,8
2022-08-30,392,"125 St (4,5,6)",40.80414,-73.93759,1369.0,1,8
2022-09-13,392,"125 St (4,5,6)",40.80414,-73.93759,3099.0,1,8
2023-05-11,392,"125 St (4,5,6)",40.80414,-73.93759,311.0,0,8
2023-06-14,392,"125 St (4,5,6)",40.80414,-73.93759,2146.0,1,8
2023-09-27,392,"125 St (4,5,6)",40.80414,-73.93759,2409.0,1,8
2023-10-04,392,"125 St (4,5,6)",40.80414,-73.93759,865.0,0,8
2023-10-17,392,"125 St (4,5,6)",40.80414,-73.93759,3932.0,1,8
2023-11-02,392,"125 St (4,5,6)",40.80414,-73.93759,1883.0,1,8
2023-11-03,392,"125 St (4,5,6)",40.80414,-73.93759,2437.0,1,8
2023-11-08,392,"125 St (4,5,6)",40.80414,-73.93759,2390.0,1,8
2023-11-23,392,"125 St (4,5,6)",40.80414,-73.93759,161.0,0,8
2024-01-15,392,"125 St (4,5,6)",40.80414,-73.93759,1491.0,1,8
2024-02-29,392,"125 St (4,5,6)",40.80414,-73.93759,881.0,0,8
2024-03-05,392,"125 St (4,5,6)",40.80414,-73.93759,3262.0,1,8
2024-04-05,392,"125 St (4,5,6)",40.80414,-73.93759,1603.0,1,8
2024-04-16,392,"125 St (4,5,6)",40.80414,-73.93759,181.0,0,8
2024-05-03,392,"125 St (4,5,6)",40.80414,-73.93759,448.0,0,8
2024-05-07,392,"125 St (4,5,6)",40.80414,-73.93759,2522.0,1,8
2024-05-17,392,"125 St (4,5,6)",40.80414,-73.93759,264.0,0,8
2024-05-24,392,"125 St (4,5,6)",40.80414,-73.93759,2773.0,1,8
2024-05-31,392,"125 St (4,5,6)",40.80414,-73.93759,2725.0,1,8
2024-06-03,392,"125 St (4,5,6)",40.80414,-73.93759,2569.0,1,8
2024-06-13,392,"125 St (4,5,6)",40.80414,-73.93759,1330.0,1,8
2024-06-18,392,"125 St (4,5,6)",40.80414,-73.93759,436.0,0,8
2024-06-20,392,"125 St (4,5,6)",40.80414,-73.93759,505.0,0,8
2024-06-21,392,"125 St (4,5,6)",40.80414,-73.93759,3473.0,1,8
2024-06-28,392,"125 St (4,5,6)",40.80414,-73.93759,1374.0,1,8
2024-08-28,392,"125 St (4,5,6)",40.80414,-73.93759,3248.0,1,8
2024-08-29,392,"125 St (4,5,6)",40.80414,-73.93759,84.0,0,8
2024-09-04,392,"125 St (4,5,6)",40.80414,-73.93759,3960.0,1,8
2024-09-05,392,"125 St (4,5,6)",40.80414,-73.93759,2575.0,1,8
2024-09-13,392,"125 St (4,5,6)",40.80414,-73.93759,4150.0,1,8
2024-09-28,392,"125 St (4,5,6)",40.80414,-73.93759,598.0,0,8
2024-11-21,392,"125 St (4,5,6)",40.80414,-73.93759,478.0,0,8
2024-11-22,392,"125 St (4,5,6)",40.80414,-73.93759,2278.0,1,8
2024-12-03,392,"125 St (4,5,6)",40.80414,-73.93759,952.0,0,8
2024-12-13,392,"125 St (4,5,6)",40.80414,-73.93759,2433.0,1,8
2024-12-24,392,"125 St (4,5,6)",40.80414,-73.93759,21.0,0,8
2024-12-26,392,"125 St (4,5,6)",40.80414,-73.93759,1802.0,1,8
2024-12-31,392,"125 St (4,5,6)",40.80414,-73.93759,1308.0,1,8
2021-05-21,393,116 St (6),40.79863,-73.94162,110.0,0,10
2021-05-26,393,116 St (6),40.79863,-73.94162,736.0,0,10
2021-06-10,393,116 St (6),40.79863,-73.94162,271.0,0,10
2021-06-21,393,116 St (6),40.79863,-73.94162,922.0,0,10
2021-06-30,393,116 St (6),40.79863,-73.94162,1120.0,0,10
2021-08-25,393,116 St (6),40.79863,-73.94162,391.0,0,10
2021-10-15,393,116 St (6),40.79863,-73.94162,135.0,0,10
2021-10-26,393,116 St (6),40.79863,-73.94162,1931.0,1,10
2021-11-17,393,116 St (6),40.79863,-73.94162,239.0,0,10
2021-11-18,393,116 St (6),40.79863,-73.94162,1533.0,1,10
2021-12-02,393,116 St (6),40.79863,-73.94162,23.0,0,10
2021-12-16,393,116 St (6),40.79863,-73.94162,17.0,0,10
2021-12-22,393,116 St (6),40.79863,-73.94162,543.0,0,10
2022-01-04,393,116 St (6),40.79863,-73.94162,486.0,0,10
2022-01-26,393,116 St (6),40.79863,-73.94162,1491.0,1,10
2022-02-07,393,116 St (6),40.79863,-73.94162,1553.0,1,10
2022-02-08,393,116 St (6),40.79863,-73.94162,1540.0,1,10
2022-02-09,393,116 St (6),40.79863,-73.94162,1164.0,0,10
2022-02-10,393,116 St (6),40.79863,-73.94162,800.0,0,10
2022-02-18,393,116 St (6),40.79863,-73.94162,1878.0,1,10
2022-03-02,393,116 St (6),40.79863,-73.94162,1810.0,1,10
2022-03-08,393,116 St (6),40.79863,-73.94162,1929.0,1,10
2022-03-15,393,116 St (6),40.79863,-73.94162,1829.0,1,10
2022-03-22,393,116 St (6),40.79863,-73.94162,144.0,0,10
2022-03-29,393,116 St (6),40.79863,-73.94162,1895.0,1,10
2022-04-07,393,116 St (6),40.79863,-73.94162,192.0,0,10
2022-04-20,393,116 St (6),40.79863,-73.94162,61.0,0,10
2022-04-21,393,116 St (6),40.79863,-73.94162,147.0,0,10
2022-04-27,393,116 St (6),40.79863,-73.94162,1476.0,1,10
2022-05-31,393,116 St (6),40.79863,-73.94162,462.0,0,10
2022-06-01,393,116 St (6),40.79863,-73.94162,2260.0,1,10
2022-07-18,393,116 St (6),40.79863,-73.94162,956.0,0,10
2022-08-05,393,116 St (6),40.79863,-73.94162,426.0,0,10
2022-08-08,393,116 St (6),40.79863,-73.94162,683.0,0,10
2022-08-09,393,116 St (6),40.79863,-73.94162,1514.0,1,10
2022-08-30,393,116 St (6),40.79863,-73.94162,843.0,0,10
2022-09-13,393,116 St (6),40.79863,-73.94162,2016.0,1,10
2023-05-11,393,116 St (6),40.79863,-73.94162,74.0,0,10
2023-06-14,393,116 St (6),40.79863,-73.94162,369.0,0,10
2023-09-27,393,116 St (6),40.79863,-73.94162,1297.0,1,10
2023-10-04,393,116 St (6),40.79863,-73.94162,889.0,0,10
2023-10-17,393,116 St (6),40.79863,-73.94162,1187.0,1,10
2023-11-02,393,116 St (6),40.79863,-73.94162,1216.0,1,10
2023-11-03,393,116 St (6),40.79863,-73.94162,862.0,0,10
2023-11-08,393,116 St (6),40.79863,-73.94162,1336.0,1,10
2023-11-23,393,116 St (6),40.79863,-73.94162,6.0,0,10
2024-01-15,393,116 St (6),40.79863,-73.94162,594.0,0,10
2024-02-29,393,116 St (6),40.79863,-73.94162,1499.0,1,10
2024-03-05,393,116 St (6),40.79863,-73.94162,1936.0,1,10
2024-04-05,393,116 St (6),40.79863,-73.94162,932.0,0,10
2024-04-16,393,116 St (6),40.79863,-73.94162,202.0,0,10
2024-05-03,393,116 St (6),40.79863,-73.94162,933.0,0,10
2024-05-07,393,116 St (6),40.79863,-73.94162,1419.0,1,10
2024-05-17,393,116 St (6),40.79863,-73.94162,440.0,0,10
2024-05-24,393,116 St (6),40.79863,-73.94162,1532.0,1,10
2024-05-31,393,116 St (6),40.79863,-73.94162,1616.0,1,10
2024-06-03,393,116 St (6),40.79863,-73.94162,1852.0,1,10
2024-06-13,393,116 St (6),40.79863,-73.94162,790.0,0,10
2024-06-18,393,116 St (6),40.79863,-73.94162,152.0,0,10
2024-06-20,393,116 St (6),40.79863,-73.94162,102.0,0,10
2024-06-21,393,116 St (6),40.79863,-73.94162,1623.0,1,10
2024-06-28,393,116 St (6),40.79863,-73.94162,1488.0,1,10
2024-08-28,393,116 St (6),40.79863,-73.94162,436.0,0,10
2024-08-29,393,116 St (6),40.79863,-73.94162,119.0,0,10
2024-09-04,393,116 St (6),40.79863,-73.94162,1470.0,1,10
2024-09-05,393,116 St (6),40.79863,-73.94162,1937.0,1,10
2024-09-13,393,116 St (6),40.79863,-73.94162,2010.0,1,10
2024-09-28,393,116 St (6),40.79863,-73.94162,385.0,0,10
2024-11-16,393,116 St (6),40.79863,-73.94162,21.0,0,10
2024-11-21,393,116 St (6),40.79863,-73.94162,334.0,0,10
2024-11-22,393,116 St (6),40.79863,-73.94162,1139.0,0,10
2024-12-03,393,116 St (6),40.79863,-73.94162,782.0,0,10
2024-12-13,393,116 St (6),40.79863,-73.94162,679.0,0,10
2024-12-26,393,116 St (6),40.79863,-73.94162,1041.0,0,10
2024-12-31,393,116 St (6),40.79863,-73.94162,833.0,0,10
2021-05-21,394,110 St (6),40.79502,-73.94425,44.0,0,14
2021-05-26,394,110 St (6),40.79502,-73.94425,1073.0,0,14
2021-06-10,394,110 St (6),40.79502,-73.94425,217.0,0,14
2021-06-21,394,110 St (6),40.79502,-73.94425,1136.0,0,14
2021-06-30,394,110 St (6),40.79502,-73.94425,800.0,0,14
2021-08-25,394,110 St (6),40.79502,-73.94425,440.0,0,14
2021-10-15,394,110 St (6),40.79502,-73.94425,182.0,0,14
2021-10-26,394,110 St (6),40.79502,-73.94425,1420.0,1,14
2021-10-27,394,110 St (6),40.79502,-73.94425,152.0,0,14
2021-11-17,394,110 St (6),40.79502,-73.94425,227.0,0,14
2021-11-18,394,110 St (6),40.79502,-73.94425,1572.0,1,14
2021-12-02,394,110 St (6),40.79502,-73.94425,102.0,0,14
2021-12-16,394,110 St (6),40.79502,-73.94425,293.0,0,14
2021-12-22,394,110 St (6),40.79502,-73.94425,444.0,0,14
2022-01-04,394,110 St (6),40.79502,-73.94425,359.0,0,14
2022-01-26,394,110 St (6),40.79502,-73.94425,1273.0,1,14
2022-02-07,394,110 St (6),40.79502,-73.94425,1352.0,1,14
2022-02-08,394,110 St (6),40.79502,-73.94425,866.0,0,14
2022-02-09,394,110 St (6),40.79502,-73.94425,714.0,0,14
2022-02-10,394,110 St (6),40.79502,-73.94425,254.0,0,14
2022-02-18,394,110 St (6),40.79502,-73.94425,1677.0,1,14
2022-03-02,394,110 St (6),40.79502,-73.94425,1558.0,1,14
2022-03-08,394,110 St (6),40.79502,-73.94425,1549.0,1,14
2022-03-15,394,110 St (6),40.79502,-73.94425,1992.0,1,14
2022-03-29,394,110 St (6),40.79502,-73.94425,1946.0,1,14
2022-04-07,394,110 St (6),40.79502,-73.94425,207.0,0,14
2022-04-20,394,110 St (6),40.79502,-73.94425,187.0,0,14
2022-04-21,394,110 St (6),40.79502,-73.94425,134.0,0,14
2022-04-27,394,110 St (6),40.79502,-73.94425,1036.0,0,14
2022-05-31,394,110 St (6),40.79502,-73.94425,481.0,0,14
2022-06-01,394,110 St (6),40.79502,-73.94425,1897.0,1,14
2022-07-18,394,110 St (6),40.79502,-73.94425,1430.0,1,14
2022-08-05,394,110 St (6),40.79502,-73.94425,395.0,0,14
2022-08-08,394,110 St (6),40.79502,-73.94425,89.0,0,14
2022-08-09,394,110 St (6),40.79502,-73.94425,1043.0,0,14
2022-08-30,394,110 St (6),40.79502,-73.94425,321.0,0,14
2022-09-13,394,110 St (6),40.79502,-73.94425,1693.0,1,14
2023-05-11,394,110 St (6),40.79502,-73.94425,154.0,0,14
2023-06-14,394,110 St (6),40.79502,-73.94425,292.0,0,14
2023-09-27,394,110 St (6),40.79502,-73.94425,848.0,0,14
2023-10-04,394,110 St (6),40.79502,-73.94425,779.0,0,14
2023-10-17,394,110 St (6),40.79502,-73.94425,1447.0,1,14
2023-11-02,394,110 St (6),40.79502,-73.94425,1341.0,1,14
2023-11-03,394,110 St (6),40.79502,-73.94425,1058.0,0,14
2023-11-08,394,110 St (6),40.79502,-73.94425,880.0,0,14
2023-11-23,394,110 St (6),40.79502,-73.94425,31.0,0,14
2024-01-15,394,110 St (6),40.79502,-73.94425,493.0,0,14
2024-02-29,394,110 St (6),40.79502,-73.94425,1167.0,0,14
2024-03-05,394,110 St (6),40.79502,-73.94425,1597.0,1,14
2024-04-05,394,110 St (6),40.79502,-73.94425,972.0,0,14
2024-04-16,394,110 St (6),40.79502,-73.94425,363.0,0,14
2024-05-03,394,110 St (6),40.79502,-73.94425,330.0,0,14
2024-05-07,394,110 St (6),40.79502,-73.94425,1377.0,1,14
2024-05-17,394,110 St (6),40.79502,-73.94425,17.0,0,14
2024-05-24,394,110 St (6),40.79502,-73.94425,1136.0,0,14
2024-05-31,394,110 St (6),40.79502,-73.94425,1493.0,1,14
2024-06-03,394,110 St (6),40.79502,-73.94425,1309.0,1,14
2024-06-13,394,110 St (6),40.79502,-73.94425,385.0,0,14
2024-06-18,394,110 St (6),40.79502,-73.94425,192.0,0,14
2024-06-20,394,110 St (6),40.79502,-73.94425,332.0,0,14
2024-06-21,394,110 St (6),40.79502,-73.94425,1121.0,0,14
2024-06-28,394,110 St (6),40.79502,-73.94425,650.0,0,14
2024-08-28,394,110 St (6),40.79502,-73.94425,1064.0,0,14
2024-08-29,394,110 St (6),40.79502,-73.94425,213.0,0,14
2024-09-04,394,110 St (6),40.79502,-73.94425,964.0,0,14
2024-09-05,394,110 St (6),40.79502,-73.94425,1700.0,1,14
2024-09-13,394,110 St (6),40.79502,-73.94425,1310.0,1,14
2024-09-28,394,110 St (6),40.79502,-73.94425,429.0,0,14
2024-10-14,394,110 St (6),40.79502,-73.94425,240.0,0,14
2024-11-21,394,110 St (6),40.79502,-73.94425,573.0,0,14
2024-11-22,394,110 St (6),40.79502,-73.94425,642.0,0,14
2024-12-03,394,110 St (6),40.79502,-73.94425,327.0,0,14
2024-12-13,394,110 St (6),40.79502,-73.94425,1296.0,1,14
2024-12-26,394,110 St (6),40.79502,-73.94425,660.0,0,14
2024-12-31,394,110 St (6),40.79502,-73.94425,968.0,0,14
2021-05-21,395,103 St (6),40.7906,-73.94748,191.0,0,11
2021-05-26,395,103 St (6),40.7906,-73.94748,1302.0,1,11
2021-06-10,395,103 St (6),40.7906,-73.94748,28.0,0,11
2021-06-21,395,103 St (6),40.7906,-73.94748,1127.0,0,11
2021-06-30,395,103 St (6),40.7906,-73.94748,783.0,0,11
2021-08-12,395,103 St (6),40.7906,-73.94748,62.0,0,11
2021-08-25,395,103 St (6),40.7906,-73.94748,63.0,0,11
2021-10-15,395,103 St (6),40.7906,-73.94748,457.0,0,11
2021-10-26,395,103 St (6),40.7906,-73.94748,1025.0,0,11
2021-10-27,395,103 St (6),40.7906,-73.94748,291.0,0,11
2021-11-17,395,103 St (6),40.7906,-73.94748,68.0,0,11
2021-11-18,395,103 St (6),40.7906,-73.94748,1579.0,1,11
2021-12-16,395,103 St (6),40.7906,-73.94748,34.0,0,11
2021-12-22,395,103 St (6),40.7906,-73.94748,550.0,0,11
2022-01-04,395,103 St (6),40.7906,-73.94748,326.0,0,11
2022-01-26,395,103 St (6),40.7906,-73.94748,1232.0,1,11
2022-02-07,395,103 St (6),40.7906,-73.94748,1223.0,1,11
2022-02-08,395,103 St (6),40.7906,-73.94748,1173.0,0,11
2022-02-09,395,103 St (6),40.7906,-73.94748,1170.0,0,11
2022-02-10,395,103 St (6),40.7906,-73.94748,443.0,0,11
2022-02-18,395,103 St (6),40.7906,-73.94748,1917.0,1,11
2022-03-02,395,103 St (6),40.7906,-73.94748,1710.0,1,11
2022-03-08,395,103 St (6),40.7906,-73.94748,2225.0,1,11
2022-03-15,395,103 St (6),40.7906,-73.94748,1603.0,1,11
2022-03-29,395,103 St (6),40.7906,-73.94748,1808.0,1,11
2022-04-07,395,103 St (6),40.7906,-73.94748,115.0,0,11
2022-04-20,395,103 St (6),40.7906,-73.94748,77.0,0,11
2022-04-21,395,103 St (6),40.7906,-73.94748,17.0,0,11
2022-04-27,395,103 St (6),40.7906,-73.94748,1203.0,1,11
2022-05-31,395,103 St (6),40.7906,-73.94748,560.0,0,11
2022-06-01,395,103 St (6),40.7906,-73.94748,1428.0,1,11
2022-07-18,395,103 St (6),40.7906,-73.94748,890.0,0,11
2022-08-05,395,103 St (6),40.7906,-73.94748,235.0,0,11
2022-08-08,395,103 St (6),40.7906,-73.94748,456.0,0,11
2022-08-09,395,103 St (6),40.7906,-73.94748,649.0,0,11
2022-08-30,395,103 St (6),40.7906,-73.94748,455.0,0,11
2022-09-13,395,103 St (6),40.7906,-73.94748,1727.0,1,11
2023-05-11,395,103 St (6),40.7906,-73.94748,334.0,0,11
2023-06-14,395,103 St (6),40.7906,-73.94748,566.0,0,11
2023-09-27,395,103 St (6),40.7906,-73.94748,1218.0,1,11
2023-10-04,395,103 St (6),40.7906,-73.94748,1014.0,0,11
2023-10-17,395,103 St (6),40.7906,-73.94748,1350.0,1,11
2023-11-02,395,103 St (6),40.7906,-73.94748,606.0,0,11
2023-11-03,395,103 St (6),40.7906,-73.94748,748.0,0,11
2023-11-08,395,103 St (6),40.7906,-73.94748,1007.0,0,11
2024-01-15,395,103 St (6),40.7906,-73.94748,812.0,0,11
2024-02-29,395,103 St (6),40.7906,-73.94748,333.0,0,11
2024-03-05,395,103 St (6),40.7906,-73.94748,1277.0,1,11
2024-04-05,395,103 St (6),40.7906,-73.94748,526.0,0,11
2024-04-16,395,103 St (6),40.7906,-73.94748,236.0,0,11
2024-05-03,395,103 St (6),40.7906,-73.94748,774.0,0,11
2024-05-07,395,103 St (6),40.7906,-73.94748,1312.0,1,11
2024-05-24,395,103 St (6),40.7906,-73.94748,1118.0,0,11
2024-05-31,395,103 St (6),40.7906,-73.94748,1020.0,0,11
2024-06-03,395,103 St (6),40.7906,-73.94748,1766.0,1,11
2024-06-13,395,103 St (6),40.7906,-73.94748,775.0,0,11
2024-06-18,395,103 St (6),40.7906,-73.94748,244.0,0,11
2024-06-20,395,103 St (6),40.7906,-73.94748,182.0,0,11
2024-06-21,395,103 St (6),40.7906,-73.94748,1255.0,1,11
2024-06-28,395,103 St (6),40.7906,-73.94748,640.0,0,11
2024-07-02,395,103 St (6),40.7906,-73.94748,151.0,0,11
2024-08-28,395,103 St (6),40.7906,-73.94748,755.0,0,11
2024-08-29,395,103 St (6),40.7906,-73.94748,73.0,0,11
2024-09-04,395,103 St (6),40.7906,-73.94748,1466.0,1,11
2024-09-05,395,103 St (6),40.7906,-73.94748,1413.0,1,11
2024-09-13,395,103 St (6),40.7906,-73.94748,1455.0,1,11
2024-09-28,395,103 St (6),40.7906,-73.94748,407.0,0,11
2024-11-21,395,103 St (6),40.7906,-73.94748,245.0,0,11
2024-11-22,395,103 St (6),40.7906,-73.94748,890.0,0,11
2024-12-03,395,103 St (6),40.7906,-73.94748,314.0,0,11
2024-12-07,395,103 St (6),40.7906,-73.94748,191.0,0,11
2024-12-13,395,103 St (6),40.7906,-73.94748,829.0,0,11
2024-12-26,395,103 St (6),40.7906,-73.94748,484.0,0,11
2024-12-31,395,103 St (6),40.7906,-73.94748,790.0,0,11
2021-05-21,396,96 St (6),40.78567,-73.95107,369.0,0,22
2021-05-26,396,96 St (6),40.78567,-73.95107,819.0,0,22
2021-06-10,396,96 St (6),40.78567,-73.95107,71.0,0,22
2021-06-21,396,96 St (6),40.78567,-73.95107,1265.0,1,22
2021-06-30,396,96 St (6),40.78567,-73.95107,727.0,0,22
2021-08-25,396,96 St (6),40.78567,-73.95107,471.0,0,22
2021-10-15,396,96 St (6),40.78567,-73.95107,54.0,0,22
2021-10-26,396,96 St (6),40.78567,-73.95107,1590.0,1,22
2021-10-27,396,96 St (6),40.78567,-73.95107,294.0,0,22
2021-11-17,396,96 St (6),40.78567,-73.95107,287.0,0,22
2021-11-18,396,96 St (6),40.78567,-73.95107,1696.0,1,22
2021-12-02,396,96 St (6),40.78567,-73.95107,328.0,0,22
2021-12-16,396,96 St (6),40.78567,-73.95107,323.0,0,22
2021-12-22,396,96 St (6),40.78567,-73.95107,87.0,0,22
2022-01-04,396,96 St (6),40.78567,-73.95107,286.0,0,22
2022-01-26,396,96 St (6),40.78567,-73.95107,1343.0,1,22
2022-02-07,396,96 St (6),40.78567,-73.95107,1932.0,1,22
2022-02-08,396,96 St (6),40.78567,-73.95107,1314.0,1,22
2022-02-09,396,96 St (6),40.78567,-73.95107,1217.0,1,22
2022-02-10,396,96 St (6),40.78567,-73.95107,543.0,0,22
2022-02-18,396,96 St (6),40.78567,-73.95107,1217.0,1,22
2022-03-02,396,96 St (6),40.78567,-73.95107,1793.0,1,22
2022-03-08,396,96 St (6),40.78567,-73.95107,1868.0,1,22
2022-03-15,396,96 St (6),40.78567,-73.95107,2170.0,1,22
2022-03-29,396,96 St (6),40.78567,-73.95107,2028.0,1,22
2022-04-07,396,96 St (6),40.78567,-73.95107,160.0,0,22
2022-04-20,396,96 St (6),40.78567,-73.95107,342.0,0,22
2022-04-27,396,96 St (6),40.78567,-73.95107,1267.0,1,22
2022-05-31,396,96 St (6),40.78567,-73.95107,384.0,0,22
2022-06-01,396,96 St (6),40.78567,-73.95107,1842.0,1,22
2022-07-18,396,96 St (6),40.78567,-73.95107,917.0,0,22
2022-08-05,396,96 St (6),40.78567,-73.95107,272.0,0,22
2022-08-08,396,96 St (6),40.78567,-73.95107,454.0,0,22
2022-08-09,396,96 St (6),40.78567,-73.95107,2208.0,1,22
2022-08-30,396,96 St (6),40.78567,-73.95107,713.0,0,22
2022-09-13,396,96 St (6),40.78567,-73.95107,1866.0,1,22
2023-05-11,396,96 St (6),40.78567,-73.95107,321.0,0,22
2023-06-14,396,96 St (6),40.78567,-73.95107,438.0,0,22
2023-09-27,396,96 St (6),40.78567,-73.95107,549.0,0,22
2023-10-04,396,96 St (6),40.78567,-73.95107,91.0,0,22
2023-10-17,396,96 St (6),40.78567,-73.95107,1260.0,1,22
2023-11-02,396,96 St (6),40.78567,-73.95107,1241.0,1,22
2023-11-03,396,96 St (6),40.78567,-73.95107,695.0,0,22
2023-11-08,396,96 St (6),40.78567,-73.95107,2057.0,1,22
2023-11-23,396,96 St (6),40.78567,-73.95107,58.0,0,22
2024-01-15,396,96 St (6),40.78567,-73.95107,506.0,0,22
2024-02-29,396,96 St (6),40.78567,-73.95107,1276.0,1,22
2024-03-05,396,96 St (6),40.78567,-73.95107,1769.0,1,22
2024-04-05,396,96 St (6),40.78567,-73.95107,551.0,0,22
2024-04-16,396,96 St (6),40.78567,-73.95107,304.0,0,22
2024-05-03,396,96 St (6),40.78567,-73.95107,893.0,0,22
2024-05-07,396,96 St (6),40.78567,-73.95107,1725.0,1,22
2024-05-17,396,96 St (6),40.78567,-73.95107,400.0,0,22
2024-05-24,396,96 St (6),40.78567,-73.95107,1589.0,1,22
2024-05-31,396,96 St (6),40.78567,-73.95107,1424.0,1,22
2024-06-03,396,96 St (6),40.78567,-73.95107,2536.0,1,22
2024-06-13,396,96 St (6),40.78567,-73.95107,256.0,0,22
2024-06-18,396,96 St (6),40.78567,-73.95107,345.0,0,22
2024-06-20,396,96 St (6),40.78567,-73.95107,230.0,0,22
2024-06-21,396,96 St (6),40.78567,-73.95107,2058.0,1,22
2024-06-28,396,96 St (6),40.78567,-73.95107,635.0,0,22
2024-08-28,396,96 St (6),40.78567,-73.95107,1078.0,0,22
2024-08-29,396,96 St (6),40.78567,-73.95107,130.0,0,22
2024-09-04,396,96 St (6),40.78567,-73.95107,3031.0,1,22
2024-09-05,396,96 St (6),40.78567,-73.95107,2797.0,1,22
2024-09-13,396,96 St (6),40.78567,-73.95107,2400.0,1,22
2024-09-28,396,96 St (6),40.78567,-73.95107,119.0,0,22
2024-11-21,396,96 St (6),40.78567,-73.95107,65.0,0,22
2024-11-22,396,96 St (6),40.78567,-73.95107,941.0,0,22
2024-12-03,396,96 St (6),40.78567,-73.95107,568.0,0,22
2024-12-13,396,96 St (6),40.78567,-73.95107,1185.0,1,22
2024-12-26,396,96 St (6),40.78567,-73.95107,790.0,0,22
2024-12-31,396,96 St (6),40.78567,-73.95107,1060.0,0,22
2021-05-21,397,"86 St (4,5,6)",40.77949,-73.95559,422.0,0,38
2021-05-26,397,"86 St (4,5,6)",40.77949,-73.95559,1977.0,1,38
2021-06-10,397,"86 St (4,5,6)",40.77949,-73.95559,84.0,0,38
2021-06-21,397,"86 St (4,5,6)",40.77949,-73.95559,1989.0,1,38
2021-06-30,397,"86 St (4,5,6)",40.77949,-73.95559,2301.0,1,38
2021-08-25,397,"86 St (4,5,6)",40.77949,-73.95559,1032.0,0,38
2021-10-15,397,"86 St (4,5,6)",40.77949,-73.95559,411.0,0,38
2021-10-26,397,"86 St (4,5,6)",40.77949,-73.95559,3078.0,1,38
2021-11-17,397,"86 St (4,5,6)",40.77949,-73.95559,57.0,0,38
2021-11-18,397,"86 St (4,5,6)",40.77949,-73.95559,3416.0,1,38
2021-12-16,397,"86 St (4,5,6)",40.77949,-73.95559,14.0,0,38
2021-12-22,397,"86 St (4,5,6)",40.77949,-73.95559,774.0,0,38
2022-01-04,397,"86 St (4,5,6)",40.77949,-73.95559,602.0,0,38
2022-01-26,397,"86 St (4,5,6)",40.77949,-73.95559,2866.0,1,38
2022-02-07,397,"86 St (4,5,6)",40.77949,-73.95559,3053.0,1,38
2022-02-08,397,"86 St (4,5,6)",40.77949,-73.95559,3072.0,1,38
2022-02-09,397,"86 St (4,5,6)",40.77949,-73.95559,2614.0,1,38
2022-02-10,397,"86 St (4,5,6)",40.77949,-73.95559,604.0,0,38
2022-02-18,397,"86 St (4,5,6)",40.77949,-73.95559,2823.0,1,38
2022-03-02,397,"86 St (4,5,6)",40.77949,-73.95559,2712.0,1,38
2022-03-08,397,"86 St (4,5,6)",40.77949,-73.95559,5060.0,1,38
2022-03-15,397,"86 St (4,5,6)",40.77949,-73.95559,3726.0,1,38
2022-03-29,397,"86 St (4,5,6)",40.77949,-73.95559,5110.0,1,38
2022-04-07,397,"86 St (4,5,6)",40.77949,-73.95559,240.0,0,38
2022-04-20,397,"86 St (4,5,6)",40.77949,-73.95559,871.0,0,38
2022-04-27,397,"86 St (4,5,6)",40.77949,-73.95559,4206.0,1,38
2022-05-31,397,"86 St (4,5,6)",40.77949,-73.95559,334.0,0,38
2022-06-01,397,"86 St (4,5,6)",40.77949,-73.95559,4245.0,1,38
2022-07-18,397,"86 St (4,5,6)",40.77949,-73.95559,914.0,0,38
2022-08-05,397,"86 St (4,5,6)",40.77949,-73.95559,560.0,0,38
2022-08-08,397,"86 St (4,5,6)",40.77949,-73.95559,582.0,0,38
2022-08-09,397,"86 St (4,5,6)",40.77949,-73.95559,3845.0,1,38
2022-08-30,397,"86 St (4,5,6)",40.77949,-73.95559,1612.0,1,38
2022-09-13,397,"86 St (4,5,6)",40.77949,-73.95559,6626.0,1,38
2023-05-11,397,"86 St (4,5,6)",40.77949,-73.95559,118.0,0,38
2023-06-14,397,"86 St (4,5,6)",40.77949,-73.95559,1817.0,1,38
2023-09-27,397,"86 St (4,5,6)",40.77949,-73.95559,3877.0,1,38
2023-10-04,397,"86 St (4,5,6)",40.77949,-73.95559,1746.0,1,38
2023-10-17,397,"86 St (4,5,6)",40.77949,-73.95559,4995.0,1,38
2023-11-02,397,"86 St (4,5,6)",40.77949,-73.95559,3101.0,1,38
2023-11-03,397,"86 St (4,5,6)",40.77949,-73.95559,370.0,0,38
2023-11-08,397,"86 St (4,5,6)",40.77949,-73.95559,2570.0,1,38
2023-11-23,397,"86 St (4,5,6)",40.77949,-73.95559,32.0,0,38
2024-01-15,397,"86 St (4,5,6)",40.77949,-73.95559,1518.0,1,38
2024-02-29,397,"86 St (4,5,6)",40.77949,-73.95559,1122.0,0,38
2024-03-05,397,"86 St (4,5,6)",40.77949,-73.95559,3145.0,1,38
2024-04-05,397,"86 St (4,5,6)",40.77949,-73.95559,1377.0,1,38
2024-04-16,397,"86 St (4,5,6)",40.77949,-73.95559,566.0,0,38
2024-05-03,397,"86 St (4,5,6)",40.77949,-73.95559,4640.0,1,38
2024-05-07,397,"86 St (4,5,6)",40.77949,-73.95559,6479.0,1,38
2024-05-17,397,"86 St (4,5,6)",40.77949,-73.95559,16.0,0,38
2024-05-24,397,"86 St (4,5,6)",40.77949,-73.95559,4128.0,1,38
2024-05-31,397,"86 St (4,5,6)",40.77949,-73.95559,2672.0,1,38
2024-06-03,397,"86 St (4,5,6)",40.77949,-73.95559,4321.0,1,38
2024-06-13,397,"86 St (4,5,6)",40.77949,-73.95559,260.0,0,38
2024-06-18,397,"86 St (4,5,6)",40.77949,-73.95559,414.0,0,38
2024-06-20,397,"86 St (4,5,6)",40.77949,-73.95559,597.0,0,38
2024-06-21,397,"86 St (4,5,6)",40.77949,-73.95559,4151.0,1,38
2024-06-28,397,"86 St (4,5,6)",40.77949,-73.95559,3249.0,1,38
2024-08-28,397,"86 St (4,5,6)",40.77949,-73.95559,1699.0,1,38
2024-08-29,397,"86 St (4,5,6)",40.77949,-73.95559,905.0,0,38
2024-09-04,397,"86 St (4,5,6)",40.77949,-73.95559,3427.0,1,38
2024-09-05,397,"86 St (4,5,6)",40.77949,-73.95559,4953.0,1,38
2024-09-13,397,"86 St (4,5,6)",40.77949,-73.95559,2734.0,1,38
2024-09-28,397,"86 St (4,5,6)",40.77949,-73.95559,872.0,0,38
2024-10-14,397,"86 St (4,5,6)",40.77949,-73.95559,55.0,0,38
2024-11-16,397,"86 St (4,5,6)",40.77949,-73.95559,22.0,0,38
2024-11-21,397,"86 St (4,5,6)",40.77949,-73.95559,907.0,0,38
2024-11-22,397,"86 St (4,5,6)",40.77949,-73.95559,1198.0,1,38
2024-12-03,397,"86 St (4,5,6)",40.77949,-73.95559,149.0,0,38
2024-12-13,397,"86 St (4,5,6)",40.77949,-73.95559,2110.0,1,38
2024-12-26,397,"86 St (4,5,6)",40.77949,-73.95559,1157.0,0,38
2024-12-31,397,"86 St (4,5,6)",40.77949,-73.95559,2558.0,1,38
2021-05-21,398,77 St (6),40.77362,-73.95988,111.0,0,22
2021-05-26,398,77 St (6),40.77362,-73.95988,1386.0,1,22
2021-06-10,398,77 St (6),40.77362,-73.95988,121.0,0,22
2021-06-21,398,77 St (6),40.77362,-73.95988,1559.0,1,22
2021-06-30,398,77 St (6),40.77362,-73.95988,1338.0,1,22
2021-08-25,398,77 St (6),40.77362,-73.95988,266.0,0,22
2021-10-15,398,77 St (6),40.77362,-73.95988,71.0,0,22
2021-10-19,398,77 St (6),40.77362,-73.95988,66.0,0,22
2021-10-26,398,77 St (6),40.77362,-73.95988,1574.0,1,22
2021-10-27,398,77 St (6),40.77362,-73.95988,327.0,0,22
2021-11-17,398,77 St (6),40.77362,-73.95988,101.0,0,22
2021-11-18,398,77 St (6),40.77362,-73.95988,2645.0,1,22
2021-12-02,398,77 St (6),40.77362,-73.95988,97.0,0,22
2021-12-16,398,77 St (6),40.77362,-73.95988,620.0,0,22
2021-12-22,398,77 St (6),40.77362,-73.95988,333.0,0,22
2022-01-04,398,77 St (6),40.77362,-73.95988,658.0,0,22
2022-01-26,398,77 St (6),40.77362,-73.95988,2053.0,1,22
2022-02-07,398,77 St (6),40.77362,-73.95988,1494.0,1,22
2022-02-08,398,77 St (6),40.77362,-73.95988,1843.0,1,22
2022-02-09,398,77 St (6),40.77362,-73.95988,609.0,0,22
2022-02-10,398,77 St (6),40.77362,-73.95988,252.0,0,22
2022-02-18,398,77 St (6),40.77362,-73.95988,1281.0,1,22
2022-03-02,398,77 St (6),40.77362,-73.95988,2163.0,1,22
2022-03-08,398,77 St (6),40.77362,-73.95988,2652.0,1,22
2022-03-15,398,77 St (6),40.77362,-73.95988,1935.0,1,22
2022-03-29,398,77 St (6),40.77362,-73.95988,2110.0,1,22
2022-04-07,398,77 St (6),40.77362,-73.95988,433.0,0,22
2022-04-20,398,77 St (6),40.77362,-73.95988,10.0,0,22
2022-04-27,398,77 St (6),40.77362,-73.95988,1687.0,1,22
2022-05-31,398,77 St (6),40.77362,-73.95988,75.0,0,22
2022-06-01,398,77 St (6),40.77362,-73.95988,1793.0,1,22
2022-07-18,398,77 St (6),40.77362,-73.95988,1144.0,0,22
2022-08-05,398,77 St (6),40.77362,-73.95988,426.0,0,22
2022-08-08,398,77 St (6),40.77362,-73.95988,824.0,0,22
2022-08-09,398,77 St (6),40.77362,-73.95988,2545.0,1,22
2022-08-30,398,77 St (6),40.77362,-73.95988,744.0,0,22
2022-09-13,398,77 St (6),40.77362,-73.95988,3175.0,1,22
2023-05-10,398,77 St (6),40.77362,-73.95988,1128.0,0,22
2023-05-11,398,77 St (6),40.77362,-73.95988,1661.0,1,22
2023-06-14,398,77 St (6),40.77362,-73.95988,430.0,0,22
2023-09-27,398,77 St (6),40.77362,-73.95988,1282.0,1,22
2023-10-04,398,77 St (6),40.77362,-73.95988,222.0,0,22
2023-10-17,398,77 St (6),40.77362,-73.95988,4614.0,1,22
2023-11-02,398,77 St (6),40.77362,-73.95988,1065.0,0,22
2023-11-03,398,77 St (6),40.77362,-73.95988,910.0,0,22
2023-11-08,398,77 St (6),40.77362,-73.95988,1364.0,1,22
2023-11-17,398,77 St (6),40.77362,-73.95988,12.0,0,22
2023-11-23,398,77 St (6),40.77362,-73.95988,61.0,0,22
2024-01-15,398,77 St (6),40.77362,-73.95988,755.0,0,22
2024-02-29,398,77 St (6),40.77362,-73.95988,2413.0,1,22
2024-03-05,398,77 St (6),40.77362,-73.95988,3251.0,1,22
2024-04-05,398,77 St (6),40.77362,-73.95988,158.0,0,22
2024-04-16,398,77 St (6),40.77362,-73.95988,99.0,0,22
2024-05-03,398,77 St (6),40.77362,-73.95988,2068.0,1,22
2024-05-07,398,77 St (6),40.77362,-73.95988,3814.0,1,22
2024-05-17,398,77 St (6),40.77362,-73.95988,26.0,0,22
2024-05-24,398,77 St (6),40.77362,-73.95988,986.0,0,22
2024-05-31,398,77 St (6),40.77362,-73.95988,1071.0,0,22
2024-06-03,398,77 St (6),40.77362,-73.95988,3566.0,1,22
2024-06-13,398,77 St (6),40.77362,-73.95988,516.0,0,22
2024-06-18,398,77 St (6),40.77362,-73.95988,65.0,0,22
2024-06-20,398,77 St (6),40.77362,-73.95988,1127.0,0,22
2024-06-21,398,77 St (6),40.77362,-73.95988,2057.0,1,22
2024-06-28,398,77 St (6),40.77362,-73.95988,207.0,0,22
2024-08-28,398,77 St (6),40.77362,-73.95988,2249.0,1,22
2024-08-29,398,77 St (6),40.77362,-73.95988,228.0,0,22
2024-09-04,398,77 St (6),40.77362,-73.95988,4131.0,1,22
2024-09-05,398,77 St (6),40.77362,-73.95988,4334.0,1,22
2024-09-13,398,77 St (6),40.77362,-73.95988,2101.0,1,22
2024-09-28,398,77 St (6),40.77362,-73.95988,291.0,0,22
2024-11-16,398,77 St (6),40.77362,-73.95988,59.0,0,22
2024-11-21,398,77 St (6),40.77362,-73.95988,166.0,0,22
2024-11-22,398,77 St (6),40.77362,-73.95988,2767.0,1,22
2024-12-03,398,77 St (6),40.77362,-73.95988,2686.0,1,22
2024-12-13,398,77 St (6),40.77362,-73.95988,2131.0,1,22
2024-12-26,398,77 St (6),40.77362,-73.95988,764.0,0,22
2024-12-31,398,77 St (6),40.77362,-73.95988,1518.0,1,22
2021-05-21,399,68 St-Hunter College (6),40.768143,-73.96387,144.0,0,26
2021-05-26,399,68 St-Hunter College (6),40.768143,-73.96387,796.0,0,26
2021-06-10,399,68 St-Hunter College (6),40.768143,-73.96387,66.0,0,26
2021-06-21,399,68 St-Hunter College (6),40.768143,-73.96387,534.0,0,26
2021-06-30,399,68 St-Hunter College (6),40.768143,-73.96387,661.0,0,26
2021-08-25,399,68 St-Hunter College (6),40.768143,-73.96387,195.0,0,26
2021-10-15,399,68 St-Hunter College (6),40.768143,-73.96387,88.0,0,26
2021-10-26,399,68 St-Hunter College (6),40.768143,-73.96387,1203.0,1,26
2021-10-27,399,68 St-Hunter College (6),40.768143,-73.96387,88.0,0,26
2021-11-17,399,68 St-Hunter College (6),40.768143,-73.96387,97.0,0,26
2021-11-18,399,68 St-Hunter College (6),40.768143,-73.96387,1734.0,1,26
2021-12-02,399,68 St-Hunter College (6),40.768143,-73.96387,27.0,0,26
2021-12-16,399,68 St-Hunter College (6),40.768143,-73.96387,176.0,0,26
2021-12-22,399,68 St-Hunter College (6),40.768143,-73.96387,238.0,0,26
2022-01-04,399,68 St-Hunter College (6),40.768143,-73.96387,142.0,0,26
2022-01-26,399,68 St-Hunter College (6),40.768143,-73.96387,949.0,0,26
2022-02-07,399,68 St-Hunter College (6),40.768143,-73.96387,698.0,0,26
2022-02-08,399,68 St-Hunter College (6),40.768143,-73.96387,901.0,0,26
2022-02-09,399,68 St-Hunter College (6),40.768143,-73.96387,596.0,0,26
2022-02-10,399,68 St-Hunter College (6),40.768143,-73.96387,135.0,0,26
2022-02-18,399,68 St-Hunter College (6),40.768143,-73.96387,1159.0,0,26
2022-03-02,399,68 St-Hunter College (6),40.768143,-73.96387,1120.0,0,26
2022-03-08,399,68 St-Hunter College (6),40.768143,-73.96387,1168.0,0,26
2022-03-15,399,68 St-Hunter College (6),40.768143,-73.96387,1330.0,1,26
2022-03-29,399,68 St-Hunter College (6),40.768143,-73.96387,1582.0,1,26
2022-04-07,399,68 St-Hunter College (6),40.768143,-73.96387,198.0,0,26
2022-04-20,399,68 St-Hunter College (6),40.768143,-73.96387,233.0,0,26
2022-04-27,399,68 St-Hunter College (6),40.768143,-73.96387,1162.0,0,26
2022-05-31,399,68 St-Hunter College (6),40.768143,-73.96387,254.0,0,26
2022-06-01,399,68 St-Hunter College (6),40.768143,-73.96387,1006.0,0,26
2022-07-18,399,68 St-Hunter College (6),40.768143,-73.96387,818.0,0,26
2022-08-05,399,68 St-Hunter College (6),40.768143,-73.96387,319.0,0,26
2022-08-08,399,68 St-Hunter College (6),40.768143,-73.96387,229.0,0,26
2022-08-09,399,68 St-Hunter College (6),40.768143,-73.96387,1389.0,1,26
2022-08-30,399,68 St-Hunter College (6),40.768143,-73.96387,338.0,0,26
2022-09-13,399,68 St-Hunter College (6),40.768143,-73.96387,1186.0,1,26
2023-05-11,399,68 St-Hunter College (6),40.768143,-73.96387,37.0,0,26
2023-06-14,399,68 St-Hunter College (6),40.768143,-73.96387,144.0,0,26
2023-09-27,399,68 St-Hunter College (6),40.768143,-73.96387,1127.0,0,26
2023-10-04,399,68 St-Hunter College (6),40.768143,-73.96387,417.0,0,26
2023-10-17,399,68 St-Hunter College (6),40.768143,-73.96387,1315.0,1,26
2023-11-02,399,68 St-Hunter College (6),40.768143,-73.96387,899.0,0,26
2023-11-03,399,68 St-Hunter College (6),40.768143,-73.96387,658.0,0,26
2023-11-08,399,68 St-Hunter College (6),40.768143,-73.96387,1709.0,1,26
2023-11-17,399,68 St-Hunter College (6),40.768143,-73.96387,123.0,0,26
2023-11-23,399,68 St-Hunter College (6),40.768143,-73.96387,5.0,0,26
2024-01-15,399,68 St-Hunter College (6),40.768143,-73.96387,352.0,0,26
2024-02-29,399,68 St-Hunter College (6),40.768143,-73.96387,348.0,0,26
2024-03-05,399,68 St-Hunter College (6),40.768143,-73.96387,2192.0,1,26
2024-04-05,399,68 St-Hunter College (6),40.768143,-73.96387,219.0,0,26
2024-04-16,399,68 St-Hunter College (6),40.768143,-73.96387,495.0,0,26
2024-05-03,399,68 St-Hunter College (6),40.768143,-73.96387,613.0,0,26
2024-05-07,399,68 St-Hunter College (6),40.768143,-73.96387,1286.0,1,26
2024-05-17,399,68 St-Hunter College (6),40.768143,-73.96387,40.0,0,26
2024-05-24,399,68 St-Hunter College (6),40.768143,-73.96387,861.0,0,26
2024-05-31,399,68 St-Hunter College (6),40.768143,-73.96387,807.0,0,26
2024-06-03,399,68 St-Hunter College (6),40.768143,-73.96387,1565.0,1,26
2024-06-13,399,68 St-Hunter College (6),40.768143,-73.96387,653.0,0,26
2024-06-18,399,68 St-Hunter College (6),40.768143,-73.96387,236.0,0,26
2024-06-20,399,68 St-Hunter College (6),40.768143,-73.96387,117.0,0,26
2024-06-21,399,68 St-Hunter College (6),40.768143,-73.96387,1232.0,1,26
2024-06-28,399,68 St-Hunter College (6),40.768143,-73.96387,364.0,0,26
2024-08-28,399,68 St-Hunter College (6),40.768143,-73.96387,644.0,0,26
2024-08-29,399,68 St-Hunter College (6),40.768143,-73.96387,34.0,0,26
2024-09-04,399,68 St-Hunter College (6),40.768143,-73.96387,1375.0,1,26
2024-09-05,399,68 St-Hunter College (6),40.768143,-73.96387,2418.0,1,26
2024-09-13,399,68 St-Hunter College (6),40.768143,-73.96387,1528.0,1,26
2024-09-28,399,68 St-Hunter College (6),40.768143,-73.96387,404.0,0,26
2024-10-14,399,68 St-Hunter College (6),40.768143,-73.96387,15.0,0,26
2024-11-21,399,68 St-Hunter College (6),40.768143,-73.96387,775.0,0,26
2024-11-22,399,68 St-Hunter College (6),40.768143,-73.96387,672.0,0,26
2024-12-03,399,68 St-Hunter College (6),40.768143,-73.96387,787.0,0,26
2024-12-13,399,68 St-Hunter College (6),40.768143,-73.96387,1575.0,1,26
2024-12-26,399,68 St-Hunter College (6),40.768143,-73.96387,492.0,0,26
2024-12-31,399,68 St-Hunter College (6),40.768143,-73.96387,763.0,0,26
2021-05-21,403,33 St (6),40.746082,-73.98208,193.0,0,66
2021-05-26,403,33 St (6),40.746082,-73.98208,1237.0,1,66
2021-06-10,403,33 St (6),40.746082,-73.98208,342.0,0,66
2021-06-21,403,33 St (6),40.746082,-73.98208,1164.0,0,66
2021-06-30,403,33 St (6),40.746082,-73.98208,1298.0,1,66
2021-08-25,403,33 St (6),40.746082,-73.98208,100.0,0,66
2021-10-15,403,33 St (6),40.746082,-73.98208,73.0,0,66
2021-10-26,403,33 St (6),40.746082,-73.98208,2610.0,1,66
2021-10-27,403,33 St (6),40.746082,-73.98208,245.0,0,66
2021-11-17,403,33 St (6),40.746082,-73.98208,18.0,0,66
2021-11-18,403,33 St (6),40.746082,-73.98208,1635.0,1,66
2021-12-02,403,33 St (6),40.746082,-73.98208,65.0,0,66
2021-12-16,403,33 St (6),40.746082,-73.98208,229.0,0,66
2021-12-22,403,33 St (6),40.746082,-73.98208,495.0,0,66
2022-01-04,403,33 St (6),40.746082,-73.98208,490.0,0,66
2022-01-26,403,33 St (6),40.746082,-73.98208,1188.0,1,66
2022-02-07,403,33 St (6),40.746082,-73.98208,1221.0,1,66
2022-02-08,403,33 St (6),40.746082,-73.98208,1222.0,1,66
2022-02-09,403,33 St (6),40.746082,-73.98208,777.0,0,66
2022-02-10,403,33 St (6),40.746082,-73.98208,252.0,0,66
2022-02-18,403,33 St (6),40.746082,-73.98208,1572.0,1,66
2022-03-02,403,33 St (6),40.746082,-73.98208,2023.0,1,66
2022-03-08,403,33 St (6),40.746082,-73.98208,2250.0,1,66
2022-03-15,403,33 St (6),40.746082,-73.98208,2579.0,1,66
2022-03-29,403,33 St (6),40.746082,-73.98208,1872.0,1,66
2022-04-07,403,33 St (6),40.746082,-73.98208,130.0,0,66
2022-04-20,403,33 St (6),40.746082,-73.98208,744.0,0,66
2022-04-21,403,33 St (6),40.746082,-73.98208,26.0,0,66
2022-04-27,403,33 St (6),40.746082,-73.98208,1643.0,1,66
2022-05-31,403,33 St (6),40.746082,-73.98208,1309.0,1,66
2022-06-01,403,33 St (6),40.746082,-73.98208,1383.0,1,66
2022-07-18,403,33 St (6),40.746082,-73.98208,1767.0,1,66
2022-08-05,403,33 St (6),40.746082,-73.98208,100.0,0,66
2022-08-08,403,33 St (6),40.746082,-73.98208,1030.0,0,66
2022-08-09,403,33 St (6),40.746082,-73.98208,2419.0,1,66
2022-08-30,403,33 St (6),40.746082,-73.98208,1237.0,1,66
2022-09-13,403,33 St (6),40.746082,-73.98208,2125.0,1,66
2023-05-11,403,33 St (6),40.746082,-73.98208,857.0,0,66
2023-06-14,403,33 St (6),40.746082,-73.98208,745.0,0,66
2023-09-27,403,33 St (6),40.746082,-73.98208,1941.0,1,66
2023-10-04,403,33 St (6),40.746082,-73.98208,315.0,0,66
2023-10-17,403,33 St (6),40.746082,-73.98208,1770.0,1,66
2023-11-02,403,33 St (6),40.746082,-73.98208,2370.0,1,66
2023-11-03,403,33 St (6),40.746082,-73.98208,322.0,0,66
2023-11-08,403,33 St (6),40.746082,-73.98208,913.0,0,66
2023-11-23,403,33 St (6),40.746082,-73.98208,10.0,0,66
2024-01-15,403,33 St (6),40.746082,-73.98208,1069.0,0,66
2024-02-29,403,33 St (6),40.746082,-73.98208,1691.0,1,66
2024-03-05,403,33 St (6),40.746082,-73.98208,3788.0,1,66
2024-04-05,403,33 St (6),40.746082,-73.98208,1475.0,1,66
2024-04-16,403,33 St (6),40.746082,-73.98208,1534.0,1,66
2024-05-03,403,33 St (6),40.746082,-73.98208,1430.0,1,66
2024-05-07,403,33 St (6),40.746082,-73.98208,3260.0,1,66
2024-05-17,403,33 St (6),40.746082,-73.98208,103.0,0,66
2024-05-24,403,33 St (6),40.746082,-73.98208,1409.0,1,66
2024-05-31,403,33 St (6),40.746082,-73.98208,1751.0,1,66
2024-06-03,403,33 St (6),40.746082,-73.98208,2603.0,1,66
2024-06-13,403,33 St (6),40.746082,-73.98208,1277.0,1,66
2024-06-18,403,33 St (6),40.746082,-73.98208,90.0,0,66
2024-06-20,403,33 St (6),40.746082,-73.98208,636.0,0,66
2024-06-21,403,33 St (6),40.746082,-73.98208,1543.0,1,66
2024-06-28,403,33 St (6),40.746082,-73.98208,1156.0,0,66
2024-08-28,403,33 St (6),40.746082,-73.98208,2586.0,1,66
2024-08-29,403,33 St (6),40.746082,-73.98208,1074.0,0,66
2024-09-04,403,33 St (6),40.746082,-73.98208,1905.0,1,66
2024-09-05,403,33 St (6),40.746082,-73.98208,1821.0,1,66
2024-09-13,403,33 St (6),40.746082,-73.98208,3200.0,1,66
2024-09-28,403,33 St (6),40.746082,-73.98208,419.0,0,66
2024-11-21,403,33 St (6),40.746082,-73.98208,337.0,0,66
2024-11-22,403,33 St (6),40.746082,-73.98208,977.0,0,66
2024-12-03,403,33 St (6),40.746082,-73.98208,709.0,0,66
2024-12-07,403,33 St (6),40.746082,-73.98208,11.0,0,66
2024-12-13,403,33 St (6),40.746082,-73.98208,424.0,0,66
2024-12-26,403,33 St (6),40.746082,-73.98208,1203.0,1,66
2024-12-31,403,33 St (6),40.746082,-73.98208,729.0,0,66
2021-05-21,404,28 St (6),40.74307,-73.98426,46.0,0,64
2021-05-26,404,28 St (6),40.74307,-73.98426,699.0,0,64
2021-06-10,404,28 St (6),40.74307,-73.98426,51.0,0,64
2021-06-21,404,28 St (6),40.74307,-73.98426,647.0,0,64
2021-06-30,404,28 St (6),40.74307,-73.98426,722.0,0,64
2021-08-25,404,28 St (6),40.74307,-73.98426,292.0,0,64
2021-10-15,404,28 St (6),40.74307,-73.98426,81.0,0,64
2021-10-26,404,28 St (6),40.74307,-73.98426,1412.0,1,64
2021-10-27,404,28 St (6),40.74307,-73.98426,82.0,0,64
2021-11-17,404,28 St (6),40.74307,-73.98426,383.0,0,64
2021-11-18,404,28 St (6),40.74307,-73.98426,1023.0,0,64
2021-11-19,404,28 St (6),40.74307,-73.98426,217.0,0,64
2021-12-02,404,28 St (6),40.74307,-73.98426,42.0,0,64
2021-12-16,404,28 St (6),40.74307,-73.98426,288.0,0,64
2021-12-22,404,28 St (6),40.74307,-73.98426,190.0,0,64
2022-01-04,404,28 St (6),40.74307,-73.98426,248.0,0,64
2022-01-26,404,28 St (6),40.74307,-73.98426,917.0,0,64
2022-02-07,404,28 St (6),40.74307,-73.98426,1273.0,1,64
2022-02-08,404,28 St (6),40.74307,-73.98426,1134.0,0,64
2022-02-09,404,28 St (6),40.74307,-73.98426,974.0,0,64
2022-02-10,404,28 St (6),40.74307,-73.98426,319.0,0,64
2022-02-18,404,28 St (6),40.74307,-73.98426,1146.0,0,64
2022-03-02,404,28 St (6),40.74307,-73.98426,1262.0,1,64
2022-03-08,404,28 St (6),40.74307,-73.98426,1524.0,1,64
2022-03-15,404,28 St (6),40.74307,-73.98426,1336.0,1,64
2022-03-29,404,28 St (6),40.74307,-73.98426,1841.0,1,64
2022-04-07,404,28 St (6),40.74307,-73.98426,25.0,0,64
2022-04-20,404,28 St (6),40.74307,-73.98426,61.0,0,64
2022-04-27,404,28 St (6),40.74307,-73.98426,1298.0,1,64
2022-05-31,404,28 St (6),40.74307,-73.98426,336.0,0,64
2022-06-01,404,28 St (6),40.74307,-73.98426,1952.0,1,64
2022-07-18,404,28 St (6),40.74307,-73.98426,921.0,0,64
2022-08-08,404,28 St (6),40.74307,-73.98426,114.0,0,64
2022-08-09,404,28 St (6),40.74307,-73.98426,1619.0,1,64
2022-08-30,404,28 St (6),40.74307,-73.98426,564.0,0,64
2022-09-13,404,28 St (6),40.74307,-73.98426,1744.0,1,64
2023-05-11,404,28 St (6),40.74307,-73.98426,96.0,0,64
2023-06-14,404,28 St (6),40.74307,-73.98426,1078.0,0,64
2023-09-27,404,28 St (6),40.74307,-73.98426,1587.0,1,64
2023-10-04,404,28 St (6),40.74307,-73.98426,635.0,0,64
2023-10-17,404,28 St (6),40.74307,-73.98426,2108.0,1,64
2023-11-02,404,28 St (6),40.74307,-73.98426,1256.0,1,64
2023-11-03,404,28 St (6),40.74307,-73.98426,699.0,0,64
2023-11-08,404,28 St (6),40.74307,-73.98426,1846.0,1,64
2023-11-17,404,28 St (6),40.74307,-73.98426,22.0,0,64
2023-11-23,404,28 St (6),40.74307,-73.98426,8.0,0,64
2024-01-15,404,28 St (6),40.74307,-73.98426,902.0,0,64
2024-02-29,404,28 St (6),40.74307,-73.98426,770.0,0,64
2024-03-05,404,28 St (6),40.74307,-73.98426,3135.0,1,64
2024-04-05,404,28 St (6),40.74307,-73.98426,1593.0,1,64
2024-04-16,404,28 St (6),40.74307,-73.98426,82.0,0,64
2024-05-03,404,28 St (6),40.74307,-73.98426,817.0,0,64
2024-05-07,404,28 St (6),40.74307,-73.98426,1516.0,1,64
2024-05-17,404,28 St (6),40.74307,-73.98426,218.0,0,64
2024-05-24,404,28 St (6),40.74307,-73.98426,1015.0,0,64
2024-05-31,404,28 St (6),40.74307,-73.98426,1100.0,0,64
2024-06-03,404,28 St (6),40.74307,-73.98426,2018.0,1,64
2024-06-13,404,28 St (6),40.74307,-73.98426,556.0,0,64
2024-06-18,404,28 St (6),40.74307,-73.98426,741.0,0,64
2024-06-20,404,28 St (6),40.74307,-73.98426,704.0,0,64
2024-06-21,404,28 St (6),40.74307,-73.98426,1691.0,1,64
2024-06-28,404,28 St (6),40.74307,-73.98426,464.0,0,64
2024-08-28,404,28 St (6),40.74307,-73.98426,997.0,0,64
2024-08-29,404,28 St (6),40.74307,-73.98426,4.0,0,64
2024-09-04,404,28 St (6),40.74307,-73.98426,1171.0,0,64
2024-09-05,404,28 St (6),40.74307,-73.98426,2457.0,1,64
2024-09-13,404,28 St (6),40.74307,-73.98426,1784.0,1,64
2024-09-28,404,28 St (6),40.74307,-73.98426,408.0,0,64
2024-11-21,404,28 St (6),40.74307,-73.98426,1742.0,1,64
2024-11-22,404,28 St (6),40.74307,-73.98426,989.0,0,64
2024-12-03,404,28 St (6),40.74307,-73.98426,314.0,0,64
2024-12-13,404,28 St (6),40.74307,-73.98426,1724.0,1,64
2024-12-26,404,28 St (6),40.74307,-73.98426,703.0,0,64
2024-12-31,404,28 St (6),40.74307,-73.98426,1063.0,0,64
2021-05-21,405,23 St (6),40.739864,-73.9866,36.0,0,43
2021-05-26,405,23 St (6),40.739864,-73.9866,994.0,0,43
2021-06-10,405,23 St (6),40.739864,-73.9866,239.0,0,43
2021-06-21,405,23 St (6),40.739864,-73.9866,811.0,0,43
2021-06-30,405,23 St (6),40.739864,-73.9866,1114.0,0,43
2021-08-25,405,23 St (6),40.739864,-73.9866,322.0,0,43
2021-10-15,405,23 St (6),40.739864,-73.9866,201.0,0,43
2021-10-19,405,23 St (6),40.739864,-73.9866,16.0,0,43
2021-10-26,405,23 St (6),40.739864,-73.9866,1901.0,1,43
2021-11-17,405,23 St (6),40.739864,-73.9866,96.0,0,43
2021-11-18,405,23 St (6),40.739864,-73.9866,2075.0,1,43
2021-12-02,405,23 St (6),40.739864,-73.9866,586.0,0,43
2021-12-16,405,23 St (6),40.739864,-73.9866,407.0,0,43
2021-12-22,405,23 St (6),40.739864,-73.9866,343.0,0,43
2022-01-04,405,23 St (6),40.739864,-73.9866,148.0,0,43
2022-01-26,405,23 St (6),40.739864,-73.9866,1124.0,0,43
2022-02-07,405,23 St (6),40.739864,-73.9866,1513.0,1,43
2022-02-08,405,23 St (6),40.739864,-73.9866,998.0,0,43
2022-02-09,405,23 St (6),40.739864,-73.9866,1153.0,0,43
2022-02-10,405,23 St (6),40.739864,-73.9866,500.0,0,43
2022-02-18,405,23 St (6),40.739864,-73.9866,1486.0,1,43
2022-03-02,405,23 St (6),40.739864,-73.9866,1611.0,1,43
2022-03-08,405,23 St (6),40.739864,-73.9866,2076.0,1,43
2022-03-15,405,23 St (6),40.739864,-73.9866,1526.0,1,43
2022-03-29,405,23 St (6),40.739864,-73.9866,1729.0,1,43
2022-04-07,405,23 St (6),40.739864,-73.9866,246.0,0,43
2022-04-27,405,23 St (6),40.739864,-73.9866,1384.0,1,43
2022-05-31,405,23 St (6),40.739864,-73.9866,138.0,0,43
2022-06-01,405,23 St (6),40.739864,-73.9866,2124.0,1,43
2022-07-18,405,23 St (6),40.739864,-73.9866,586.0,0,43
2022-08-05,405,23 St (6),40.739864,-73.9866,392.0,0,43
2022-08-08,405,23 St (6),40.739864,-73.9866,244.0,0,43
2022-08-09,405,23 St (6),40.739864,-73.9866,902.0,0,43
2022-08-30,405,23 St (6),40.739864,-73.9866,1224.0,1,43
2022-09-13,405,23 St (6),40.739864,-73.9866,2880.0,1,43
2023-05-11,405,23 St (6),40.739864,-73.9866,684.0,0,43
2023-06-14,405,23 St (6),40.739864,-73.9866,2383.0,1,43
2023-09-27,405,23 St (6),40.739864,-73.9866,2670.0,1,43
2023-10-04,405,23 St (6),40.739864,-73.9866,124.0,0,43
2023-10-17,405,23 St (6),40.739864,-73.9866,1606.0,1,43
2023-11-02,405,23 St (6),40.739864,-73.9866,1565.0,1,43
2023-11-03,405,23 St (6),40.739864,-73.9866,857.0,0,43
2023-11-08,405,23 St (6),40.739864,-73.9866,2658.0,1,43
2023-11-23,405,23 St (6),40.739864,-73.9866,32.0,0,43
2024-01-15,405,23 St (6),40.739864,-73.9866,955.0,0,43
2024-02-29,405,23 St (6),40.739864,-73.9866,1108.0,0,43
2024-03-05,405,23 St (6),40.739864,-73.9866,2422.0,1,43
2024-04-05,405,23 St (6),40.739864,-73.9866,392.0,0,43
2024-04-16,405,23 St (6),40.739864,-73.9866,163.0,0,43
2024-05-03,405,23 St (6),40.739864,-73.9866,1154.0,0,43
2024-05-07,405,23 St (6),40.739864,-73.9866,2535.0,1,43
2024-05-17,405,23 St (6),40.739864,-73.9866,42.0,0,43
2024-05-24,405,23 St (6),40.739864,-73.9866,1447.0,1,43
2024-05-31,405,23 St (6),40.739864,-73.9866,1317.0,1,43
2024-06-03,405,23 St (6),40.739864,-73.9866,1641.0,1,43
2024-06-13,405,23 St (6),40.739864,-73.9866,1255.0,1,43
2024-06-18,405,23 St (6),40.739864,-73.9866,740.0,0,43
2024-06-20,405,23 St (6),40.739864,-73.9866,462.0,0,43
2024-06-21,405,23 St (6),40.739864,-73.9866,2165.0,1,43
2024-06-28,405,23 St (6),40.739864,-73.9866,1512.0,1,43
2024-08-28,405,23 St (6),40.739864,-73.9866,1223.0,1,43
2024-08-29,405,23 St (6),40.739864,-73.9866,67.0,0,43
2024-09-04,405,23 St (6),40.739864,-73.9866,2082.0,1,43
2024-09-05,405,23 St (6),40.739864,-73.9866,921.0,0,43
2024-09-13,405,23 St (6),40.739864,-73.9866,2421.0,1,43
2024-09-28,405,23 St (6),40.739864,-73.9866,366.0,0,43
2024-11-16,405,23 St (6),40.739864,-73.9866,13.0,0,43
2024-11-21,405,23 St (6),40.739864,-73.9866,1442.0,1,43
2024-11-22,405,23 St (6),40.739864,-73.9866,1893.0,1,43
2024-12-03,405,23 St (6),40.739864,-73.9866,338.0,0,43
2024-12-13,405,23 St (6),40.739864,-73.9866,2089.0,1,43
2024-12-26,405,23 St (6),40.739864,-73.9866,665.0,0,43
2024-12-31,405,23 St (6),40.739864,-73.9866,1278.0,1,43
2021-05-21,407,Astor Pl (6),40.730053,-73.99107,166.0,0,58
2021-05-26,407,Astor Pl (6),40.730053,-73.99107,561.0,0,58
2021-06-10,407,Astor Pl (6),40.730053,-73.99107,134.0,0,58
2021-06-21,407,Astor Pl (6),40.730053,-73.99107,411.0,0,58
2021-06-30,407,Astor Pl (6),40.730053,-73.99107,473.0,0,58
2021-08-25,407,Astor Pl (6),40.730053,-73.99107,253.0,0,58
2021-10-15,407,Astor Pl (6),40.730053,-73.99107,32.0,0,58
2021-10-19,407,Astor Pl (6),40.730053,-73.99107,24.0,0,58
2021-10-26,407,Astor Pl (6),40.730053,-73.99107,1416.0,1,58
2021-10-27,407,Astor Pl (6),40.730053,-73.99107,411.0,0,58
2021-11-17,407,Astor Pl (6),40.730053,-73.99107,149.0,0,58
2021-11-18,407,Astor Pl (6),40.730053,-73.99107,735.0,0,58
2021-12-02,407,Astor Pl (6),40.730053,-73.99107,30.0,0,58
2021-12-16,407,Astor Pl (6),40.730053,-73.99107,41.0,0,58
2021-12-22,407,Astor Pl (6),40.730053,-73.99107,84.0,0,58
2022-01-04,407,Astor Pl (6),40.730053,-73.99107,236.0,0,58
2022-01-26,407,Astor Pl (6),40.730053,-73.99107,989.0,0,58
2022-02-07,407,Astor Pl (6),40.730053,-73.99107,1261.0,1,58
2022-02-08,407,Astor Pl (6),40.730053,-73.99107,569.0,0,58
2022-02-09,407,Astor Pl (6),40.730053,-73.99107,1329.0,1,58
2022-02-10,407,Astor Pl (6),40.730053,-73.99107,345.0,0,58
2022-02-18,407,Astor Pl (6),40.730053,-73.99107,753.0,0,58
2022-03-02,407,Astor Pl (6),40.730053,-73.99107,1551.0,1,58
2022-03-08,407,Astor Pl (6),40.730053,-73.99107,1709.0,1,58
2022-03-15,407,Astor Pl (6),40.730053,-73.99107,1372.0,1,58
2022-03-29,407,Astor Pl (6),40.730053,-73.99107,1518.0,1,58
2022-04-07,407,Astor Pl (6),40.730053,-73.99107,36.0,0,58
2022-04-27,407,Astor Pl (6),40.730053,-73.99107,1189.0,1,58
2022-05-31,407,Astor Pl (6),40.730053,-73.99107,58.0,0,58
2022-06-01,407,Astor Pl (6),40.730053,-73.99107,1390.0,1,58
2022-07-18,407,Astor Pl (6),40.730053,-73.99107,817.0,0,58
2022-08-05,407,Astor Pl (6),40.730053,-73.99107,116.0,0,58
2022-08-08,407,Astor Pl (6),40.730053,-73.99107,271.0,0,58
2022-08-09,407,Astor Pl (6),40.730053,-73.99107,1262.0,1,58
2022-08-30,407,Astor Pl (6),40.730053,-73.99107,682.0,0,58
2022-09-13,407,Astor Pl (6),40.730053,-73.99107,2240.0,1,58
2023-05-11,407,Astor Pl (6),40.730053,-73.99107,751.0,0,58
2023-06-14,407,Astor Pl (6),40.730053,-73.99107,1311.0,1,58
2023-09-27,407,Astor Pl (6),40.730053,-73.99107,188.0,0,58
2023-10-04,407,Astor Pl (6),40.730053,-73.99107,401.0,0,58
2023-10-17,407,Astor Pl (6),40.730053,-73.99107,2206.0,1,58
2023-11-02,407,Astor Pl (6),40.730053,-73.99107,333.0,0,58
2023-11-03,407,Astor Pl (6),40.730053,-73.99107,839.0,0,58
2023-11-08,407,Astor Pl (6),40.730053,-73.99107,2348.0,1,58
2023-11-23,407,Astor Pl (6),40.730053,-73.99107,277.0,0,58
2024-01-15,407,Astor Pl (6),40.730053,-73.99107,525.0,0,58
2024-02-29,407,Astor Pl (6),40.730053,-73.99107,286.0,0,58
2024-03-05,407,Astor Pl (6),40.730053,-73.99107,1678.0,1,58
2024-04-05,407,Astor Pl (6),40.730053,-73.99107,415.0,0,58
2024-04-16,407,Astor Pl (6),40.730053,-73.99107,44.0,0,58
2024-05-03,407,Astor Pl (6),40.730053,-73.99107,1513.0,1,58
2024-05-07,407,Astor Pl (6),40.730053,-73.99107,2169.0,1,58
2024-05-17,407,Astor Pl (6),40.730053,-73.99107,13.0,0,58
2024-05-24,407,Astor Pl (6),40.730053,-73.99107,921.0,0,58
2024-05-31,407,Astor Pl (6),40.730053,-73.99107,992.0,0,58
2024-06-03,407,Astor Pl (6),40.730053,-73.99107,1488.0,1,58
2024-06-13,407,Astor Pl (6),40.730053,-73.99107,703.0,0,58
2024-06-18,407,Astor Pl (6),40.730053,-73.99107,1160.0,0,58
2024-06-20,407,Astor Pl (6),40.730053,-73.99107,283.0,0,58
2024-06-21,407,Astor Pl (6),40.730053,-73.99107,1265.0,1,58
2024-06-28,407,Astor Pl (6),40.730053,-73.99107,1003.0,0,58
2024-08-28,407,Astor Pl (6),40.730053,-73.99107,1782.0,1,58
2024-08-29,407,Astor Pl (6),40.730053,-73.99107,65.0,0,58
2024-09-04,407,Astor Pl (6),40.730053,-73.99107,1136.0,0,58
2024-09-05,407,Astor Pl (6),40.730053,-73.99107,1665.0,1,58
2024-09-13,407,Astor Pl (6),40.730053,-73.99107,1207.0,1,58
2024-09-28,407,Astor Pl (6),40.730053,-73.99107,119.0,0,58
2024-11-16,407,Astor Pl (6),40.730053,-73.99107,2.0,0,58
2024-11-21,407,Astor Pl (6),40.730053,-73.99107,121.0,0,58
2024-11-22,407,Astor Pl (6),40.730053,-73.99107,594.0,0,58
2024-12-03,407,Astor Pl (6),40.730053,-73.99107,672.0,0,58
2024-12-13,407,Astor Pl (6),40.730053,-73.99107,1001.0,0,58
2024-12-26,407,Astor Pl (6),40.730053,-73.99107,139.0,0,58
2024-12-31,407,Astor Pl (6),40.730053,-73.99107,409.0,0,58
2021-05-21,409,Spring St (6),40.7223,-73.99714,88.0,0,65
2021-05-26,409,Spring St (6),40.7223,-73.99714,414.0,0,65
2021-06-10,409,Spring St (6),40.7223,-73.99714,65.0,0,65
2021-06-21,409,Spring St (6),40.7223,-73.99714,473.0,0,65
2021-06-30,409,Spring St (6),40.7223,-73.99714,316.0,0,65
2021-08-25,409,Spring St (6),40.7223,-73.99714,114.0,0,65
2021-10-15,409,Spring St (6),40.7223,-73.99714,111.0,0,65
2021-10-26,409,Spring St (6),40.7223,-73.99714,564.0,0,65
2021-10-27,409,Spring St (6),40.7223,-73.99714,72.0,0,65
2021-11-17,409,Spring St (6),40.7223,-73.99714,205.0,0,65
2021-11-18,409,Spring St (6),40.7223,-73.99714,364.0,0,65
2021-12-16,409,Spring St (6),40.7223,-73.99714,24.0,0,65
2021-12-22,409,Spring St (6),40.7223,-73.99714,55.0,0,65
2022-01-04,409,Spring St (6),40.7223,-73.99714,60.0,0,65
2022-01-26,409,Spring St (6),40.7223,-73.99714,499.0,0,65
2022-02-07,409,Spring St (6),40.7223,-73.99714,441.0,0,65
2022-02-08,409,Spring St (6),40.7223,-73.99714,214.0,0,65
2022-02-09,409,Spring St (6),40.7223,-73.99714,448.0,0,65
2022-02-10,409,Spring St (6),40.7223,-73.99714,168.0,0,65
2022-02-18,409,Spring St (6),40.7223,-73.99714,566.0,0,65
2022-03-02,409,Spring St (6),40.7223,-73.99714,420.0,0,65
2022-03-08,409,Spring St (6),40.7223,-73.99714,747.0,0,65
2022-03-15,409,Spring St (6),40.7223,-73.99714,723.0,0,65
2022-03-29,409,Spring St (6),40.7223,-73.99714,732.0,0,65
2022-04-07,409,Spring St (6),40.7223,-73.99714,77.0,0,65
2022-04-27,409,Spring St (6),40.7223,-73.99714,362.0,0,65
2022-05-31,409,Spring St (6),40.7223,-73.99714,114.0,0,65
2022-06-01,409,Spring St (6),40.7223,-73.99714,609.0,0,65
2022-07-18,409,Spring St (6),40.7223,-73.99714,681.0,0,65
2022-08-05,409,Spring St (6),40.7223,-73.99714,14.0,0,65
2022-08-08,409,Spring St (6),40.7223,-73.99714,176.0,0,65
2022-08-09,409,Spring St (6),40.7223,-73.99714,607.0,0,65
2022-08-30,409,Spring St (6),40.7223,-73.99714,196.0,0,65
2022-09-13,409,Spring St (6),40.7223,-73.99714,1047.0,0,65
2023-05-11,409,Spring St (6),40.7223,-73.99714,43.0,0,65
2023-06-14,409,Spring St (6),40.7223,-73.99714,442.0,0,65
2023-09-27,409,Spring St (6),40.7223,-73.99714,537.0,0,65
2023-10-04,409,Spring St (6),40.7223,-73.99714,254.0,0,65
2023-10-17,409,Spring St (6),40.7223,-73.99714,1199.0,1,65
2023-11-02,409,Spring St (6),40.7223,-73.99714,436.0,0,65
2023-11-03,409,Spring St (6),40.7223,-73.99714,281.0,0,65
2023-11-08,409,Spring St (6),40.7223,-73.99714,662.0,0,65
2024-01-15,409,Spring St (6),40.7223,-73.99714,348.0,0,65
2024-02-29,409,Spring St (6),40.7223,-73.99714,536.0,0,65
2024-03-05,409,Spring St (6),40.7223,-73.99714,437.0,0,65
2024-04-05,409,Spring St (6),40.7223,-73.99714,592.0,0,65
2024-04-16,409,Spring St (6),40.7223,-73.99714,48.0,0,65
2024-05-03,409,Spring St (6),40.7223,-73.99714,289.0,0,65
2024-05-07,409,Spring St (6),40.7223,-73.99714,1193.0,1,65
2024-05-17,409,Spring St (6),40.7223,-73.99714,24.0,0,65
2024-05-24,409,Spring St (6),40.7223,-73.99714,365.0,0,65
2024-05-31,409,Spring St (6),40.7223,-73.99714,454.0,0,65
2024-06-03,409,Spring St (6),40.7223,-73.99714,934.0,0,65
2024-06-13,409,Spring St (6),40.7223,-73.99714,224.0,0,65
2024-06-18,409,Spring St (6),40.7223,-73.99714,231.0,0,65
2024-06-20,409,Spring St (6),40.7223,-73.99714,61.0,0,65
2024-06-21,409,Spring St (6),40.7223,-73.99714,505.0,0,65
2024-06-28,409,Spring St (6),40.7223,-73.99714,405.0,0,65
2024-08-28,409,Spring St (6),40.7223,-73.99714,427.0,0,65
2024-08-29,409,Spring St (6),40.7223,-73.99714,10.0,0,65
2024-09-04,409,Spring St (6),40.7223,-73.99714,786.0,0,65
2024-09-05,409,Spring St (6),40.7223,-73.99714,1016.0,0,65
2024-09-13,409,Spring St (6),40.7223,-73.99714,739.0,0,65
2024-09-28,409,Spring St (6),40.7223,-73.99714,400.0,0,65
2024-11-16,409,Spring St (6),40.7223,-73.99714,8.0,0,65
2024-11-21,409,Spring St (6),40.7223,-73.99714,68.0,0,65
2024-11-22,409,Spring St (6),40.7223,-73.99714,673.0,0,65
2024-12-03,409,Spring St (6),40.7223,-73.99714,254.0,0,65
2024-12-13,409,Spring St (6),40.7223,-73.99714,391.0,0,65
2024-12-26,409,Spring St (6),40.7223,-73.99714,245.0,0,65
2024-12-31,409,Spring St (6),40.7223,-73.99714,326.0,0,65
2021-05-21,413,"Wall St (4,5)",40.707558,-74.01186,26.0,0,60
2021-05-26,413,"Wall St (4,5)",40.707558,-74.01186,465.0,0,60
2021-06-10,413,"Wall St (4,5)",40.707558,-74.01186,79.0,0,60
2021-06-21,413,"Wall St (4,5)",40.707558,-74.01186,720.0,0,60
2021-06-30,413,"Wall St (4,5)",40.707558,-74.01186,672.0,0,60
2021-08-25,413,"Wall St (4,5)",40.707558,-74.01186,245.0,0,60
2021-10-15,413,"Wall St (4,5)",40.707558,-74.01186,143.0,0,60
2021-10-26,413,"Wall St (4,5)",40.707558,-74.01186,945.0,0,60
2021-10-27,413,"Wall St (4,5)",40.707558,-74.01186,111.0,0,60
2021-11-17,413,"Wall St (4,5)",40.707558,-74.01186,10.0,0,60
2021-11-18,413,"Wall St (4,5)",40.707558,-74.01186,1023.0,0,60
2021-12-02,413,"Wall St (4,5)",40.707558,-74.01186,239.0,0,60
2021-12-16,413,"Wall St (4,5)",40.707558,-74.01186,159.0,0,60
2021-12-22,413,"Wall St (4,5)",40.707558,-74.01186,46.0,0,60
2022-01-04,413,"Wall St (4,5)",40.707558,-74.01186,87.0,0,60
2022-01-26,413,"Wall St (4,5)",40.707558,-74.01186,707.0,0,60
2022-02-07,413,"Wall St (4,5)",40.707558,-74.01186,774.0,0,60
2022-02-08,413,"Wall St (4,5)",40.707558,-74.01186,798.0,0,60
2022-02-09,413,"Wall St (4,5)",40.707558,-74.01186,256.0,0,60
2022-02-10,413,"Wall St (4,5)",40.707558,-74.01186,322.0,0,60
2022-02-18,413,"Wall St (4,5)",40.707558,-74.01186,982.0,0,60
2022-03-02,413,"Wall St (4,5)",40.707558,-74.01186,1245.0,1,60
2022-03-08,413,"Wall St (4,5)",40.707558,-74.01186,1474.0,1,60
2022-03-15,413,"Wall St (4,5)",40.707558,-74.01186,1187.0,1,60
2022-03-29,413,"Wall St (4,5)",40.707558,-74.01186,1256.0,1,60
2022-04-07,413,"Wall St (4,5)",40.707558,-74.01186,89.0,0,60
2022-04-20,413,"Wall St (4,5)",40.707558,-74.01186,55.0,0,60
2022-04-27,413,"Wall St (4,5)",40.707558,-74.01186,1072.0,0,60
2022-05-31,413,"Wall St (4,5)",40.707558,-74.01186,94.0,0,60
2022-06-01,413,"Wall St (4,5)",40.707558,-74.01186,1375.0,1,60
2022-07-18,413,"Wall St (4,5)",40.707558,-74.01186,208.0,0,60
2022-08-05,413,"Wall St (4,5)",40.707558,-74.01186,123.0,0,60
2022-08-08,413,"Wall St (4,5)",40.707558,-74.01186,260.0,0,60
2022-08-09,413,"Wall St (4,5)",40.707558,-74.01186,545.0,0,60
2022-08-30,413,"Wall St (4,5)",40.707558,-74.01186,398.0,0,60
2022-09-13,413,"Wall St (4,5)",40.707558,-74.01186,1873.0,1,60
2023-05-11,413,"Wall St (4,5)",40.707558,-74.01186,1093.0,0,60
2023-06-14,413,"Wall St (4,5)",40.707558,-74.01186,553.0,0,60
2023-09-27,413,"Wall St (4,5)",40.707558,-74.01186,369.0,0,60
2023-10-04,413,"Wall St (4,5)",40.707558,-74.01186,1513.0,1,60
2023-10-17,413,"Wall St (4,5)",40.707558,-74.01186,1715.0,1,60
2023-11-02,413,"Wall St (4,5)",40.707558,-74.01186,789.0,0,60
2023-11-03,413,"Wall St (4,5)",40.707558,-74.01186,658.0,0,60
2023-11-08,413,"Wall St (4,5)",40.707558,-74.01186,915.0,0,60
2024-01-15,413,"Wall St (4,5)",40.707558,-74.01186,583.0,0,60
2024-02-29,413,"Wall St (4,5)",40.707558,-74.01186,344.0,0,60
2024-03-05,413,"Wall St (4,5)",40.707558,-74.01186,1835.0,1,60
2024-04-05,413,"Wall St (4,5)",40.707558,-74.01186,1161.0,0,60
2024-05-03,413,"Wall St (4,5)",40.707558,-74.01186,565.0,0,60
2024-05-07,413,"Wall St (4,5)",40.707558,-74.01186,927.0,0,60
2024-05-17,413,"Wall St (4,5)",40.707558,-74.01186,9.0,0,60
2024-05-24,413,"Wall St (4,5)",40.707558,-74.01186,299.0,0,60
2024-05-31,413,"Wall St (4,5)",40.707558,-74.01186,806.0,0,60
2024-06-03,413,"Wall St (4,5)",40.707558,-74.01186,1185.0,1,60
2024-06-13,413,"Wall St (4,5)",40.707558,-74.01186,517.0,0,60
2024-06-18,413,"Wall St (4,5)",40.707558,-74.01186,114.0,0,60
2024-06-20,413,"Wall St (4,5)",40.707558,-74.01186,23.0,0,60
2024-06-21,413,"Wall St (4,5)",40.707558,-74.01186,1570.0,1,60
2024-06-28,413,"Wall St (4,5)",40.707558,-74.01186,563.0,0,60
2024-08-28,413,"Wall St (4,5)",40.707558,-74.01186,98.0,0,60
2024-08-29,413,"Wall St (4,5)",40.707558,-74.01186,80.0,0,60
2024-09-04,413,"Wall St (4,5)",40.707558,-74.01186,1633.0,1,60
2024-09-05,413,"Wall St (4,5)",40.707558,-74.01186,1292.0,1,60
2024-09-13,413,"Wall St (4,5)",40.707558,-74.01186,1298.0,1,60
2024-09-28,413,"Wall St (4,5)",40.707558,-74.01186,452.0,0,60
2024-11-21,413,"Wall St (4,5)",40.707558,-74.01186,140.0,0,60
2024-11-22,413,"Wall St (4,5)",40.707558,-74.01186,1189.0,1,60
2024-12-03,413,"Wall St (4,5)",40.707558,-74.01186,625.0,0,60
2024-12-13,413,"Wall St (4,5)",40.707558,-74.01186,1056.0,0,60
2024-12-26,413,"Wall St (4,5)",40.707558,-74.01186,361.0,0,60
2024-12-31,413,"Wall St (4,5)",40.707558,-74.01186,532.0,0,60
2021-05-21,414,"Bowling Green (4,5)",40.70482,-74.01407,261.0,0,34
2021-05-26,414,"Bowling Green (4,5)",40.70482,-74.01407,744.0,0,34
2021-06-10,414,"Bowling Green (4,5)",40.70482,-74.01407,288.0,0,34
2021-06-21,414,"Bowling Green (4,5)",40.70482,-74.01407,923.0,0,34
2021-06-30,414,"Bowling Green (4,5)",40.70482,-74.01407,908.0,0,34
2021-08-25,414,"Bowling Green (4,5)",40.70482,-74.01407,69.0,0,34
2021-10-15,414,"Bowling Green (4,5)",40.70482,-74.01407,704.0,0,34
2021-10-19,414,"Bowling Green (4,5)",40.70482,-74.01407,321.0,0,34
2021-10-26,414,"Bowling Green (4,5)",40.70482,-74.01407,1206.0,1,34
2021-10-27,414,"Bowling Green (4,5)",40.70482,-74.01407,8.0,0,34
2021-11-17,414,"Bowling Green (4,5)",40.70482,-74.01407,463.0,0,34
2021-11-18,414,"Bowling Green (4,5)",40.70482,-74.01407,1885.0,1,34
2021-12-02,414,"Bowling Green (4,5)",40.70482,-74.01407,73.0,0,34
2021-12-16,414,"Bowling Green (4,5)",40.70482,-74.01407,102.0,0,34
2021-12-22,414,"Bowling Green (4,5)",40.70482,-74.01407,465.0,0,34
2022-01-04,414,"Bowling Green (4,5)",40.70482,-74.01407,475.0,0,34
2022-01-26,414,"Bowling Green (4,5)",40.70482,-74.01407,1270.0,1,34
2022-02-07,414,"Bowling Green (4,5)",40.70482,-74.01407,1531.0,1,34
2022-02-08,414,"Bowling Green (4,5)",40.70482,-74.01407,1171.0,0,34
2022-02-09,414,"Bowling Green (4,5)",40.70482,-74.01407,914.0,0,34
2022-02-10,414,"Bowling Green (4,5)",40.70482,-74.01407,531.0,0,34
2022-02-18,414,"Bowling Green (4,5)",40.70482,-74.01407,1518.0,1,34
2022-03-02,414,"Bowling Green (4,5)",40.70482,-74.01407,1644.0,1,34
2022-03-08,414,"Bowling Green (4,5)",40.70482,-74.01407,2094.0,1,34
2022-03-15,414,"Bowling Green (4,5)",40.70482,-74.01407,2060.0,1,34
2022-03-29,414,"Bowling Green (4,5)",40.70482,-74.01407,1296.0,1,34
2022-04-07,414,"Bowling Green (4,5)",40.70482,-74.01407,18.0,0,34
2022-04-20,414,"Bowling Green (4,5)",40.70482,-74.01407,140.0,0,34
2022-04-27,414,"Bowling Green (4,5)",40.70482,-74.01407,2285.0,1,34
2022-05-31,414,"Bowling Green (4,5)",40.70482,-74.01407,394.0,0,34
2022-06-01,414,"Bowling Green (4,5)",40.70482,-74.01407,2141.0,1,34
2022-07-18,414,"Bowling Green (4,5)",40.70482,-74.01407,1558.0,1,34
2022-08-05,414,"Bowling Green (4,5)",40.70482,-74.01407,336.0,0,34
2022-08-08,414,"Bowling Green (4,5)",40.70482,-74.01407,274.0,0,34
2022-08-09,414,"Bowling Green (4,5)",40.70482,-74.01407,1309.0,1,34
2022-08-30,414,"Bowling Green (4,5)",40.70482,-74.01407,282.0,0,34
2022-09-13,414,"Bowling Green (4,5)",40.70482,-74.01407,2040.0,1,34
2023-05-11,414,"Bowling Green (4,5)",40.70482,-74.01407,568.0,0,34
2023-06-14,414,"Bowling Green (4,5)",40.70482,-74.01407,750.0,0,34
2023-09-27,414,"Bowling Green (4,5)",40.70482,-74.01407,1698.0,1,34
2023-10-04,414,"Bowling Green (4,5)",40.70482,-74.01407,182.0,0,34
2023-10-17,414,"Bowling Green (4,5)",40.70482,-74.01407,1557.0,1,34
2023-11-02,414,"Bowling Green (4,5)",40.70482,-74.01407,336.0,0,34
2023-11-03,414,"Bowling Green (4,5)",40.70482,-74.01407,1458.0,1,34
2023-11-08,414,"Bowling Green (4,5)",40.70482,-74.01407,960.0,0,34
2023-11-17,414,"Bowling Green (4,5)",40.70482,-74.01407,70.0,0,34
2023-11-23,414,"Bowling Green (4,5)",40.70482,-74.01407,42.0,0,34
2024-01-15,414,"Bowling Green (4,5)",40.70482,-74.01407,662.0,0,34
2024-02-29,414,"Bowling Green (4,5)",40.70482,-74.01407,1067.0,0,34
2024-03-05,414,"Bowling Green (4,5)",40.70482,-74.01407,1343.0,1,34
2024-04-05,414,"Bowling Green (4,5)",40.70482,-74.01407,797.0,0,34
2024-04-16,414,"Bowling Green (4,5)",40.70482,-74.01407,14.0,0,34
2024-05-03,414,"Bowling Green (4,5)",40.70482,-74.01407,1740.0,1,34
2024-05-07,414,"Bowling Green (4,5)",40.70482,-74.01407,1991.0,1,34
2024-05-17,414,"Bowling Green (4,5)",40.70482,-74.01407,176.0,0,34
2024-05-24,414,"Bowling Green (4,5)",40.70482,-74.01407,1280.0,1,34
2024-05-31,414,"Bowling Green (4,5)",40.70482,-74.01407,1503.0,1,34
2024-06-03,414,"Bowling Green (4,5)",40.70482,-74.01407,2034.0,1,34
2024-06-13,414,"Bowling Green (4,5)",40.70482,-74.01407,497.0,0,34
2024-06-18,414,"Bowling Green (4,5)",40.70482,-74.01407,450.0,0,34
2024-06-20,414,"Bowling Green (4,5)",40.70482,-74.01407,47.0,0,34
2024-06-21,414,"Bowling Green (4,5)",40.70482,-74.01407,1438.0,1,34
2024-06-28,414,"Bowling Green (4,5)",40.70482,-74.01407,1531.0,1,34
2024-08-28,414,"Bowling Green (4,5)",40.70482,-74.01407,244.0,0,34
2024-08-29,414,"Bowling Green (4,5)",40.70482,-74.01407,180.0,0,34
2024-09-04,414,"Bowling Green (4,5)",40.70482,-74.01407,1922.0,1,34
2024-09-05,414,"Bowling Green (4,5)",40.70482,-74.01407,1877.0,1,34
2024-09-13,414,"Bowling Green (4,5)",40.70482,-74.01407,1221.0,1,34
2024-09-28,414,"Bowling Green (4,5)",40.70482,-74.01407,360.0,0,34
2024-11-21,414,"Bowling Green (4,5)",40.70482,-74.01407,1071.0,0,34
2024-11-22,414,"Bowling Green (4,5)",40.70482,-74.01407,1051.0,0,34
2024-12-03,414,"Bowling Green (4,5)",40.70482,-74.01407,736.0,0,34
2024-12-13,414,"Bowling Green (4,5)",40.70482,-74.01407,928.0,0,34
2024-12-26,414,"Bowling Green (4,5)",40.70482,-74.01407,1268.0,1,34
2024-12-31,414,"Bowling Green (4,5)",40.70482,-74.01407,1095.0,0,34
2021-05-21,436,Harlem-148 St (3),40.82388,-73.93647,77.0,0,2
2021-05-26,436,Harlem-148 St (3),40.82388,-73.93647,432.0,0,2
2021-06-10,436,Harlem-148 St (3),40.82388,-73.93647,114.0,0,2
2021-06-21,436,Harlem-148 St (3),40.82388,-73.93647,430.0,0,2
2021-06-30,436,Harlem-148 St (3),40.82388,-73.93647,338.0,0,2
2021-08-25,436,Harlem-148 St (3),40.82388,-73.93647,76.0,0,2
2021-10-15,436,Harlem-148 St (3),40.82388,-73.93647,30.0,0,2
2021-10-26,436,Harlem-148 St (3),40.82388,-73.93647,452.0,0,2
2021-11-17,436,Harlem-148 St (3),40.82388,-73.93647,30.0,0,2
2021-11-18,436,Harlem-148 St (3),40.82388,-73.93647,791.0,0,2
2021-12-16,436,Harlem-148 St (3),40.82388,-73.93647,16.0,0,2
2021-12-22,436,Harlem-148 St (3),40.82388,-73.93647,76.0,0,2
2022-01-04,436,Harlem-148 St (3),40.82388,-73.93647,159.0,0,2
2022-01-26,436,Harlem-148 St (3),40.82388,-73.93647,380.0,0,2
2022-02-07,436,Harlem-148 St (3),40.82388,-73.93647,674.0,0,2
2022-02-08,436,Harlem-148 St (3),40.82388,-73.93647,423.0,0,2
2022-02-09,436,Harlem-148 St (3),40.82388,-73.93647,543.0,0,2
2022-02-10,436,Harlem-148 St (3),40.82388,-73.93647,242.0,0,2
2022-02-18,436,Harlem-148 St (3),40.82388,-73.93647,701.0,0,2
2022-03-02,436,Harlem-148 St (3),40.82388,-73.93647,581.0,0,2
2022-03-08,436,Harlem-148 St (3),40.82388,-73.93647,829.0,0,2
2022-03-15,436,Harlem-148 St (3),40.82388,-73.93647,555.0,0,2
2022-03-29,436,Harlem-148 St (3),40.82388,-73.93647,657.0,0,2
2022-04-07,436,Harlem-148 St (3),40.82388,-73.93647,44.0,0,2
2022-04-20,436,Harlem-148 St (3),40.82388,-73.93647,57.0,0,2
2022-04-27,436,Harlem-148 St (3),40.82388,-73.93647,657.0,0,2
2022-05-31,436,Harlem-148 St (3),40.82388,-73.93647,167.0,0,2
2022-06-01,436,Harlem-148 St (3),40.82388,-73.93647,840.0,0,2
2022-07-18,436,Harlem-148 St (3),40.82388,-73.93647,245.0,0,2
2022-08-05,436,Harlem-148 St (3),40.82388,-73.93647,57.0,0,2
2022-08-08,436,Harlem-148 St (3),40.82388,-73.93647,146.0,0,2
2022-08-09,436,Harlem-148 St (3),40.82388,-73.93647,310.0,0,2
2022-08-30,436,Harlem-148 St (3),40.82388,-73.93647,381.0,0,2
2022-09-13,436,Harlem-148 St (3),40.82388,-73.93647,805.0,0,2
2023-06-14,436,Harlem-148 St (3),40.82388,-73.93647,266.0,0,2
2023-09-27,436,Harlem-148 St (3),40.82388,-73.93647,384.0,0,2
2023-10-04,436,Harlem-148 St (3),40.82388,-73.93647,122.0,0,2
2023-10-17,436,Harlem-148 St (3),40.82388,-73.93647,678.0,0,2
2023-11-02,436,Harlem-148 St (3),40.82388,-73.93647,300.0,0,2
2023-11-03,436,Harlem-148 St (3),40.82388,-73.93647,308.0,0,2
2023-11-08,436,Harlem-148 St (3),40.82388,-73.93647,366.0,0,2
2023-11-17,436,Harlem-148 St (3),40.82388,-73.93647,47.0,0,2
2023-11-23,436,Harlem-148 St (3),40.82388,-73.93647,29.0,0,2
2024-01-15,436,Harlem-148 St (3),40.82388,-73.93647,211.0,0,2
2024-02-29,436,Harlem-148 St (3),40.82388,-73.93647,103.0,0,2
2024-03-05,436,Harlem-148 St (3),40.82388,-73.93647,322.0,0,2
2024-04-05,436,Harlem-148 St (3),40.82388,-73.93647,185.0,0,2
2024-04-16,436,Harlem-148 St (3),40.82388,-73.93647,82.0,0,2
2024-05-03,436,Harlem-148 St (3),40.82388,-73.93647,173.0,0,2
2024-05-07,436,Harlem-148 St (3),40.82388,-73.93647,562.0,0,2
2024-05-17,436,Harlem-148 St (3),40.82388,-73.93647,16.0,0,2
2024-05-24,436,Harlem-148 St (3),40.82388,-73.93647,538.0,0,2
2024-05-31,436,Harlem-148 St (3),40.82388,-73.93647,658.0,0,2
2024-06-03,436,Harlem-148 St (3),40.82388,-73.93647,806.0,0,2
2024-06-13,436,Harlem-148 St (3),40.82388,-73.93647,229.0,0,2
2024-06-18,436,Harlem-148 St (3),40.82388,-73.93647,234.0,0,2
2024-06-20,436,Harlem-148 St (3),40.82388,-73.93647,96.0,0,2
2024-06-21,436,Harlem-148 St (3),40.82388,-73.93647,469.0,0,2
2024-06-28,436,Harlem-148 St (3),40.82388,-73.93647,200.0,0,2
2024-08-28,436,Harlem-148 St (3),40.82388,-73.93647,436.0,0,2
2024-08-29,436,Harlem-148 St (3),40.82388,-73.93647,8.0,0,2
2024-09-04,436,Harlem-148 St (3),40.82388,-73.93647,494.0,0,2
2024-09-05,436,Harlem-148 St (3),40.82388,-73.93647,657.0,0,2
2024-09-13,436,Harlem-148 St (3),40.82388,-73.93647,474.0,0,2
2024-09-28,436,Harlem-148 St (3),40.82388,-73.93647,123.0,0,2
2024-11-21,436,Harlem-148 St (3),40.82388,-73.93647,67.0,0,2
2024-11-22,436,Harlem-148 St (3),40.82388,-73.93647,398.0,0,2
2024-12-03,436,Harlem-148 St (3),40.82388,-73.93647,412.0,0,2
2024-12-13,436,Harlem-148 St (3),40.82388,-73.93647,413.0,0,2
2024-12-26,436,Harlem-148 St (3),40.82388,-73.93647,211.0,0,2
2024-12-31,436,Harlem-148 St (3),40.82388,-73.93647,384.0,0,2
2021-05-21,437,145 St (3),40.82042,-73.93625,70.0,0,1
2021-05-26,437,145 St (3),40.82042,-73.93625,393.0,0,1
2021-06-10,437,145 St (3),40.82042,-73.93625,97.0,0,1
2021-06-21,437,145 St (3),40.82042,-73.93625,380.0,0,1
2021-06-30,437,145 St (3),40.82042,-73.93625,481.0,0,1
2021-08-25,437,145 St (3),40.82042,-73.93625,81.0,0,1
2021-10-15,437,145 St (3),40.82042,-73.93625,35.0,0,1
2021-10-26,437,145 St (3),40.82042,-73.93625,332.0,0,1
2021-11-17,437,145 St (3),40.82042,-73.93625,222.0,0,1
2021-11-18,437,145 St (3),40.82042,-73.93625,315.0,0,1
2021-12-02,437,145 St (3),40.82042,-73.93625,115.0,0,1
2021-12-16,437,145 St (3),40.82042,-73.93625,37.0,0,1
2021-12-22,437,145 St (3),40.82042,-73.93625,130.0,0,1
2022-01-04,437,145 St (3),40.82042,-73.93625,118.0,0,1
2022-01-26,437,145 St (3),40.82042,-73.93625,372.0,0,1
2022-02-07,437,145 St (3),40.82042,-73.93625,462.0,0,1
2022-02-08,437,145 St (3),40.82042,-73.93625,444.0,0,1
2022-02-09,437,145 St (3),40.82042,-73.93625,512.0,0,1
2022-02-10,437,145 St (3),40.82042,-73.93625,325.0,0,1
2022-02-18,437,145 St (3),40.82042,-73.93625,557.0,0,1
2022-03-02,437,145 St (3),40.82042,-73.93625,498.0,0,1
2022-03-08,437,145 St (3),40.82042,-73.93625,338.0,0,1
2022-03-15,437,145 St (3),40.82042,-73.93625,739.0,0,1
2022-03-29,437,145 St (3),40.82042,-73.93625,669.0,0,1
2022-04-20,437,145 St (3),40.82042,-73.93625,16.0,0,1
2022-04-21,437,145 St (3),40.82042,-73.93625,6.0,0,1
2022-04-27,437,145 St (3),40.82042,-73.93625,518.0,0,1
2022-05-31,437,145 St (3),40.82042,-73.93625,33.0,0,1
2022-06-01,437,145 St (3),40.82042,-73.93625,758.0,0,1
2022-07-18,437,145 St (3),40.82042,-73.93625,232.0,0,1
2022-08-05,437,145 St (3),40.82042,-73.93625,43.0,0,1
2022-08-08,437,145 St (3),40.82042,-73.93625,60.0,0,1
2022-08-09,437,145 St (3),40.82042,-73.93625,362.0,0,1
2022-08-30,437,145 St (3),40.82042,-73.93625,332.0,0,1
2022-09-13,437,145 St (3),40.82042,-73.93625,638.0,0,1
2023-05-10,437,145 St (3),40.82042,-73.93625,87.0,0,1
2023-05-11,437,145 St (3),40.82042,-73.93625,43.0,0,1
2023-06-14,437,145 St (3),40.82042,-73.93625,415.0,0,1
2023-09-27,437,145 St (3),40.82042,-73.93625,374.0,0,1
2023-10-04,437,145 St (3),40.82042,-73.93625,155.0,0,1
2023-10-17,437,145 St (3),40.82042,-73.93625,510.0,0,1
2023-11-02,437,145 St (3),40.82042,-73.93625,185.0,0,1
2023-11-03,437,145 St (3),40.82042,-73.93625,275.0,0,1
2023-11-08,437,145 St (3),40.82042,-73.93625,294.0,0,1
2023-11-17,437,145 St (3),40.82042,-73.93625,37.0,0,1
2023-11-23,437,145 St (3),40.82042,-73.93625,16.0,0,1
2024-01-15,437,145 St (3),40.82042,-73.93625,202.0,0,1
2024-02-29,437,145 St (3),40.82042,-73.93625,252.0,0,1
2024-03-05,437,145 St (3),40.82042,-73.93625,429.0,0,1
2024-04-05,437,145 St (3),40.82042,-73.93625,356.0,0,1
2024-05-03,437,145 St (3),40.82042,-73.93625,68.0,0,1
2024-05-07,437,145 St (3),40.82042,-73.93625,493.0,0,1
2024-05-17,437,145 St (3),40.82042,-73.93625,9.0,0,1
2024-05-24,437,145 St (3),40.82042,-73.93625,452.0,0,1
2024-05-31,437,145 St (3),40.82042,-73.93625,355.0,0,1
2024-06-03,437,145 St (3),40.82042,-73.93625,503.0,0,1
2024-06-13,437,145 St (3),40.82042,-73.93625,146.0,0,1
2024-06-18,437,145 St (3),40.82042,-73.93625,104.0,0,1
2024-06-20,437,145 St (3),40.82042,-73.93625,59.0,0,1
2024-06-21,437,145 St (3),40.82042,-73.93625,426.0,0,1
2024-06-28,437,145 St (3),40.82042,-73.93625,160.0,0,1
2024-08-28,437,145 St (3),40.82042,-73.93625,247.0,0,1
2024-08-29,437,145 St (3),40.82042,-73.93625,40.0,0,1
2024-09-04,437,145 St (3),40.82042,-73.93625,490.0,0,1
2024-09-05,437,145 St (3),40.82042,-73.93625,427.0,0,1
2024-09-13,437,145 St (3),40.82042,-73.93625,536.0,0,1
2024-09-28,437,145 St (3),40.82042,-73.93625,108.0,0,1
2024-10-14,437,145 St (3),40.82042,-73.93625,7.0,0,1
2024-11-21,437,145 St (3),40.82042,-73.93625,73.0,0,1
2024-11-22,437,145 St (3),40.82042,-73.93625,572.0,0,1
2024-12-03,437,145 St (3),40.82042,-73.93625,305.0,0,1
2024-12-13,437,145 St (3),40.82042,-73.93625,406.0,0,1
2024-12-26,437,145 St (3),40.82042,-73.93625,309.0,0,1
2024-12-31,437,145 St (3),40.82042,-73.93625,358.0,0,1
2021-05-21,438,"135 St (2,3)",40.814228,-73.94077,153.0,0,5
2021-05-26,438,"135 St (2,3)",40.814228,-73.94077,1459.0,1,5
2021-06-10,438,"135 St (2,3)",40.814228,-73.94077,31.0,0,5
2021-06-21,438,"135 St (2,3)",40.814228,-73.94077,1393.0,1,5
2021-06-30,438,"135 St (2,3)",40.814228,-73.94077,990.0,0,5
2021-08-25,438,"135 St (2,3)",40.814228,-73.94077,298.0,0,5
2021-10-26,438,"135 St (2,3)",40.814228,-73.94077,1071.0,0,5
2021-11-17,438,"135 St (2,3)",40.814228,-73.94077,423.0,0,5
2021-11-18,438,"135 St (2,3)",40.814228,-73.94077,1852.0,1,5
2021-12-02,438,"135 St (2,3)",40.814228,-73.94077,113.0,0,5
2021-12-22,438,"135 St (2,3)",40.814228,-73.94077,110.0,0,5
2022-01-04,438,"135 St (2,3)",40.814228,-73.94077,709.0,0,5
2022-01-26,438,"135 St (2,3)",40.814228,-73.94077,1286.0,1,5
2022-02-07,438,"135 St (2,3)",40.814228,-73.94077,1299.0,1,5
2022-02-08,438,"135 St (2,3)",40.814228,-73.94077,1593.0,1,5
2022-02-09,438,"135 St (2,3)",40.814228,-73.94077,1227.0,1,5
2022-02-10,438,"135 St (2,3)",40.814228,-73.94077,111.0,0,5
2022-02-18,438,"135 St (2,3)",40.814228,-73.94077,1540.0,1,5
2022-03-02,438,"135 St (2,3)",40.814228,-73.94077,1154.0,0,5
2022-03-08,438,"135 St (2,3)",40.814228,-73.94077,1837.0,1,5
2022-03-15,438,"135 St (2,3)",40.814228,-73.94077,1389.0,1,5
2022-03-29,438,"135 St (2,3)",40.814228,-73.94077,1681.0,1,5
2022-04-20,438,"135 St (2,3)",40.814228,-73.94077,102.0,0,5
2022-04-21,438,"135 St (2,3)",40.814228,-73.94077,38.0,0,5
2022-04-27,438,"135 St (2,3)",40.814228,-73.94077,1645.0,1,5
2022-05-31,438,"135 St (2,3)",40.814228,-73.94077,124.0,0,5
2022-06-01,438,"135 St (2,3)",40.814228,-73.94077,2151.0,1,5
2022-07-18,438,"135 St (2,3)",40.814228,-73.94077,861.0,0,5
2022-08-05,438,"135 St (2,3)",40.814228,-73.94077,198.0,0,5
2022-08-08,438,"135 St (2,3)",40.814228,-73.94077,183.0,0,5
2022-08-09,438,"135 St (2,3)",40.814228,-73.94077,1160.0,0,5
2022-08-30,438,"135 St (2,3)",40.814228,-73.94077,868.0,0,5
2022-09-13,438,"135 St (2,3)",40.814228,-73.94077,1818.0,1,5
2023-05-11,438,"135 St (2,3)",40.814228,-73.94077,322.0,0,5
2023-06-14,438,"135 St (2,3)",40.814228,-73.94077,346.0,0,5
2023-09-27,438,"135 St (2,3)",40.814228,-73.94077,618.0,0,5
2023-10-04,438,"135 St (2,3)",40.814228,-73.94077,65.0,0,5
2023-10-17,438,"135 St (2,3)",40.814228,-73.94077,904.0,0,5
2023-11-02,438,"135 St (2,3)",40.814228,-73.94077,691.0,0,5
2023-11-03,438,"135 St (2,3)",40.814228,-73.94077,658.0,0,5
2023-11-08,438,"135 St (2,3)",40.814228,-73.94077,679.0,0,5
2023-11-23,438,"135 St (2,3)",40.814228,-73.94077,94.0,0,5
2024-01-15,438,"135 St (2,3)",40.814228,-73.94077,473.0,0,5
2024-02-29,438,"135 St (2,3)",40.814228,-73.94077,251.0,0,5
2024-03-05,438,"135 St (2,3)",40.814228,-73.94077,1441.0,1,5
2024-04-05,438,"135 St (2,3)",40.814228,-73.94077,717.0,0,5
2024-04-16,438,"135 St (2,3)",40.814228,-73.94077,115.0,0,5
2024-05-03,438,"135 St (2,3)",40.814228,-73.94077,803.0,0,5
2024-05-07,438,"135 St (2,3)",40.814228,-73.94077,1406.0,1,5
2024-05-17,438,"135 St (2,3)",40.814228,-73.94077,144.0,0,5
2024-05-24,438,"135 St (2,3)",40.814228,-73.94077,1387.0,1,5
2024-05-31,438,"135 St (2,3)",40.814228,-73.94077,678.0,0,5
2024-06-03,438,"135 St (2,3)",40.814228,-73.94077,1405.0,1,5
2024-06-13,438,"135 St (2,3)",40.814228,-73.94077,408.0,0,5
2024-06-18,438,"135 St (2,3)",40.814228,-73.94077,121.0,0,5
2024-06-20,438,"135 St (2,3)",40.814228,-73.94077,138.0,0,5
2024-06-21,438,"135 St (2,3)",40.814228,-73.94077,1325.0,1,5
2024-06-28,438,"135 St (2,3)",40.814228,-73.94077,236.0,0,5
2024-08-28,438,"135 St (2,3)",40.814228,-73.94077,482.0,0,5
2024-08-29,438,"135 St (2,3)",40.814228,-73.94077,37.0,0,5
2024-09-04,438,"135 St (2,3)",40.814228,-73.94077,1488.0,1,5
2024-09-05,438,"135 St (2,3)",40.814228,-73.94077,1250.0,1,5
2024-09-13,438,"135 St (2,3)",40.814228,-73.94077,1672.0,1,5
2024-09-28,438,"135 St (2,3)",40.814228,-73.94077,498.0,0,5
2024-10-14,438,"135 St (2,3)",40.814228,-73.94077,55.0,0,5
2024-11-21,438,"135 St (2,3)",40.814228,-73.94077,297.0,0,5
2024-11-22,438,"135 St (2,3)",40.814228,-73.94077,969.0,0,5
2024-12-03,438,"135 St (2,3)",40.814228,-73.94077,722.0,0,5
2024-12-13,438,"135 St (2,3)",40.814228,-73.94077,1046.0,0,5
2024-12-26,438,"135 St (2,3)",40.814228,-73.94077,926.0,0,5
2024-12-31,438,"135 St (2,3)",40.814228,-73.94077,899.0,0,5
2021-05-21,439,"125 St (2,3)",40.807755,-73.945496,137.0,0,9
2021-05-26,439,"125 St (2,3)",40.807755,-73.945496,734.0,0,9
2021-06-10,439,"125 St (2,3)",40.807755,-73.945496,129.0,0,9
2021-06-21,439,"125 St (2,3)",40.807755,-73.945496,829.0,0,9
2021-06-30,439,"125 St (2,3)",40.807755,-73.945496,872.0,0,9
2021-08-25,439,"125 St (2,3)",40.807755,-73.945496,202.0,0,9
2021-10-15,439,"125 St (2,3)",40.807755,-73.945496,89.0,0,9
2021-10-26,439,"125 St (2,3)",40.807755,-73.945496,1203.0,1,9
2021-11-17,439,"125 St (2,3)",40.807755,-73.945496,228.0,0,9
2021-11-18,439,"125 St (2,3)",40.807755,-73.945496,1380.0,1,9
2021-12-02,439,"125 St (2,3)",40.807755,-73.945496,79.0,0,9
2021-12-16,439,"125 St (2,3)",40.807755,-73.945496,363.0,0,9
2021-12-22,439,"125 St (2,3)",40.807755,-73.945496,262.0,0,9
2022-01-04,439,"125 St (2,3)",40.807755,-73.945496,299.0,0,9
2022-01-26,439,"125 St (2,3)",40.807755,-73.945496,979.0,0,9
2022-02-07,439,"125 St (2,3)",40.807755,-73.945496,1026.0,0,9
2022-02-08,439,"125 St (2,3)",40.807755,-73.945496,844.0,0,9
2022-02-09,439,"125 St (2,3)",40.807755,-73.945496,507.0,0,9
2022-02-10,439,"125 St (2,3)",40.807755,-73.945496,189.0,0,9
2022-02-18,439,"125 St (2,3)",40.807755,-73.945496,1159.0,0,9
2022-03-02,439,"125 St (2,3)",40.807755,-73.945496,962.0,0,9
2022-03-08,439,"125 St (2,3)",40.807755,-73.945496,1145.0,0,9
2022-03-15,439,"125 St (2,3)",40.807755,-73.945496,1282.0,1,9
2022-03-29,439,"125 St (2,3)",40.807755,-73.945496,1088.0,0,9
2022-04-07,439,"125 St (2,3)",40.807755,-73.945496,138.0,0,9
2022-04-20,439,"125 St (2,3)",40.807755,-73.945496,157.0,0,9
2022-04-27,439,"125 St (2,3)",40.807755,-73.945496,1426.0,1,9
2022-05-31,439,"125 St (2,3)",40.807755,-73.945496,374.0,0,9
2022-06-01,439,"125 St (2,3)",40.807755,-73.945496,1529.0,1,9
2022-07-18,439,"125 St (2,3)",40.807755,-73.945496,931.0,0,9
2022-08-05,439,"125 St (2,3)",40.807755,-73.945496,62.0,0,9
2022-08-08,439,"125 St (2,3)",40.807755,-73.945496,376.0,0,9
2022-08-09,439,"125 St (2,3)",40.807755,-73.945496,950.0,0,9
2022-08-30,439,"125 St (2,3)",40.807755,-73.945496,533.0,0,9
2022-09-13,439,"125 St (2,3)",40.807755,-73.945496,1410.0,1,9
2023-05-11,439,"125 St (2,3)",40.807755,-73.945496,65.0,0,9
2023-06-14,439,"125 St (2,3)",40.807755,-73.945496,396.0,0,9
2023-09-27,439,"125 St (2,3)",40.807755,-73.945496,825.0,0,9
2023-10-04,439,"125 St (2,3)",40.807755,-73.945496,210.0,0,9
2023-10-17,439,"125 St (2,3)",40.807755,-73.945496,1462.0,1,9
2023-11-02,439,"125 St (2,3)",40.807755,-73.945496,615.0,0,9
2023-11-03,439,"125 St (2,3)",40.807755,-73.945496,493.0,0,9
2023-11-08,439,"125 St (2,3)",40.807755,-73.945496,648.0,0,9
2023-11-23,439,"125 St (2,3)",40.807755,-73.945496,8.0,0,9
2024-01-15,439,"125 St (2,3)",40.807755,-73.945496,443.0,0,9
2024-02-29,439,"125 St (2,3)",40.807755,-73.945496,616.0,0,9
2024-03-05,439,"125 St (2,3)",40.807755,-73.945496,1265.0,1,9
2024-04-05,439,"125 St (2,3)",40.807755,-73.945496,713.0,0,9
2024-04-16,439,"125 St (2,3)",40.807755,-73.945496,35.0,0,9
2024-05-03,439,"125 St (2,3)",40.807755,-73.945496,474.0,0,9
2024-05-07,439,"125 St (2,3)",40.807755,-73.945496,698.0,0,9
2024-05-17,439,"125 St (2,3)",40.807755,-73.945496,127.0,0,9
2024-05-24,439,"125 St (2,3)",40.807755,-73.945496,1014.0,0,9
2024-05-31,439,"125 St (2,3)",40.807755,-73.945496,1339.0,1,9
2024-06-03,439,"125 St (2,3)",40.807755,-73.945496,1854.0,1,9
2024-06-13,439,"125 St (2,3)",40.807755,-73.945496,495.0,0,9
2024-06-18,439,"125 St (2,3)",40.807755,-73.945496,677.0,0,9
2024-06-20,439,"125 St (2,3)",40.807755,-73.945496,164.0,0,9
2024-06-21,439,"125 St (2,3)",40.807755,-73.945496,951.0,0,9
2024-06-28,439,"125 St (2,3)",40.807755,-73.945496,910.0,0,9
2024-08-28,439,"125 St (2,3)",40.807755,-73.945496,560.0,0,9
2024-08-29,439,"125 St (2,3)",40.807755,-73.945496,94.0,0,9
2024-09-04,439,"125 St (2,3)",40.807755,-73.945496,1504.0,1,9
2024-09-05,439,"125 St (2,3)",40.807755,-73.945496,2116.0,1,9
2024-09-13,439,"125 St (2,3)",40.807755,-73.945496,1129.0,0,9
2024-09-28,439,"125 St (2,3)",40.807755,-73.945496,502.0,0,9
2024-11-21,439,"125 St (2,3)",40.807755,-73.945496,276.0,0,9
2024-11-22,439,"125 St (2,3)",40.807755,-73.945496,1094.0,0,9
2024-12-03,439,"125 St (2,3)",40.807755,-73.945496,717.0,0,9
2024-12-13,439,"125 St (2,3)",40.807755,-73.945496,953.0,0,9
2024-12-26,439,"125 St (2,3)",40.807755,-73.945496,539.0,0,9
2024-12-31,439,"125 St (2,3)",40.807755,-73.945496,1040.0,0,9
2021-05-21,440,"116 St (2,3)",40.802097,-73.94962,109.0,0,9
2021-05-26,440,"116 St (2,3)",40.802097,-73.94962,709.0,0,9
2021-06-10,440,"116 St (2,3)",40.802097,-73.94962,129.0,0,9
2021-06-21,440,"116 St (2,3)",40.802097,-73.94962,1030.0,0,9
2021-06-30,440,"116 St (2,3)",40.802097,-73.94962,531.0,0,9
2021-08-25,440,"116 St (2,3)",40.802097,-73.94962,53.0,0,9
2021-10-15,440,"116 St (2,3)",40.802097,-73.94962,107.0,0,9
2021-10-26,440,"116 St (2,3)",40.802097,-73.94962,1433.0,1,9
2021-10-27,440,"116 St (2,3)",40.802097,-73.94962,78.0,0,9
2021-11-17,440,"116 St (2,3)",40.802097,-73.94962,40.0,0,9
2021-11-18,440,"116 St (2,3)",40.802097,-73.94962,1587.0,1,9
2021-12-16,440,"116 St (2,3)",40.802097,-73.94962,362.0,0,9
2021-12-22,440,"116 St (2,3)",40.802097,-73.94962,221.0,0,9
2022-01-04,440,"116 St (2,3)",40.802097,-73.94962,249.0,0,9
2022-01-26,440,"116 St (2,3)",40.802097,-73.94962,1100.0,0,9
2022-02-07,440,"116 St (2,3)",40.802097,-73.94962,1085.0,0,9
2022-02-08,440,"116 St (2,3)",40.802097,-73.94962,1431.0,1,9
2022-02-09,440,"116 St (2,3)",40.802097,-73.94962,535.0,0,9
2022-02-10,440,"116 St (2,3)",40.802097,-73.94962,301.0,0,9
2022-02-18,440,"116 St (2,3)",40.802097,-73.94962,1498.0,1,9
2022-03-02,440,"116 St (2,3)",40.802097,-73.94962,924.0,0,9
2022-03-08,440,"116 St (2,3)",40.802097,-73.94962,1746.0,1,9
2022-03-15,440,"116 St (2,3)",40.802097,-73.94962,1051.0,0,9
2022-03-29,440,"116 St (2,3)",40.802097,-73.94962,1505.0,1,9
2022-04-07,440,"116 St (2,3)",40.802097,-73.94962,209.0,0,9
2022-04-20,440,"116 St (2,3)",40.802097,-73.94962,207.0,0,9
2022-04-27,440,"116 St (2,3)",40.802097,-73.94962,1463.0,1,9
2022-05-31,440,"116 St (2,3)",40.802097,-73.94962,327.0,0,9
2022-06-01,440,"116 St (2,3)",40.802097,-73.94962,1454.0,1,9
2022-07-18,440,"116 St (2,3)",40.802097,-73.94962,712.0,0,9
2022-08-05,440,"116 St (2,3)",40.802097,-73.94962,315.0,0,9
2022-08-08,440,"116 St (2,3)",40.802097,-73.94962,210.0,0,9
2022-08-09,440,"116 St (2,3)",40.802097,-73.94962,854.0,0,9
2022-08-30,440,"116 St (2,3)",40.802097,-73.94962,226.0,0,9
2022-09-13,440,"116 St (2,3)",40.802097,-73.94962,1732.0,1,9
2023-05-11,440,"116 St (2,3)",40.802097,-73.94962,90.0,0,9
2023-06-14,440,"116 St (2,3)",40.802097,-73.94962,1361.0,1,9
2023-09-27,440,"116 St (2,3)",40.802097,-73.94962,1063.0,0,9
2023-10-04,440,"116 St (2,3)",40.802097,-73.94962,65.0,0,9
2023-10-17,440,"116 St (2,3)",40.802097,-73.94962,1702.0,1,9
2023-11-02,440,"116 St (2,3)",40.802097,-73.94962,998.0,0,9
2023-11-03,440,"116 St (2,3)",40.802097,-73.94962,743.0,0,9
2023-11-08,440,"116 St (2,3)",40.802097,-73.94962,774.0,0,9
2023-11-17,440,"116 St (2,3)",40.802097,-73.94962,37.0,0,9
2023-11-23,440,"116 St (2,3)",40.802097,-73.94962,10.0,0,9
2024-01-15,440,"116 St (2,3)",40.802097,-73.94962,413.0,0,9
2024-02-29,440,"116 St (2,3)",40.802097,-73.94962,877.0,0,9
2024-03-05,440,"116 St (2,3)",40.802097,-73.94962,707.0,0,9
2024-04-05,440,"116 St (2,3)",40.802097,-73.94962,565.0,0,9
2024-04-16,440,"116 St (2,3)",40.802097,-73.94962,88.0,0,9
2024-05-03,440,"116 St (2,3)",40.802097,-73.94962,558.0,0,9
2024-05-07,440,"116 St (2,3)",40.802097,-73.94962,1152.0,0,9
2024-05-17,440,"116 St (2,3)",40.802097,-73.94962,70.0,0,9
2024-05-24,440,"116 St (2,3)",40.802097,-73.94962,1566.0,1,9
2024-05-31,440,"116 St (2,3)",40.802097,-73.94962,1136.0,0,9
2024-06-03,440,"116 St (2,3)",40.802097,-73.94962,1680.0,1,9
2024-06-13,440,"116 St (2,3)",40.802097,-73.94962,1043.0,0,9
2024-06-18,440,"116 St (2,3)",40.802097,-73.94962,308.0,0,9
2024-06-20,440,"116 St (2,3)",40.802097,-73.94962,161.0,0,9
2024-06-21,440,"116 St (2,3)",40.802097,-73.94962,1291.0,1,9
2024-06-28,440,"116 St (2,3)",40.802097,-73.94962,322.0,0,9
2024-08-28,440,"116 St (2,3)",40.802097,-73.94962,1119.0,0,9
2024-08-29,440,"116 St (2,3)",40.802097,-73.94962,102.0,0,9
2024-09-04,440,"116 St (2,3)",40.802097,-73.94962,1606.0,1,9
2024-09-05,440,"116 St (2,3)",40.802097,-73.94962,758.0,0,9
2024-09-13,440,"116 St (2,3)",40.802097,-73.94962,1009.0,0,9
2024-09-28,440,"116 St (2,3)",40.802097,-73.94962,402.0,0,9
2024-11-21,440,"116 St (2,3)",40.802097,-73.94962,943.0,0,9
2024-11-22,440,"116 St (2,3)",40.802097,-73.94962,1316.0,1,9
2024-12-03,440,"116 St (2,3)",40.802097,-73.94962,329.0,0,9
2024-12-13,440,"116 St (2,3)",40.802097,-73.94962,1019.0,0,9
2024-12-26,440,"116 St (2,3)",40.802097,-73.94962,702.0,0,9
2024-12-31,440,"116 St (2,3)",40.802097,-73.94962,622.0,0,9
2021-05-21,441,"Central Park North (110 St) (2,3)",40.799076,-73.95182,64.0,0,5
2021-05-26,441,"Central Park North (110 St) (2,3)",40.799076,-73.95182,829.0,0,5
2021-06-10,441,"Central Park North (110 St) (2,3)",40.799076,-73.95182,68.0,0,5
2021-06-21,441,"Central Park North (110 St) (2,3)",40.799076,-73.95182,667.0,0,5
2021-06-30,441,"Central Park North (110 St) (2,3)",40.799076,-73.95182,320.0,0,5
2021-08-25,441,"Central Park North (110 St) (2,3)",40.799076,-73.95182,94.0,0,5
2021-10-15,441,"Central Park North (110 St) (2,3)",40.799076,-73.95182,148.0,0,5
2021-10-26,441,"Central Park North (110 St) (2,3)",40.799076,-73.95182,967.0,0,5
2021-11-17,441,"Central Park North (110 St) (2,3)",40.799076,-73.95182,335.0,0,5
2021-11-18,441,"Central Park North (110 St) (2,3)",40.799076,-73.95182,1461.0,1,5
2021-12-02,441,"Central Park North (110 St) (2,3)",40.799076,-73.95182,112.0,0,5
2021-12-16,441,"Central Park North (110 St) (2,3)",40.799076,-73.95182,141.0,0,5
2021-12-22,441,"Central Park North (110 St) (2,3)",40.799076,-73.95182,246.0,0,5
2022-01-04,441,"Central Park North (110 St) (2,3)",40.799076,-73.95182,155.0,0,5
2022-01-26,441,"Central Park North (110 St) (2,3)",40.799076,-73.95182,1055.0,0,5
2022-02-07,441,"Central Park North (110 St) (2,3)",40.799076,-73.95182,968.0,0,5
2022-02-08,441,"Central Park North (110 St) (2,3)",40.799076,-73.95182,928.0,0,5
2022-02-09,441,"Central Park North (110 St) (2,3)",40.799076,-73.95182,709.0,0,5
2022-02-10,441,"Central Park North (110 St) (2,3)",40.799076,-73.95182,188.0,0,5
2022-02-18,441,"Central Park North (110 St) (2,3)",40.799076,-73.95182,1080.0,0,5
2022-03-02,441,"Central Park North (110 St) (2,3)",40.799076,-73.95182,1234.0,1,5
2022-03-08,441,"Central Park North (110 St) (2,3)",40.799076,-73.95182,1348.0,1,5
2022-03-15,441,"Central Park North (110 St) (2,3)",40.799076,-73.95182,1067.0,0,5
2022-03-29,441,"Central Park North (110 St) (2,3)",40.799076,-73.95182,1137.0,0,5
2022-04-07,441,"Central Park North (110 St) (2,3)",40.799076,-73.95182,57.0,0,5
2022-04-20,441,"Central Park North (110 St) (2,3)",40.799076,-73.95182,200.0,0,5
2022-04-27,441,"Central Park North (110 St) (2,3)",40.799076,-73.95182,870.0,0,5
2022-05-31,441,"Central Park North (110 St) (2,3)",40.799076,-73.95182,294.0,0,5
2022-06-01,441,"Central Park North (110 St) (2,3)",40.799076,-73.95182,1414.0,1,5
2022-07-18,441,"Central Park North (110 St) (2,3)",40.799076,-73.95182,567.0,0,5
2022-08-05,441,"Central Park North (110 St) (2,3)",40.799076,-73.95182,49.0,0,5
2022-08-08,441,"Central Park North (110 St) (2,3)",40.799076,-73.95182,195.0,0,5
2022-08-09,441,"Central Park North (110 St) (2,3)",40.799076,-73.95182,766.0,0,5
2022-08-30,441,"Central Park North (110 St) (2,3)",40.799076,-73.95182,67.0,0,5
2022-09-13,441,"Central Park North (110 St) (2,3)",40.799076,-73.95182,1359.0,1,5
2023-05-11,441,"Central Park North (110 St) (2,3)",40.799076,-73.95182,86.0,0,5
2023-06-14,441,"Central Park North (110 St) (2,3)",40.799076,-73.95182,293.0,0,5
2023-09-27,441,"Central Park North (110 St) (2,3)",40.799076,-73.95182,581.0,0,5
2023-10-04,441,"Central Park North (110 St) (2,3)",40.799076,-73.95182,131.0,0,5
2023-10-17,441,"Central Park North (110 St) (2,3)",40.799076,-73.95182,1284.0,1,5
2023-11-02,441,"Central Park North (110 St) (2,3)",40.799076,-73.95182,855.0,0,5
2023-11-03,441,"Central Park North (110 St) (2,3)",40.799076,-73.95182,266.0,0,5
2023-11-08,441,"Central Park North (110 St) (2,3)",40.799076,-73.95182,649.0,0,5
2023-11-23,441,"Central Park North (110 St) (2,3)",40.799076,-73.95182,19.0,0,5
2024-01-15,441,"Central Park North (110 St) (2,3)",40.799076,-73.95182,469.0,0,5
2024-02-29,441,"Central Park North (110 St) (2,3)",40.799076,-73.95182,641.0,0,5
2024-03-05,441,"Central Park North (110 St) (2,3)",40.799076,-73.95182,1177.0,0,5
2024-04-05,441,"Central Park North (110 St) (2,3)",40.799076,-73.95182,562.0,0,5
2024-04-16,441,"Central Park North (110 St) (2,3)",40.799076,-73.95182,29.0,0,5
2024-05-03,441,"Central Park North (110 St) (2,3)",40.799076,-73.95182,628.0,0,5
2024-05-07,441,"Central Park North (110 St) (2,3)",40.799076,-73.95182,1342.0,1,5
2024-05-17,441,"Central Park North (110 St) (2,3)",40.799076,-73.95182,173.0,0,5
2024-05-24,441,"Central Park North (110 St) (2,3)",40.799076,-73.95182,877.0,0,5
2024-05-31,441,"Central Park North (110 St) (2,3)",40.799076,-73.95182,1068.0,0,5
2024-06-03,441,"Central Park North (110 St) (2,3)",40.799076,-73.95182,820.0,0,5
2024-06-13,441,"Central Park North (110 St) (2,3)",40.799076,-73.95182,58.0,0,5
2024-06-18,441,"Central Park North (110 St) (2,3)",40.799076,-73.95182,167.0,0,5
2024-06-20,441,"Central Park North (110 St) (2,3)",40.799076,-73.95182,177.0,0,5
2024-06-21,441,"Central Park North (110 St) (2,3)",40.799076,-73.95182,845.0,0,5
2024-06-28,441,"Central Park North (110 St) (2,3)",40.799076,-73.95182,426.0,0,5
2024-08-28,441,"Central Park North (110 St) (2,3)",40.799076,-73.95182,242.0,0,5
2024-08-29,441,"Central Park North (110 St) (2,3)",40.799076,-73.95182,173.0,0,5
2024-09-04,441,"Central Park North (110 St) (2,3)",40.799076,-73.95182,1151.0,0,5
2024-09-05,441,"Central Park North (110 St) (2,3)",40.799076,-73.95182,1093.0,0,5
2024-09-13,441,"Central Park North (110 St) (2,3)",40.799076,-73.95182,767.0,0,5
2024-09-28,441,"Central Park North (110 St) (2,3)",40.799076,-73.95182,205.0,0,5
2024-11-21,441,"Central Park North (110 St) (2,3)",40.799076,-73.95182,328.0,0,5
2024-11-22,441,"Central Park North (110 St) (2,3)",40.799076,-73.95182,424.0,0,5
2024-12-03,441,"Central Park North (110 St) (2,3)",40.799076,-73.95182,708.0,0,5
2024-12-13,441,"Central Park North (110 St) (2,3)",40.799076,-73.95182,364.0,0,5
2024-12-26,441,"Central Park North (110 St) (2,3)",40.799076,-73.95182,662.0,0,5
2024-12-31,441,"Central Park North (110 St) (2,3)",40.799076,-73.95182,577.0,0,5
2021-05-21,471,34 St-Hudson Yards (7),40.755882,-74.00191,75.0,0,30
2021-05-26,471,34 St-Hudson Yards (7),40.755882,-74.00191,439.0,0,30
2021-06-10,471,34 St-Hudson Yards (7),40.755882,-74.00191,2.0,0,30
2021-06-21,471,34 St-Hudson Yards (7),40.755882,-74.00191,494.0,0,30
2021-06-30,471,34 St-Hudson Yards (7),40.755882,-74.00191,538.0,0,30
2021-08-25,471,34 St-Hudson Yards (7),40.755882,-74.00191,66.0,0,30
2021-10-15,471,34 St-Hudson Yards (7),40.755882,-74.00191,13.0,0,30
2021-10-26,471,34 St-Hudson Yards (7),40.755882,-74.00191,707.0,0,30
2021-10-27,471,34 St-Hudson Yards (7),40.755882,-74.00191,15.0,0,30
2021-11-17,471,34 St-Hudson Yards (7),40.755882,-74.00191,57.0,0,30
2021-11-18,471,34 St-Hudson Yards (7),40.755882,-74.00191,690.0,0,30
2021-12-16,471,34 St-Hudson Yards (7),40.755882,-74.00191,33.0,0,30
2021-12-22,471,34 St-Hudson Yards (7),40.755882,-74.00191,247.0,0,30
2022-01-04,471,34 St-Hudson Yards (7),40.755882,-74.00191,238.0,0,30
2022-01-26,471,34 St-Hudson Yards (7),40.755882,-74.00191,532.0,0,30
2022-02-07,471,34 St-Hudson Yards (7),40.755882,-74.00191,457.0,0,30
2022-02-08,471,34 St-Hudson Yards (7),40.755882,-74.00191,615.0,0,30
2022-02-09,471,34 St-Hudson Yards (7),40.755882,-74.00191,593.0,0,30
2022-02-10,471,34 St-Hudson Yards (7),40.755882,-74.00191,166.0,0,30
2022-02-18,471,34 St-Hudson Yards (7),40.755882,-74.00191,561.0,0,30
2022-03-02,471,34 St-Hudson Yards (7),40.755882,-74.00191,706.0,0,30
2022-03-08,471,34 St-Hudson Yards (7),40.755882,-74.00191,1070.0,0,30
2022-03-15,471,34 St-Hudson Yards (7),40.755882,-74.00191,639.0,0,30
2022-03-29,471,34 St-Hudson Yards (7),40.755882,-74.00191,1137.0,0,30
2022-04-20,471,34 St-Hudson Yards (7),40.755882,-74.00191,32.0,0,30
2022-04-27,471,34 St-Hudson Yards (7),40.755882,-74.00191,634.0,0,30
2022-05-31,471,34 St-Hudson Yards (7),40.755882,-74.00191,178.0,0,30
2022-06-01,471,34 St-Hudson Yards (7),40.755882,-74.00191,612.0,0,30
2022-07-18,471,34 St-Hudson Yards (7),40.755882,-74.00191,645.0,0,30
2022-08-05,471,34 St-Hudson Yards (7),40.755882,-74.00191,169.0,0,30
2022-08-08,471,34 St-Hudson Yards (7),40.755882,-74.00191,216.0,0,30
2022-08-09,471,34 St-Hudson Yards (7),40.755882,-74.00191,741.0,0,30
2022-08-30,471,34 St-Hudson Yards (7),40.755882,-74.00191,554.0,0,30
2022-09-13,471,34 St-Hudson Yards (7),40.755882,-74.00191,1077.0,0,30
2023-05-11,471,34 St-Hudson Yards (7),40.755882,-74.00191,22.0,0,30
2023-06-14,471,34 St-Hudson Yards (7),40.755882,-74.00191,993.0,0,30
2023-09-27,471,34 St-Hudson Yards (7),40.755882,-74.00191,969.0,0,30
2023-10-04,471,34 St-Hudson Yards (7),40.755882,-74.00191,885.0,0,30
2023-10-17,471,34 St-Hudson Yards (7),40.755882,-74.00191,1411.0,1,30
2023-11-02,471,34 St-Hudson Yards (7),40.755882,-74.00191,762.0,0,30
2023-11-03,471,34 St-Hudson Yards (7),40.755882,-74.00191,673.0,0,30
2023-11-08,471,34 St-Hudson Yards (7),40.755882,-74.00191,778.0,0,30
2023-11-23,471,34 St-Hudson Yards (7),40.755882,-74.00191,65.0,0,30
2024-01-15,471,34 St-Hudson Yards (7),40.755882,-74.00191,376.0,0,30
2024-02-29,471,34 St-Hudson Yards (7),40.755882,-74.00191,813.0,0,30
2024-03-05,471,34 St-Hudson Yards (7),40.755882,-74.00191,1126.0,0,30
2024-04-05,471,34 St-Hudson Yards (7),40.755882,-74.00191,360.0,0,30
2024-04-16,471,34 St-Hudson Yards (7),40.755882,-74.00191,34.0,0,30
2024-05-03,471,34 St-Hudson Yards (7),40.755882,-74.00191,145.0,0,30
2024-05-07,471,34 St-Hudson Yards (7),40.755882,-74.00191,1163.0,0,30
2024-05-17,471,34 St-Hudson Yards (7),40.755882,-74.00191,22.0,0,30
2024-05-24,471,34 St-Hudson Yards (7),40.755882,-74.00191,962.0,0,30
2024-05-31,471,34 St-Hudson Yards (7),40.755882,-74.00191,837.0,0,30
2024-06-03,471,34 St-Hudson Yards (7),40.755882,-74.00191,1562.0,1,30
2024-06-13,471,34 St-Hudson Yards (7),40.755882,-74.00191,465.0,0,30
2024-06-18,471,34 St-Hudson Yards (7),40.755882,-74.00191,109.0,0,30
2024-06-20,471,34 St-Hudson Yards (7),40.755882,-74.00191,48.0,0,30
2024-06-21,471,34 St-Hudson Yards (7),40.755882,-74.00191,1320.0,1,30
2024-06-28,471,34 St-Hudson Yards (7),40.755882,-74.00191,444.0,0,30
2024-08-28,471,34 St-Hudson Yards (7),40.755882,-74.00191,665.0,0,30
2024-08-29,471,34 St-Hudson Yards (7),40.755882,-74.00191,43.0,0,30
2024-09-04,471,34 St-Hudson Yards (7),40.755882,-74.00191,1808.0,1,30
2024-09-05,471,34 St-Hudson Yards (7),40.755882,-74.00191,1885.0,1,30
2024-09-13,471,34 St-Hudson Yards (7),40.755882,-74.00191,1138.0,0,30
2024-09-28,471,34 St-Hudson Yards (7),40.755882,-74.00191,316.0,0,30
2024-11-21,471,34 St-Hudson Yards (7),40.755882,-74.00191,127.0,0,30
2024-11-22,471,34 St-Hudson Yards (7),40.755882,-74.00191,720.0,0,30
2024-12-03,471,34 St-Hudson Yards (7),40.755882,-74.00191,84.0,0,30
2024-12-13,471,34 St-Hudson Yards (7),40.755882,-74.00191,897.0,0,30
2024-12-26,471,34 St-Hudson Yards (7),40.755882,-74.00191,506.0,0,30
2024-12-31,471,34 St-Hudson Yards (7),40.755882,-74.00191,789.0,0,30
2021-05-21,475,96 St (Q),40.784317,-73.94715,68.0,0,10
2021-05-26,475,96 St (Q),40.784317,-73.94715,1145.0,0,10
2021-06-10,475,96 St (Q),40.784317,-73.94715,96.0,0,10
2021-06-21,475,96 St (Q),40.784317,-73.94715,1248.0,1,10
2021-06-30,475,96 St (Q),40.784317,-73.94715,1627.0,1,10
2021-08-25,475,96 St (Q),40.784317,-73.94715,273.0,0,10
2021-10-15,475,96 St (Q),40.784317,-73.94715,84.0,0,10
2021-10-26,475,96 St (Q),40.784317,-73.94715,2129.0,1,10
2021-10-27,475,96 St (Q),40.784317,-73.94715,75.0,0,10
2021-11-18,475,96 St (Q),40.784317,-73.94715,3009.0,1,10
2021-12-16,475,96 St (Q),40.784317,-73.94715,234.0,0,10
2021-12-22,475,96 St (Q),40.784317,-73.94715,598.0,0,10
2022-01-04,475,96 St (Q),40.784317,-73.94715,648.0,0,10
2022-01-26,475,96 St (Q),40.784317,-73.94715,1957.0,1,10
2022-02-07,475,96 St (Q),40.784317,-73.94715,1642.0,1,10
2022-02-08,475,96 St (Q),40.784317,-73.94715,1384.0,1,10
2022-02-09,475,96 St (Q),40.784317,-73.94715,2649.0,1,10
2022-02-10,475,96 St (Q),40.784317,-73.94715,596.0,0,10
2022-02-18,475,96 St (Q),40.784317,-73.94715,1887.0,1,10
2022-03-02,475,96 St (Q),40.784317,-73.94715,2040.0,1,10
2022-03-08,475,96 St (Q),40.784317,-73.94715,2614.0,1,10
2022-03-15,475,96 St (Q),40.784317,-73.94715,2924.0,1,10
2022-03-29,475,96 St (Q),40.784317,-73.94715,2228.0,1,10
2022-04-07,475,96 St (Q),40.784317,-73.94715,67.0,0,10
2022-04-20,475,96 St (Q),40.784317,-73.94715,254.0,0,10
2022-04-21,475,96 St (Q),40.784317,-73.94715,319.0,0,10
2022-04-27,475,96 St (Q),40.784317,-73.94715,2147.0,1,10
2022-05-31,475,96 St (Q),40.784317,-73.94715,950.0,0,10
2022-06-01,475,96 St (Q),40.784317,-73.94715,3680.0,1,10
2022-07-18,475,96 St (Q),40.784317,-73.94715,1484.0,1,10
2022-08-05,475,96 St (Q),40.784317,-73.94715,407.0,0,10
2022-08-08,475,96 St (Q),40.784317,-73.94715,539.0,0,10
2022-08-09,475,96 St (Q),40.784317,-73.94715,1888.0,1,10
2022-08-30,475,96 St (Q),40.784317,-73.94715,1814.0,1,10
2022-09-13,475,96 St (Q),40.784317,-73.94715,2373.0,1,10
2023-05-11,475,96 St (Q),40.784317,-73.94715,251.0,0,10
2023-06-14,475,96 St (Q),40.784317,-73.94715,1323.0,1,10
2023-09-27,475,96 St (Q),40.784317,-73.94715,3554.0,1,10
2023-10-04,475,96 St (Q),40.784317,-73.94715,1087.0,0,10
2023-10-17,475,96 St (Q),40.784317,-73.94715,2245.0,1,10
2023-11-02,475,96 St (Q),40.784317,-73.94715,2081.0,1,10
2023-11-03,475,96 St (Q),40.784317,-73.94715,795.0,0,10
2023-11-08,475,96 St (Q),40.784317,-73.94715,3723.0,1,10
2023-11-23,475,96 St (Q),40.784317,-73.94715,44.0,0,10
2024-01-15,475,96 St (Q),40.784317,-73.94715,941.0,0,10
2024-02-29,475,96 St (Q),40.784317,-73.94715,1241.0,1,10
2024-03-05,475,96 St (Q),40.784317,-73.94715,2059.0,1,10
2024-04-05,475,96 St (Q),40.784317,-73.94715,1247.0,1,10
2024-04-16,475,96 St (Q),40.784317,-73.94715,6.0,0,10
2024-05-03,475,96 St (Q),40.784317,-73.94715,2301.0,1,10
2024-05-07,475,96 St (Q),40.784317,-73.94715,2471.0,1,10
2024-05-17,475,96 St (Q),40.784317,-73.94715,250.0,0,10
2024-05-24,475,96 St (Q),40.784317,-73.94715,1830.0,1,10
2024-05-31,475,96 St (Q),40.784317,-73.94715,1319.0,1,10
2024-06-03,475,96 St (Q),40.784317,-73.94715,3577.0,1,10
2024-06-13,475,96 St (Q),40.784317,-73.94715,125.0,0,10
2024-06-18,475,96 St (Q),40.784317,-73.94715,1846.0,1,10
2024-06-20,475,96 St (Q),40.784317,-73.94715,377.0,0,10
2024-06-21,475,96 St (Q),40.784317,-73.94715,2424.0,1,10
2024-06-28,475,96 St (Q),40.784317,-73.94715,485.0,0,10
2024-08-28,475,96 St (Q),40.784317,-73.94715,688.0,0,10
2024-08-29,475,96 St (Q),40.784317,-73.94715,773.0,0,10
2024-09-04,475,96 St (Q),40.784317,-73.94715,1953.0,1,10
2024-09-05,475,96 St (Q),40.784317,-73.94715,3481.0,1,10
2024-09-13,475,96 St (Q),40.784317,-73.94715,2021.0,1,10
2024-09-28,475,96 St (Q),40.784317,-73.94715,1026.0,0,10
2024-11-21,475,96 St (Q),40.784317,-73.94715,474.0,0,10
2024-11-22,475,96 St (Q),40.784317,-73.94715,1633.0,1,10
2024-12-03,475,96 St (Q),40.784317,-73.94715,899.0,0,10
2024-12-13,475,96 St (Q),40.784317,-73.94715,2823.0,1,10
2024-12-26,475,96 St (Q),40.784317,-73.94715,528.0,0,10
2024-12-31,475,96 St (Q),40.784317,-73.94715,1679.0,1,10
2021-05-21,476,86 St (Q),40.77789,-73.95179,125.0,0,45
2021-05-26,476,86 St (Q),40.77789,-73.95179,1556.0,1,45
2021-06-10,476,86 St (Q),40.77789,-73.95179,211.0,0,45
2021-06-21,476,86 St (Q),40.77789,-73.95179,1387.0,1,45
2021-06-30,476,86 St (Q),40.77789,-73.95179,1821.0,1,45
2021-08-25,476,86 St (Q),40.77789,-73.95179,729.0,0,45
2021-10-15,476,86 St (Q),40.77789,-73.95179,54.0,0,45
2021-10-19,476,86 St (Q),40.77789,-73.95179,743.0,0,45
2021-10-26,476,86 St (Q),40.77789,-73.95179,2289.0,1,45
2021-11-17,476,86 St (Q),40.77789,-73.95179,607.0,0,45
2021-11-18,476,86 St (Q),40.77789,-73.95179,4313.0,1,45
2021-12-02,476,86 St (Q),40.77789,-73.95179,671.0,0,45
2021-12-16,476,86 St (Q),40.77789,-73.95179,211.0,0,45
2021-12-22,476,86 St (Q),40.77789,-73.95179,90.0,0,45
2022-01-04,476,86 St (Q),40.77789,-73.95179,305.0,0,45
2022-01-26,476,86 St (Q),40.77789,-73.95179,1959.0,1,45
2022-02-07,476,86 St (Q),40.77789,-73.95179,2588.0,1,45
2022-02-08,476,86 St (Q),40.77789,-73.95179,3092.0,1,45
2022-02-09,476,86 St (Q),40.77789,-73.95179,1988.0,1,45
2022-02-10,476,86 St (Q),40.77789,-73.95179,1568.0,1,45
2022-02-18,476,86 St (Q),40.77789,-73.95179,2633.0,1,45
2022-03-02,476,86 St (Q),40.77789,-73.95179,2782.0,1,45
2022-03-08,476,86 St (Q),40.77789,-73.95179,3787.0,1,45
2022-03-15,476,86 St (Q),40.77789,-73.95179,4537.0,1,45
2022-03-29,476,86 St (Q),40.77789,-73.95179,3358.0,1,45
2022-04-07,476,86 St (Q),40.77789,-73.95179,101.0,0,45
2022-04-20,476,86 St (Q),40.77789,-73.95179,952.0,0,45
2022-04-27,476,86 St (Q),40.77789,-73.95179,3798.0,1,45
2022-05-31,476,86 St (Q),40.77789,-73.95179,618.0,0,45
2022-06-01,476,86 St (Q),40.77789,-73.95179,3289.0,1,45
2022-07-18,476,86 St (Q),40.77789,-73.95179,2104.0,1,45
2022-08-05,476,86 St (Q),40.77789,-73.95179,125.0,0,45
2022-08-08,476,86 St (Q),40.77789,-73.95179,681.0,0,45
2022-08-09,476,86 St (Q),40.77789,-73.95179,2663.0,1,45
2022-08-30,476,86 St (Q),40.77789,-73.95179,609.0,0,45
2022-09-13,476,86 St (Q),40.77789,-73.95179,4810.0,1,45
2023-05-11,476,86 St (Q),40.77789,-73.95179,352.0,0,45
2023-06-14,476,86 St (Q),40.77789,-73.95179,1404.0,1,45
2023-09-27,476,86 St (Q),40.77789,-73.95179,4126.0,1,45
2023-10-04,476,86 St (Q),40.77789,-73.95179,5166.0,1,45
2023-10-17,476,86 St (Q),40.77789,-73.95179,6619.0,1,45
2023-11-02,476,86 St (Q),40.77789,-73.95179,2114.0,1,45
2023-11-03,476,86 St (Q),40.77789,-73.95179,888.0,0,45
2023-11-08,476,86 St (Q),40.77789,-73.95179,710.0,0,45
2023-11-23,476,86 St (Q),40.77789,-73.95179,428.0,0,45
2024-01-15,476,86 St (Q),40.77789,-73.95179,1417.0,1,45
2024-02-29,476,86 St (Q),40.77789,-73.95179,1140.0,0,45
2024-03-05,476,86 St (Q),40.77789,-73.95179,5677.0,1,45
2024-04-05,476,86 St (Q),40.77789,-73.95179,1069.0,0,45
2024-04-16,476,86 St (Q),40.77789,-73.95179,62.0,0,45
2024-05-03,476,86 St (Q),40.77789,-73.95179,2329.0,1,45
2024-05-07,476,86 St (Q),40.77789,-73.95179,6125.0,1,45
2024-05-17,476,86 St (Q),40.77789,-73.95179,121.0,0,45
2024-05-24,476,86 St (Q),40.77789,-73.95179,1435.0,1,45
2024-05-31,476,86 St (Q),40.77789,-73.95179,1357.0,1,45
2024-06-03,476,86 St (Q),40.77789,-73.95179,3968.0,1,45
2024-06-13,476,86 St (Q),40.77789,-73.95179,416.0,0,45
2024-06-18,476,86 St (Q),40.77789,-73.95179,1692.0,1,45
2024-06-20,476,86 St (Q),40.77789,-73.95179,218.0,0,45
2024-06-21,476,86 St (Q),40.77789,-73.95179,2044.0,1,45
2024-06-28,476,86 St (Q),40.77789,-73.95179,1283.0,1,45
2024-08-28,476,86 St (Q),40.77789,-73.95179,803.0,0,45
2024-08-29,476,86 St (Q),40.77789,-73.95179,269.0,0,45
2024-09-04,476,86 St (Q),40.77789,-73.95179,2170.0,1,45
2024-09-05,476,86 St (Q),40.77789,-73.95179,5904.0,1,45
2024-09-13,476,86 St (Q),40.77789,-73.95179,4123.0,1,45
2024-09-28,476,86 St (Q),40.77789,-73.95179,217.0,0,45
2024-11-16,476,86 St (Q),40.77789,-73.95179,281.0,0,45
2024-11-21,476,86 St (Q),40.77789,-73.95179,333.0,0,45
2024-11-22,476,86 St (Q),40.77789,-73.95179,3234.0,1,45
2024-12-03,476,86 St (Q),40.77789,-73.95179,1593.0,1,45
2024-12-13,476,86 St (Q),40.77789,-73.95179,3258.0,1,45
2024-12-26,476,86 St (Q),40.77789,-73.95179,1063.0,0,45
2024-12-31,476,86 St (Q),40.77789,-73.95179,1623.0,1,45
2021-05-26,477,72 St (Q),40.7688,-73.95843,1748.0,1,38
2021-06-10,477,72 St (Q),40.7688,-73.95843,418.0,0,38
2021-06-21,477,72 St (Q),40.7688,-73.95843,1722.0,1,38
2021-06-30,477,72 St (Q),40.7688,-73.95843,2040.0,1,38
2021-08-25,477,72 St (Q),40.7688,-73.95843,426.0,0,38
2021-10-15,477,72 St (Q),40.7688,-73.95843,238.0,0,38
2021-10-26,477,72 St (Q),40.7688,-73.95843,1624.0,1,38
2021-10-27,477,72 St (Q),40.7688,-73.95843,235.0,0,38
2021-11-17,477,72 St (Q),40.7688,-73.95843,374.0,0,38
2021-11-18,477,72 St (Q),40.7688,-73.95843,3548.0,1,38
2021-12-02,477,72 St (Q),40.7688,-73.95843,150.0,0,38
2021-12-22,477,72 St (Q),40.7688,-73.95843,225.0,0,38
2022-01-04,477,72 St (Q),40.7688,-73.95843,616.0,0,38
2022-01-26,477,72 St (Q),40.7688,-73.95843,1777.0,1,38
2022-02-07,477,72 St (Q),40.7688,-73.95843,1882.0,1,38
2022-02-08,477,72 St (Q),40.7688,-73.95843,2346.0,1,38
2022-02-09,477,72 St (Q),40.7688,-73.95843,673.0,0,38
2022-02-10,477,72 St (Q),40.7688,-73.95843,634.0,0,38
2022-02-18,477,72 St (Q),40.7688,-73.95843,1861.0,1,38
2022-03-02,477,72 St (Q),40.7688,-73.95843,2737.0,1,38
2022-03-08,477,72 St (Q),40.7688,-73.95843,3466.0,1,38
2022-03-15,477,72 St (Q),40.7688,-73.95843,3161.0,1,38
2022-03-29,477,72 St (Q),40.7688,-73.95843,2796.0,1,38
2022-04-07,477,72 St (Q),40.7688,-73.95843,847.0,0,38
2022-04-20,477,72 St (Q),40.7688,-73.95843,171.0,0,38
2022-04-27,477,72 St (Q),40.7688,-73.95843,2357.0,1,38
2022-05-31,477,72 St (Q),40.7688,-73.95843,1789.0,1,38
2022-06-01,477,72 St (Q),40.7688,-73.95843,2214.0,1,38
2022-07-18,477,72 St (Q),40.7688,-73.95843,1658.0,1,38
2022-08-05,477,72 St (Q),40.7688,-73.95843,40.0,0,38
2022-08-08,477,72 St (Q),40.7688,-73.95843,344.0,0,38
2022-08-09,477,72 St (Q),40.7688,-73.95843,2457.0,1,38
2022-08-30,477,72 St (Q),40.7688,-73.95843,1285.0,1,38
2022-09-13,477,72 St (Q),40.7688,-73.95843,4083.0,1,38
2023-05-11,477,72 St (Q),40.7688,-73.95843,96.0,0,38
2023-06-14,477,72 St (Q),40.7688,-73.95843,517.0,0,38
2023-09-27,477,72 St (Q),40.7688,-73.95843,1112.0,0,38
2023-10-04,477,72 St (Q),40.7688,-73.95843,339.0,0,38
2023-10-17,477,72 St (Q),40.7688,-73.95843,5211.0,1,38
2023-11-02,477,72 St (Q),40.7688,-73.95843,914.0,0,38
2023-11-03,477,72 St (Q),40.7688,-73.95843,1099.0,0,38
2023-11-08,477,72 St (Q),40.7688,-73.95843,3564.0,1,38
2024-01-15,477,72 St (Q),40.7688,-73.95843,1288.0,1,38
2024-02-29,477,72 St (Q),40.7688,-73.95843,833.0,0,38
2024-03-05,477,72 St (Q),40.7688,-73.95843,1459.0,1,38
2024-04-05,477,72 St (Q),40.7688,-73.95843,1966.0,1,38
2024-04-16,477,72 St (Q),40.7688,-73.95843,58.0,0,38
2024-05-03,477,72 St (Q),40.7688,-73.95843,1135.0,0,38
2024-05-07,477,72 St (Q),40.7688,-73.95843,2643.0,1,38
2024-05-24,477,72 St (Q),40.7688,-73.95843,2692.0,1,38
2024-05-30,477,72 St (Q),40.7688,-73.95843,504.0,0,38
2024-05-31,477,72 St (Q),40.7688,-73.95843,3164.0,1,38
2024-06-03,477,72 St (Q),40.7688,-73.95843,3547.0,1,38
2024-06-13,477,72 St (Q),40.7688,-73.95843,2292.0,1,38
2024-06-18,477,72 St (Q),40.7688,-73.95843,115.0,0,38
2024-06-20,477,72 St (Q),40.7688,-73.95843,52.0,0,38
2024-06-21,477,72 St (Q),40.7688,-73.95843,2921.0,1,38
2024-06-28,477,72 St (Q),40.7688,-73.95843,205.0,0,38
2024-08-28,477,72 St (Q),40.7688,-73.95843,356.0,0,38
2024-08-29,477,72 St (Q),40.7688,-73.95843,194.0,0,38
2024-09-04,477,72 St (Q),40.7688,-73.95843,3633.0,1,38
2024-09-05,477,72 St (Q),40.7688,-73.95843,3951.0,1,38
2024-09-13,477,72 St (Q),40.7688,-73.95843,3845.0,1,38
2024-09-28,477,72 St (Q),40.7688,-73.95843,223.0,0,38
2024-11-16,477,72 St (Q),40.7688,-73.95843,58.0,0,38
2024-11-21,477,72 St (Q),40.7688,-73.95843,234.0,0,38
2024-11-22,477,72 St (Q),40.7688,-73.95843,2150.0,1,38
2024-12-03,477,72 St (Q),40.7688,-73.95843,4.0,0,38
2024-12-13,477,72 St (Q),40.7688,-73.95843,3246.0,1,38
2024-12-26,477,72 St (Q),40.7688,-73.95843,823.0,0,38
2024-12-31,477,72 St (Q),40.7688,-73.95843,1509.0,1,38
2021-05-21,601,"14 St (F,M,1,2,3)/6 Av (L)",40.738228,-73.99621,82.0,0,38
2021-05-21,601,"14 St (F,M,1,2,3)/6 Av (L)",40.738228,-73.99621,82.0,0,44
2021-05-21,601,"14 St (F,M,1,2,3)/6 Av (L)",40.738228,-73.99621,82.0,0,40
2021-05-26,601,"14 St (F,M,1,2,3)/6 Av (L)",40.737827,-74.0002,4.0,0,38
2021-05-26,601,"14 St (F,M,1,2,3)/6 Av (L)",40.737827,-74.0002,4.0,0,44
2021-05-26,601,"14 St (F,M,1,2,3)/6 Av (L)",40.737827,-74.0002,4.0,0,40
2021-05-26,601,"14 St (F,M,1,2,3)/6 Av (L)",40.738228,-73.99621,1686.0,1,38
2021-05-26,601,"14 St (F,M,1,2,3)/6 Av (L)",40.738228,-73.99621,1686.0,1,44
2021-05-26,601,"14 St (F,M,1,2,3)/6 Av (L)",40.738228,-73.99621,1686.0,1,40
2021-06-10,601,"14 St (F,M,1,2,3)/6 Av (L)",40.738228,-73.99621,203.0,0,38
2021-06-10,601,"14 St (F,M,1,2,3)/6 Av (L)",40.738228,-73.99621,203.0,0,44
2021-06-10,601,"14 St (F,M,1,2,3)/6 Av (L)",40.738228,-73.99621,203.0,0,40
2021-06-21,601,"14 St (F,M,1,2,3)/6 Av (L)",40.738228,-73.99621,1065.0,0,38
2021-06-21,601,"14 St (F,M,1,2,3)/6 Av (L)",40.738228,-73.99621,1065.0,0,44
2021-06-21,601,"14 St (F,M,1,2,3)/6 Av (L)",40.738228,-73.99621,1065.0,0,40
2021-06-30,601,"14 St (F,M,1,2,3)/6 Av (L)",40.737827,-74.0002,4.0,0,38
2021-06-30,601,"14 St (F,M,1,2,3)/6 Av (L)",40.737827,-74.0002,4.0,0,44
2021-06-30,601,"14 St (F,M,1,2,3)/6 Av (L)",40.737827,-74.0002,4.0,0,40
2021-06-30,601,"14 St (F,M,1,2,3)/6 Av (L)",40.738228,-73.99621,1724.0,1,38
2021-06-30,601,"14 St (F,M,1,2,3)/6 Av (L)",40.738228,-73.99621,1724.0,1,44
2021-06-30,601,"14 St (F,M,1,2,3)/6 Av (L)",40.738228,-73.99621,1724.0,1,40
2021-08-25,601,"14 St (F,M,1,2,3)/6 Av (L)",40.738228,-73.99621,160.0,0,38
2021-08-25,601,"14 St (F,M,1,2,3)/6 Av (L)",40.738228,-73.99621,160.0,0,44
2021-08-25,601,"14 St (F,M,1,2,3)/6 Av (L)",40.738228,-73.99621,160.0,0,40
2021-10-15,601,"14 St (F,M,1,2,3)/6 Av (L)",40.738228,-73.99621,12.0,0,38
2021-10-15,601,"14 St (F,M,1,2,3)/6 Av (L)",40.738228,-73.99621,12.0,0,44
2021-10-15,601,"14 St (F,M,1,2,3)/6 Av (L)",40.738228,-73.99621,12.0,0,40
2021-10-19,601,"14 St (F,M,1,2,3)/6 Av (L)",40.738228,-73.99621,52.0,0,38
2021-10-19,601,"14 St (F,M,1,2,3)/6 Av (L)",40.738228,-73.99621,52.0,0,44
2021-10-19,601,"14 St (F,M,1,2,3)/6 Av (L)",40.738228,-73.99621,52.0,0,40
2021-10-26,601,"14 St (F,M,1,2,3)/6 Av (L)",40.738228,-73.99621,2446.0,1,38
2021-10-26,601,"14 St (F,M,1,2,3)/6 Av (L)",40.738228,-73.99621,2446.0,1,44
2021-10-26,601,"14 St (F,M,1,2,3)/6 Av (L)",40.738228,-73.99621,2446.0,1,40
2021-11-17,601,"14 St (F,M,1,2,3)/6 Av (L)",40.738228,-73.99621,91.0,0,38
2021-11-17,601,"14 St (F,M,1,2,3)/6 Av (L)",40.738228,-73.99621,91.0,0,44
2021-11-17,601,"14 St (F,M,1,2,3)/6 Av (L)",40.738228,-73.99621,91.0,0,40
2021-11-18,601,"14 St (F,M,1,2,3)/6 Av (L)",40.738228,-73.99621,3688.0,1,38
2021-11-18,601,"14 St (F,M,1,2,3)/6 Av (L)",40.738228,-73.99621,3688.0,1,44
2021-11-18,601,"14 St (F,M,1,2,3)/6 Av (L)",40.738228,-73.99621,3688.0,1,40
2021-12-02,601,"14 St (F,M,1,2,3)/6 Av (L)",40.738228,-73.99621,196.0,0,38
2021-12-02,601,"14 St (F,M,1,2,3)/6 Av (L)",40.738228,-73.99621,196.0,0,44
2021-12-02,601,"14 St (F,M,1,2,3)/6 Av (L)",40.738228,-73.99621,196.0,0,40
2021-12-16,601,"14 St (F,M,1,2,3)/6 Av (L)",40.738228,-73.99621,68.0,0,38
2021-12-16,601,"14 St (F,M,1,2,3)/6 Av (L)",40.738228,-73.99621,68.0,0,44
2021-12-16,601,"14 St (F,M,1,2,3)/6 Av (L)",40.738228,-73.99621,68.0,0,40
2021-12-22,601,"14 St (F,M,1,2,3)/6 Av (L)",40.738228,-73.99621,560.0,0,38
2021-12-22,601,"14 St (F,M,1,2,3)/6 Av (L)",40.738228,-73.99621,560.0,0,44
2021-12-22,601,"14 St (F,M,1,2,3)/6 Av (L)",40.738228,-73.99621,560.0,0,40
2022-01-04,601,"14 St (F,M,1,2,3)/6 Av (L)",40.738228,-73.99621,288.0,0,38
2022-01-04,601,"14 St (F,M,1,2,3)/6 Av (L)",40.738228,-73.99621,288.0,0,44
2022-01-04,601,"14 St (F,M,1,2,3)/6 Av (L)",40.738228,-73.99621,288.0,0,40
2022-01-26,601,"14 St (F,M,1,2,3)/6 Av (L)",40.738228,-73.99621,1706.0,1,38
2022-01-26,601,"14 St (F,M,1,2,3)/6 Av (L)",40.738228,-73.99621,1706.0,1,44
2022-01-26,601,"14 St (F,M,1,2,3)/6 Av (L)",40.738228,-73.99621,1706.0,1,40
2022-02-07,601,"14 St (F,M,1,2,3)/6 Av (L)",40.738228,-73.99621,2187.0,1,38
2022-02-07,601,"14 St (F,M,1,2,3)/6 Av (L)",40.738228,-73.99621,2187.0,1,44
2022-02-07,601,"14 St (F,M,1,2,3)/6 Av (L)",40.738228,-73.99621,2187.0,1,40
2022-02-08,601,"14 St (F,M,1,2,3)/6 Av (L)",40.738228,-73.99621,2161.0,1,38
2022-02-08,601,"14 St (F,M,1,2,3)/6 Av (L)",40.738228,-73.99621,2161.0,1,44
2022-02-08,601,"14 St (F,M,1,2,3)/6 Av (L)",40.738228,-73.99621,2161.0,1,40
2022-02-09,601,"14 St (F,M,1,2,3)/6 Av (L)",40.738228,-73.99621,1300.0,1,38
2022-02-09,601,"14 St (F,M,1,2,3)/6 Av (L)",40.738228,-73.99621,1300.0,1,44
2022-02-09,601,"14 St (F,M,1,2,3)/6 Av (L)",40.738228,-73.99621,1300.0,1,40
2022-02-10,601,"14 St (F,M,1,2,3)/6 Av (L)",40.738228,-73.99621,610.0,0,38
2022-02-10,601,"14 St (F,M,1,2,3)/6 Av (L)",40.738228,-73.99621,610.0,0,44
2022-02-10,601,"14 St (F,M,1,2,3)/6 Av (L)",40.738228,-73.99621,610.0,0,40
2022-02-18,601,"14 St (F,M,1,2,3)/6 Av (L)",40.738228,-73.99621,2505.0,1,38
2022-02-18,601,"14 St (F,M,1,2,3)/6 Av (L)",40.738228,-73.99621,2505.0,1,44
2022-02-18,601,"14 St (F,M,1,2,3)/6 Av (L)",40.738228,-73.99621,2505.0,1,40
2022-03-02,601,"14 St (F,M,1,2,3)/6 Av (L)",40.738228,-73.99621,2315.0,1,38
2022-03-02,601,"14 St (F,M,1,2,3)/6 Av (L)",40.738228,-73.99621,2315.0,1,44
2022-03-02,601,"14 St (F,M,1,2,3)/6 Av (L)",40.738228,-73.99621,2315.0,1,40
2022-03-08,601,"14 St (F,M,1,2,3)/6 Av (L)",40.738228,-73.99621,3085.0,1,38
2022-03-08,601,"14 St (F,M,1,2,3)/6 Av (L)",40.738228,-73.99621,3085.0,1,44
2022-03-08,601,"14 St (F,M,1,2,3)/6 Av (L)",40.738228,-73.99621,3085.0,1,40
2022-03-15,601,"14 St (F,M,1,2,3)/6 Av (L)",40.738228,-73.99621,3083.0,1,38
2022-03-15,601,"14 St (F,M,1,2,3)/6 Av (L)",40.738228,-73.99621,3083.0,1,44
2022-03-15,601,"14 St (F,M,1,2,3)/6 Av (L)",40.738228,-73.99621,3083.0,1,40
2022-03-29,601,"14 St (F,M,1,2,3)/6 Av (L)",40.738228,-73.99621,3336.0,1,38
2022-03-29,601,"14 St (F,M,1,2,3)/6 Av (L)",40.738228,-73.99621,3336.0,1,44
2022-03-29,601,"14 St (F,M,1,2,3)/6 Av (L)",40.738228,-73.99621,3336.0,1,40
2022-04-21,601,"14 St (F,M,1,2,3)/6 Av (L)",40.738228,-73.99621,42.0,0,38
2022-04-21,601,"14 St (F,M,1,2,3)/6 Av (L)",40.738228,-73.99621,42.0,0,44
2022-04-21,601,"14 St (F,M,1,2,3)/6 Av (L)",40.738228,-73.99621,42.0,0,40
2022-04-27,601,"14 St (F,M,1,2,3)/6 Av (L)",40.738228,-73.99621,3529.0,1,38
2022-04-27,601,"14 St (F,M,1,2,3)/6 Av (L)",40.738228,-73.99621,3529.0,1,44
2022-04-27,601,"14 St (F,M,1,2,3)/6 Av (L)",40.738228,-73.99621,3529.0,1,40
2022-05-31,601,"14 St (F,M,1,2,3)/6 Av (L)",40.738228,-73.99621,1494.0,1,38
2022-05-31,601,"14 St (F,M,1,2,3)/6 Av (L)",40.738228,-73.99621,1494.0,1,44
2022-05-31,601,"14 St (F,M,1,2,3)/6 Av (L)",40.738228,-73.99621,1494.0,1,40
2022-06-01,601,"14 St (F,M,1,2,3)/6 Av (L)",40.738228,-73.99621,3591.0,1,38
2022-06-01,601,"14 St (F,M,1,2,3)/6 Av (L)",40.738228,-73.99621,3591.0,1,44
2022-06-01,601,"14 St (F,M,1,2,3)/6 Av (L)",40.738228,-73.99621,3591.0,1,40
2022-07-18,601,"14 St (F,M,1,2,3)/6 Av (L)",40.737827,-74.0002,5.0,0,38
2022-07-18,601,"14 St (F,M,1,2,3)/6 Av (L)",40.737827,-74.0002,5.0,0,44
2022-07-18,601,"14 St (F,M,1,2,3)/6 Av (L)",40.737827,-74.0002,5.0,0,40
2022-07-18,601,"14 St (F,M,1,2,3)/6 Av (L)",40.738228,-73.99621,1766.0,1,38
2022-07-18,601,"14 St (F,M,1,2,3)/6 Av (L)",40.738228,-73.99621,1766.0,1,44
2022-07-18,601,"14 St (F,M,1,2,3)/6 Av (L)",40.738228,-73.99621,1766.0,1,40
2022-08-05,601,"14 St (F,M,1,2,3)/6 Av (L)",40.737827,-74.0002,1.0,0,38
2022-08-05,601,"14 St (F,M,1,2,3)/6 Av (L)",40.737827,-74.0002,1.0,0,44
2022-08-05,601,"14 St (F,M,1,2,3)/6 Av (L)",40.737827,-74.0002,1.0,0,40
2022-08-05,601,"14 St (F,M,1,2,3)/6 Av (L)",40.738228,-73.99621,172.0,0,38
2022-08-05,601,"14 St (F,M,1,2,3)/6 Av (L)",40.738228,-73.99621,172.0,0,44
2022-08-05,601,"14 St (F,M,1,2,3)/6 Av (L)",40.738228,-73.99621,172.0,0,40
2022-08-08,601,"14 St (F,M,1,2,3)/6 Av (L)",40.738228,-73.99621,239.0,0,38
2022-08-08,601,"14 St (F,M,1,2,3)/6 Av (L)",40.738228,-73.99621,239.0,0,44
2022-08-08,601,"14 St (F,M,1,2,3)/6 Av (L)",40.738228,-73.99621,239.0,0,40
2022-08-09,601,"14 St (F,M,1,2,3)/6 Av (L)",40.737827,-74.0002,3.0,0,38
2022-08-09,601,"14 St (F,M,1,2,3)/6 Av (L)",40.737827,-74.0002,3.0,0,44
2022-08-09,601,"14 St (F,M,1,2,3)/6 Av (L)",40.737827,-74.0002,3.0,0,40
2022-08-09,601,"14 St (F,M,1,2,3)/6 Av (L)",40.738228,-73.99621,1700.0,1,38
2022-08-09,601,"14 St (F,M,1,2,3)/6 Av (L)",40.738228,-73.99621,1700.0,1,44
2022-08-09,601,"14 St (F,M,1,2,3)/6 Av (L)",40.738228,-73.99621,1700.0,1,40
2022-08-30,601,"14 St (F,M,1,2,3)/6 Av (L)",40.737827,-73.99679,4.0,0,38
2022-08-30,601,"14 St (F,M,1,2,3)/6 Av (L)",40.737827,-73.99679,4.0,0,44
2022-08-30,601,"14 St (F,M,1,2,3)/6 Av (L)",40.737827,-73.99679,4.0,0,40
2022-08-30,601,"14 St (F,M,1,2,3)/6 Av (L)",40.738228,-73.99621,167.0,0,38
2022-08-30,601,"14 St (F,M,1,2,3)/6 Av (L)",40.738228,-73.99621,167.0,0,44
2022-08-30,601,"14 St (F,M,1,2,3)/6 Av (L)",40.738228,-73.99621,167.0,0,40
2022-09-13,601,"14 St (F,M,1,2,3)/6 Av (L)",40.737827,-74.0002,8.0,0,38
2022-09-13,601,"14 St (F,M,1,2,3)/6 Av (L)",40.737827,-74.0002,8.0,0,44
2022-09-13,601,"14 St (F,M,1,2,3)/6 Av (L)",40.737827,-74.0002,8.0,0,40
2022-09-13,601,"14 St (F,M,1,2,3)/6 Av (L)",40.738228,-73.99621,3096.0,1,38
2022-09-13,601,"14 St (F,M,1,2,3)/6 Av (L)",40.738228,-73.99621,3096.0,1,44
2022-09-13,601,"14 St (F,M,1,2,3)/6 Av (L)",40.738228,-73.99621,3096.0,1,40
2023-05-11,601,"14 St (F,M,1,2,3)/6 Av (L)",40.738228,-73.99621,317.0,0,38
2023-05-11,601,"14 St (F,M,1,2,3)/6 Av (L)",40.738228,-73.99621,317.0,0,44
2023-05-11,601,"14 St (F,M,1,2,3)/6 Av (L)",40.738228,-73.99621,317.0,0,40
2023-06-14,601,"14 St (F,M,1,2,3)/6 Av (L)",40.737827,-74.0002,5.0,0,38
2023-06-14,601,"14 St (F,M,1,2,3)/6 Av (L)",40.737827,-74.0002,5.0,0,44
2023-06-14,601,"14 St (F,M,1,2,3)/6 Av (L)",40.737827,-74.0002,5.0,0,40
2023-06-14,601,"14 St (F,M,1,2,3)/6 Av (L)",40.738228,-73.99621,5140.0,1,38
2023-06-14,601,"14 St (F,M,1,2,3)/6 Av (L)",40.738228,-73.99621,5140.0,1,44
2023-06-14,601,"14 St (F,M,1,2,3)/6 Av (L)",40.738228,-73.99621,5140.0,1,40
2023-09-27,601,"14 St (F,M,1,2,3)/6 Av (L)",40.737827,-74.0002,1.0,0,38
2023-09-27,601,"14 St (F,M,1,2,3)/6 Av (L)",40.737827,-74.0002,1.0,0,44
2023-09-27,601,"14 St (F,M,1,2,3)/6 Av (L)",40.737827,-74.0002,1.0,0,40
2023-09-27,601,"14 St (F,M,1,2,3)/6 Av (L)",40.738228,-73.99621,5413.0,1,38
2023-09-27,601,"14 St (F,M,1,2,3)/6 Av (L)",40.738228,-73.99621,5413.0,1,44
2023-09-27,601,"14 St (F,M,1,2,3)/6 Av (L)",40.738228,-73.99621,5413.0,1,40
2023-10-04,601,"14 St (F,M,1,2,3)/6 Av (L)",40.738228,-73.99621,835.0,0,38
2023-10-04,601,"14 St (F,M,1,2,3)/6 Av (L)",40.738228,-73.99621,835.0,0,44
2023-10-04,601,"14 St (F,M,1,2,3)/6 Av (L)",40.738228,-73.99621,835.0,0,40
2023-10-17,601,"14 St (F,M,1,2,3)/6 Av (L)",40.737827,-74.0002,1.0,0,38
2023-10-17,601,"14 St (F,M,1,2,3)/6 Av (L)",40.737827,-74.0002,1.0,0,44
2023-10-17,601,"14 St (F,M,1,2,3)/6 Av (L)",40.737827,-74.0002,1.0,0,40
2023-10-17,601,"14 St (F,M,1,2,3)/6 Av (L)",40.738228,-73.99621,2761.0,1,38
2023-10-17,601,"14 St (F,M,1,2,3)/6 Av (L)",40.738228,-73.99621,2761.0,1,44
2023-10-17,601,"14 St (F,M,1,2,3)/6 Av (L)",40.738228,-73.99621,2761.0,1,40
2023-11-02,601,"14 St (F,M,1,2,3)/6 Av (L)",40.738228,-73.99621,4076.0,1,38
2023-11-02,601,"14 St (F,M,1,2,3)/6 Av (L)",40.738228,-73.99621,4076.0,1,44
2023-11-02,601,"14 St (F,M,1,2,3)/6 Av (L)",40.738228,-73.99621,4076.0,1,40
2023-11-03,601,"14 St (F,M,1,2,3)/6 Av (L)",40.738228,-73.99621,1471.0,1,38
2023-11-03,601,"14 St (F,M,1,2,3)/6 Av (L)",40.738228,-73.99621,1471.0,1,44
2023-11-03,601,"14 St (F,M,1,2,3)/6 Av (L)",40.738228,-73.99621,1471.0,1,40
2023-11-08,601,"14 St (F,M,1,2,3)/6 Av (L)",40.738228,-73.99621,3719.0,1,38
2023-11-08,601,"14 St (F,M,1,2,3)/6 Av (L)",40.738228,-73.99621,3719.0,1,44
2023-11-08,601,"14 St (F,M,1,2,3)/6 Av (L)",40.738228,-73.99621,3719.0,1,40
2023-11-17,601,"14 St (F,M,1,2,3)/6 Av (L)",40.738228,-73.99621,63.0,0,38
2023-11-17,601,"14 St (F,M,1,2,3)/6 Av (L)",40.738228,-73.99621,63.0,0,44
2023-11-17,601,"14 St (F,M,1,2,3)/6 Av (L)",40.738228,-73.99621,63.0,0,40
2023-11-23,601,"14 St (F,M,1,2,3)/6 Av (L)",40.738228,-73.99621,107.0,0,38
2023-11-23,601,"14 St (F,M,1,2,3)/6 Av (L)",40.738228,-73.99621,107.0,0,44
2023-11-23,601,"14 St (F,M,1,2,3)/6 Av (L)",40.738228,-73.99621,107.0,0,40
2024-01-15,601,"14 St (F,M,1,2,3)/6 Av (L)",40.737827,-74.0002,3.0,0,38
2024-01-15,601,"14 St (F,M,1,2,3)/6 Av (L)",40.737827,-74.0002,3.0,0,44
2024-01-15,601,"14 St (F,M,1,2,3)/6 Av (L)",40.737827,-74.0002,3.0,0,40
2024-01-15,601,"14 St (F,M,1,2,3)/6 Av (L)",40.738228,-73.99621,1522.0,1,38
2024-01-15,601,"14 St (F,M,1,2,3)/6 Av (L)",40.738228,-73.99621,1522.0,1,44
2024-01-15,601,"14 St (F,M,1,2,3)/6 Av (L)",40.738228,-73.99621,1522.0,1,40
2024-02-29,601,"14 St (F,M,1,2,3)/6 Av (L)",40.738228,-73.99621,1648.0,1,38
2024-02-29,601,"14 St (F,M,1,2,3)/6 Av (L)",40.738228,-73.99621,1648.0,1,44
2024-02-29,601,"14 St (F,M,1,2,3)/6 Av (L)",40.738228,-73.99621,1648.0,1,40
2024-03-05,601,"14 St (F,M,1,2,3)/6 Av (L)",40.737827,-74.0002,1.0,0,38
2024-03-05,601,"14 St (F,M,1,2,3)/6 Av (L)",40.737827,-74.0002,1.0,0,44
2024-03-05,601,"14 St (F,M,1,2,3)/6 Av (L)",40.737827,-74.0002,1.0,0,40
2024-03-05,601,"14 St (F,M,1,2,3)/6 Av (L)",40.738228,-73.99621,1345.0,1,38
2024-03-05,601,"14 St (F,M,1,2,3)/6 Av (L)",40.738228,-73.99621,1345.0,1,44
2024-03-05,601,"14 St (F,M,1,2,3)/6 Av (L)",40.738228,-73.99621,1345.0,1,40
2024-04-05,601,"14 St (F,M,1,2,3)/6 Av (L)",40.737827,-74.0002,1.0,0,38
2024-04-05,601,"14 St (F,M,1,2,3)/6 Av (L)",40.737827,-74.0002,1.0,0,44
2024-04-05,601,"14 St (F,M,1,2,3)/6 Av (L)",40.737827,-74.0002,1.0,0,40
2024-04-05,601,"14 St (F,M,1,2,3)/6 Av (L)",40.738228,-73.99621,1267.0,1,38
2024-04-05,601,"14 St (F,M,1,2,3)/6 Av (L)",40.738228,-73.99621,1267.0,1,44
2024-04-05,601,"14 St (F,M,1,2,3)/6 Av (L)",40.738228,-73.99621,1267.0,1,40
2024-05-03,601,"14 St (F,M,1,2,3)/6 Av (L)",40.737827,-74.0002,9.0,0,38
2024-05-03,601,"14 St (F,M,1,2,3)/6 Av (L)",40.737827,-74.0002,9.0,0,44
2024-05-03,601,"14 St (F,M,1,2,3)/6 Av (L)",40.737827,-74.0002,9.0,0,40
2024-05-03,601,"14 St (F,M,1,2,3)/6 Av (L)",40.738228,-73.99621,1863.0,1,38
2024-05-03,601,"14 St (F,M,1,2,3)/6 Av (L)",40.738228,-73.99621,1863.0,1,44
2024-05-03,601,"14 St (F,M,1,2,3)/6 Av (L)",40.738228,-73.99621,1863.0,1,40
2024-05-07,601,"14 St (F,M,1,2,3)/6 Av (L)",40.737827,-74.0002,1.0,0,38
2024-05-07,601,"14 St (F,M,1,2,3)/6 Av (L)",40.737827,-74.0002,1.0,0,44
2024-05-07,601,"14 St (F,M,1,2,3)/6 Av (L)",40.737827,-74.0002,1.0,0,40
2024-05-07,601,"14 St (F,M,1,2,3)/6 Av (L)",40.738228,-73.99621,2455.0,1,38
2024-05-07,601,"14 St (F,M,1,2,3)/6 Av (L)",40.738228,-73.99621,2455.0,1,44
2024-05-07,601,"14 St (F,M,1,2,3)/6 Av (L)",40.738228,-73.99621,2455.0,1,40
2024-05-17,601,"14 St (F,M,1,2,3)/6 Av (L)",40.738228,-73.99621,944.0,0,38
2024-05-17,601,"14 St (F,M,1,2,3)/6 Av (L)",40.738228,-73.99621,944.0,0,44
2024-05-17,601,"14 St (F,M,1,2,3)/6 Av (L)",40.738228,-73.99621,944.0,0,40
2024-05-24,601,"14 St (F,M,1,2,3)/6 Av (L)",40.737827,-73.99679,3.0,0,38
2024-05-24,601,"14 St (F,M,1,2,3)/6 Av (L)",40.737827,-73.99679,3.0,0,44
2024-05-24,601,"14 St (F,M,1,2,3)/6 Av (L)",40.737827,-73.99679,3.0,0,40
2024-05-24,601,"14 St (F,M,1,2,3)/6 Av (L)",40.738228,-73.99621,2575.0,1,38
2024-05-24,601,"14 St (F,M,1,2,3)/6 Av (L)",40.738228,-73.99621,2575.0,1,44
2024-05-24,601,"14 St (F,M,1,2,3)/6 Av (L)",40.738228,-73.99621,2575.0,1,40
2024-05-31,601,"14 St (F,M,1,2,3)/6 Av (L)",40.737827,-74.0002,3.0,0,38
2024-05-31,601,"14 St (F,M,1,2,3)/6 Av (L)",40.737827,-74.0002,3.0,0,44
2024-05-31,601,"14 St (F,M,1,2,3)/6 Av (L)",40.737827,-74.0002,3.0,0,40
2024-05-31,601,"14 St (F,M,1,2,3)/6 Av (L)",40.738228,-73.99621,3339.0,1,38
2024-05-31,601,"14 St (F,M,1,2,3)/6 Av (L)",40.738228,-73.99621,3339.0,1,44
2024-05-31,601,"14 St (F,M,1,2,3)/6 Av (L)",40.738228,-73.99621,3339.0,1,40
2024-06-03,601,"14 St (F,M,1,2,3)/6 Av (L)",40.737827,-74.0002,1.0,0,38
2024-06-03,601,"14 St (F,M,1,2,3)/6 Av (L)",40.737827,-74.0002,1.0,0,44
2024-06-03,601,"14 St (F,M,1,2,3)/6 Av (L)",40.737827,-74.0002,1.0,0,40
2024-06-03,601,"14 St (F,M,1,2,3)/6 Av (L)",40.738228,-73.99621,3926.0,1,38
2024-06-03,601,"14 St (F,M,1,2,3)/6 Av (L)",40.738228,-73.99621,3926.0,1,44
2024-06-03,601,"14 St (F,M,1,2,3)/6 Av (L)",40.738228,-73.99621,3926.0,1,40
2024-06-13,601,"14 St (F,M,1,2,3)/6 Av (L)",40.738228,-73.99621,2462.0,1,38
2024-06-13,601,"14 St (F,M,1,2,3)/6 Av (L)",40.738228,-73.99621,2462.0,1,44
2024-06-13,601,"14 St (F,M,1,2,3)/6 Av (L)",40.738228,-73.99621,2462.0,1,40
2024-06-18,601,"14 St (F,M,1,2,3)/6 Av (L)",40.738228,-73.99621,826.0,0,38
2024-06-18,601,"14 St (F,M,1,2,3)/6 Av (L)",40.738228,-73.99621,826.0,0,44
2024-06-18,601,"14 St (F,M,1,2,3)/6 Av (L)",40.738228,-73.99621,826.0,0,40
2024-06-20,601,"14 St (F,M,1,2,3)/6 Av (L)",40.737827,-74.0002,15.0,0,38
2024-06-20,601,"14 St (F,M,1,2,3)/6 Av (L)",40.737827,-74.0002,15.0,0,44
2024-06-20,601,"14 St (F,M,1,2,3)/6 Av (L)",40.737827,-74.0002,15.0,0,40
2024-06-20,601,"14 St (F,M,1,2,3)/6 Av (L)",40.738228,-73.99621,2258.0,1,38
2024-06-20,601,"14 St (F,M,1,2,3)/6 Av (L)",40.738228,-73.99621,2258.0,1,44
2024-06-20,601,"14 St (F,M,1,2,3)/6 Av (L)",40.738228,-73.99621,2258.0,1,40
2024-06-21,601,"14 St (F,M,1,2,3)/6 Av (L)",40.738228,-73.99621,3286.0,1,38
2024-06-21,601,"14 St (F,M,1,2,3)/6 Av (L)",40.738228,-73.99621,3286.0,1,44
2024-06-21,601,"14 St (F,M,1,2,3)/6 Av (L)",40.738228,-73.99621,3286.0,1,40
2024-06-28,601,"14 St (F,M,1,2,3)/6 Av (L)",40.737827,-74.0002,12.0,0,38
2024-06-28,601,"14 St (F,M,1,2,3)/6 Av (L)",40.737827,-74.0002,12.0,0,44
2024-06-28,601,"14 St (F,M,1,2,3)/6 Av (L)",40.737827,-74.0002,12.0,0,40
2024-06-28,601,"14 St (F,M,1,2,3)/6 Av (L)",40.738228,-73.99621,396.0,0,38
2024-06-28,601,"14 St (F,M,1,2,3)/6 Av (L)",40.738228,-73.99621,396.0,0,44
2024-06-28,601,"14 St (F,M,1,2,3)/6 Av (L)",40.738228,-73.99621,396.0,0,40
2024-08-28,601,"14 St (F,M,1,2,3)/6 Av (L)",40.738228,-73.99621,613.0,0,38
2024-08-28,601,"14 St (F,M,1,2,3)/6 Av (L)",40.738228,-73.99621,613.0,0,44
2024-08-28,601,"14 St (F,M,1,2,3)/6 Av (L)",40.738228,-73.99621,613.0,0,40
2024-08-29,601,"14 St (F,M,1,2,3)/6 Av (L)",40.738228,-73.99621,168.0,0,38
2024-08-29,601,"14 St (F,M,1,2,3)/6 Av (L)",40.738228,-73.99621,168.0,0,44
2024-08-29,601,"14 St (F,M,1,2,3)/6 Av (L)",40.738228,-73.99621,168.0,0,40
2024-09-04,601,"14 St (F,M,1,2,3)/6 Av (L)",40.737827,-74.0002,2.0,0,38
2024-09-04,601,"14 St (F,M,1,2,3)/6 Av (L)",40.737827,-74.0002,2.0,0,44
2024-09-04,601,"14 St (F,M,1,2,3)/6 Av (L)",40.737827,-74.0002,2.0,0,40
2024-09-04,601,"14 St (F,M,1,2,3)/6 Av (L)",40.738228,-73.99621,1501.0,1,38
2024-09-04,601,"14 St (F,M,1,2,3)/6 Av (L)",40.738228,-73.99621,1501.0,1,44
2024-09-04,601,"14 St (F,M,1,2,3)/6 Av (L)",40.738228,-73.99621,1501.0,1,40
2024-09-05,601,"14 St (F,M,1,2,3)/6 Av (L)",40.737827,-74.0002,2.0,0,38
2024-09-05,601,"14 St (F,M,1,2,3)/6 Av (L)",40.737827,-74.0002,2.0,0,44
2024-09-05,601,"14 St (F,M,1,2,3)/6 Av (L)",40.737827,-74.0002,2.0,0,40
2024-09-05,601,"14 St (F,M,1,2,3)/6 Av (L)",40.737827,-73.99679,2.0,0,38
2024-09-05,601,"14 St (F,M,1,2,3)/6 Av (L)",40.737827,-73.99679,2.0,0,44
2024-09-05,601,"14 St (F,M,1,2,3)/6 Av (L)",40.737827,-73.99679,2.0,0,40
2024-09-05,601,"14 St (F,M,1,2,3)/6 Av (L)",40.738228,-73.99621,3040.0,1,38
2024-09-05,601,"14 St (F,M,1,2,3)/6 Av (L)",40.738228,-73.99621,3040.0,1,44
2024-09-05,601,"14 St (F,M,1,2,3)/6 Av (L)",40.738228,-73.99621,3040.0,1,40
2024-09-13,601,"14 St (F,M,1,2,3)/6 Av (L)",40.738228,-73.99621,1396.0,1,38
2024-09-13,601,"14 St (F,M,1,2,3)/6 Av (L)",40.738228,-73.99621,1396.0,1,44
2024-09-13,601,"14 St (F,M,1,2,3)/6 Av (L)",40.738228,-73.99621,1396.0,1,40
2024-09-28,601,"14 St (F,M,1,2,3)/6 Av (L)",40.737827,-74.0002,1.0,0,38
2024-09-28,601,"14 St (F,M,1,2,3)/6 Av (L)",40.737827,-74.0002,1.0,0,44
2024-09-28,601,"14 St (F,M,1,2,3)/6 Av (L)",40.737827,-74.0002,1.0,0,40
2024-09-28,601,"14 St (F,M,1,2,3)/6 Av (L)",40.738228,-73.99621,913.0,0,38
2024-09-28,601,"14 St (F,M,1,2,3)/6 Av (L)",40.738228,-73.99621,913.0,0,44
2024-09-28,601,"14 St (F,M,1,2,3)/6 Av (L)",40.738228,-73.99621,913.0,0,40
2024-11-16,601,"14 St (F,M,1,2,3)/6 Av (L)",40.738228,-73.99621,20.0,0,38
2024-11-16,601,"14 St (F,M,1,2,3)/6 Av (L)",40.738228,-73.99621,20.0,0,44
2024-11-16,601,"14 St (F,M,1,2,3)/6 Av (L)",40.738228,-73.99621,20.0,0,40
2024-11-21,601,"14 St (F,M,1,2,3)/6 Av (L)",40.737827,-74.0002,5.0,0,38
2024-11-21,601,"14 St (F,M,1,2,3)/6 Av (L)",40.737827,-74.0002,5.0,0,44
2024-11-21,601,"14 St (F,M,1,2,3)/6 Av (L)",40.737827,-74.0002,5.0,0,40
2024-11-21,601,"14 St (F,M,1,2,3)/6 Av (L)",40.738228,-73.99621,1868.0,1,38
2024-11-21,601,"14 St (F,M,1,2,3)/6 Av (L)",40.738228,-73.99621,1868.0,1,44
2024-11-21,601,"14 St (F,M,1,2,3)/6 Av (L)",40.738228,-73.99621,1868.0,1,40
2024-11-22,601,"14 St (F,M,1,2,3)/6 Av (L)",40.738228,-73.99621,2122.0,1,38
2024-11-22,601,"14 St (F,M,1,2,3)/6 Av (L)",40.738228,-73.99621,2122.0,1,44
2024-11-22,601,"14 St (F,M,1,2,3)/6 Av (L)",40.738228,-73.99621,2122.0,1,40
2024-12-03,601,"14 St (F,M,1,2,3)/6 Av (L)",40.738228,-73.99621,231.0,0,38
2024-12-03,601,"14 St (F,M,1,2,3)/6 Av (L)",40.738228,-73.99621,231.0,0,44
2024-12-03,601,"14 St (F,M,1,2,3)/6 Av (L)",40.738228,-73.99621,231.0,0,40
2024-12-13,601,"14 St (F,M,1,2,3)/6 Av (L)",40.738228,-73.99621,2215.0,1,38
2024-12-13,601,"14 St (F,M,1,2,3)/6 Av (L)",40.738228,-73.99621,2215.0,1,44
2024-12-13,601,"14 St (F,M,1,2,3)/6 Av (L)",40.738228,-73.99621,2215.0,1,40
2024-12-26,601,"14 St (F,M,1,2,3)/6 Av (L)",40.737827,-74.0002,3.0,0,38
2024-12-26,601,"14 St (F,M,1,2,3)/6 Av (L)",40.737827,-74.0002,3.0,0,44
2024-12-26,601,"14 St (F,M,1,2,3)/6 Av (L)",40.737827,-74.0002,3.0,0,40
2024-12-26,601,"14 St (F,M,1,2,3)/6 Av (L)",40.737827,-73.99679,4.0,0,38
2024-12-26,601,"14 St (F,M,1,2,3)/6 Av (L)",40.737827,-73.99679,4.0,0,44
2024-12-26,601,"14 St (F,M,1,2,3)/6 Av (L)",40.737827,-73.99679,4.0,0,40
2024-12-26,601,"14 St (F,M,1,2,3)/6 Av (L)",40.738228,-73.99621,1084.0,0,38
2024-12-26,601,"14 St (F,M,1,2,3)/6 Av (L)",40.738228,-73.99621,1084.0,0,44
2024-12-26,601,"14 St (F,M,1,2,3)/6 Av (L)",40.738228,-73.99621,1084.0,0,40
2024-12-31,601,"14 St (F,M,1,2,3)/6 Av (L)",40.737827,-74.0002,5.0,0,38
2024-12-31,601,"14 St (F,M,1,2,3)/6 Av (L)",40.737827,-74.0002,5.0,0,44
2024-12-31,601,"14 St (F,M,1,2,3)/6 Av (L)",40.737827,-74.0002,5.0,0,40
2024-12-31,601,"14 St (F,M,1,2,3)/6 Av (L)",40.738228,-73.99621,1616.0,1,38
2024-12-31,601,"14 St (F,M,1,2,3)/6 Av (L)",40.738228,-73.99621,1616.0,1,44
2024-12-31,601,"14 St (F,M,1,2,3)/6 Av (L)",40.738228,-73.99621,1616.0,1,40
2021-05-21,602,"14 St-Union Sq (L,N,Q,R,W,4,5,6)",40.735737,-73.98995,176.0,0,46
2021-05-21,602,"14 St-Union Sq (L,N,Q,R,W,4,5,6)",40.735737,-73.98995,176.0,0,46
2021-05-21,602,"14 St-Union Sq (L,N,Q,R,W,4,5,6)",40.735737,-73.98995,176.0,0,50
2021-05-26,602,"14 St-Union Sq (L,N,Q,R,W,4,5,6)",40.735737,-73.98995,3311.0,1,46
2021-05-26,602,"14 St-Union Sq (L,N,Q,R,W,4,5,6)",40.735737,-73.98995,3311.0,1,46
2021-05-26,602,"14 St-Union Sq (L,N,Q,R,W,4,5,6)",40.735737,-73.98995,3311.0,1,50
2021-06-10,602,"14 St-Union Sq (L,N,Q,R,W,4,5,6)",40.735737,-73.98995,468.0,0,46
2021-06-10,602,"14 St-Union Sq (L,N,Q,R,W,4,5,6)",40.735737,-73.98995,468.0,0,46
2021-06-10,602,"14 St-Union Sq (L,N,Q,R,W,4,5,6)",40.735737,-73.98995,468.0,0,50
2021-06-21,602,"14 St-Union Sq (L,N,Q,R,W,4,5,6)",40.735737,-73.98995,3344.0,1,46
2021-06-21,602,"14 St-Union Sq (L,N,Q,R,W,4,5,6)",40.735737,-73.98995,3344.0,1,46
2021-06-21,602,"14 St-Union Sq (L,N,Q,R,W,4,5,6)",40.735737,-73.98995,3344.0,1,50
2021-06-30,602,"14 St-Union Sq (L,N,Q,R,W,4,5,6)",40.735737,-73.98995,2796.0,1,46
2021-06-30,602,"14 St-Union Sq (L,N,Q,R,W,4,5,6)",40.735737,-73.98995,2796.0,1,46
2021-06-30,602,"14 St-Union Sq (L,N,Q,R,W,4,5,6)",40.735737,-73.98995,2796.0,1,50
2021-08-25,602,"14 St-Union Sq (L,N,Q,R,W,4,5,6)",40.735737,-73.98995,386.0,0,46
2021-08-25,602,"14 St-Union Sq (L,N,Q,R,W,4,5,6)",40.735737,-73.98995,386.0,0,46
2021-08-25,602,"14 St-Union Sq (L,N,Q,R,W,4,5,6)",40.735737,-73.98995,386.0,0,50
2021-10-15,602,"14 St-Union Sq (L,N,Q,R,W,4,5,6)",40.735737,-73.98995,659.0,0,46
2021-10-15,602,"14 St-Union Sq (L,N,Q,R,W,4,5,6)",40.735737,-73.98995,659.0,0,46
2021-10-15,602,"14 St-Union Sq (L,N,Q,R,W,4,5,6)",40.735737,-73.98995,659.0,0,50
2021-10-26,602,"14 St-Union Sq (L,N,Q,R,W,4,5,6)",40.735737,-73.98995,3888.0,1,46
2021-10-26,602,"14 St-Union Sq (L,N,Q,R,W,4,5,6)",40.735737,-73.98995,3888.0,1,46
2021-10-26,602,"14 St-Union Sq (L,N,Q,R,W,4,5,6)",40.735737,-73.98995,3888.0,1,50
2021-11-17,602,"14 St-Union Sq (L,N,Q,R,W,4,5,6)",40.735737,-73.98995,983.0,0,46
2021-11-17,602,"14 St-Union Sq (L,N,Q,R,W,4,5,6)",40.735737,-73.98995,983.0,0,46
2021-11-17,602,"14 St-Union Sq (L,N,Q,R,W,4,5,6)",40.735737,-73.98995,983.0,0,50
2021-11-18,602,"14 St-Union Sq (L,N,Q,R,W,4,5,6)",40.735737,-73.98995,4924.0,1,46
2021-11-18,602,"14 St-Union Sq (L,N,Q,R,W,4,5,6)",40.735737,-73.98995,4924.0,1,46
2021-11-18,602,"14 St-Union Sq (L,N,Q,R,W,4,5,6)",40.735737,-73.98995,4924.0,1,50
2021-12-02,602,"14 St-Union Sq (L,N,Q,R,W,4,5,6)",40.735737,-73.98995,686.0,0,46
2021-12-02,602,"14 St-Union Sq (L,N,Q,R,W,4,5,6)",40.735737,-73.98995,686.0,0,46
2021-12-02,602,"14 St-Union Sq (L,N,Q,R,W,4,5,6)",40.735737,-73.98995,686.0,0,50
2021-12-16,602,"14 St-Union Sq (L,N,Q,R,W,4,5,6)",40.735737,-73.98995,43.0,0,46
2021-12-16,602,"14 St-Union Sq (L,N,Q,R,W,4,5,6)",40.735737,-73.98995,43.0,0,46
2021-12-16,602,"14 St-Union Sq (L,N,Q,R,W,4,5,6)",40.735737,-73.98995,43.0,0,50
2021-12-22,602,"14 St-Union Sq (L,N,Q,R,W,4,5,6)",40.735737,-73.98995,797.0,0,46
2021-12-22,602,"14 St-Union Sq (L,N,Q,R,W,4,5,6)",40.735737,-73.98995,797.0,0,46
2021-12-22,602,"14 St-Union Sq (L,N,Q,R,W,4,5,6)",40.735737,-73.98995,797.0,0,50
2022-01-04,602,"14 St-Union Sq (L,N,Q,R,W,4,5,6)",40.735737,-73.98995,775.0,0,46
2022-01-04,602,"14 St-Union Sq (L,N,Q,R,W,4,5,6)",40.735737,-73.98995,775.0,0,46
2022-01-04,602,"14 St-Union Sq (L,N,Q,R,W,4,5,6)",40.735737,-73.98995,775.0,0,50
2022-01-26,602,"14 St-Union Sq (L,N,Q,R,W,4,5,6)",40.735737,-73.98995,3378.0,1,46
2022-01-26,602,"14 St-Union Sq (L,N,Q,R,W,4,5,6)",40.735737,-73.98995,3378.0,1,46
2022-01-26,602,"14 St-Union Sq (L,N,Q,R,W,4,5,6)",40.735737,-73.98995,3378.0,1,50
2022-02-07,602,"14 St-Union Sq (L,N,Q,R,W,4,5,6)",40.735737,-73.98995,2782.0,1,46
2022-02-07,602,"14 St-Union Sq (L,N,Q,R,W,4,5,6)",40.735737,-73.98995,2782.0,1,46
2022-02-07,602,"14 St-Union Sq (L,N,Q,R,W,4,5,6)",40.735737,-73.98995,2782.0,1,50
2022-02-08,602,"14 St-Union Sq (L,N,Q,R,W,4,5,6)",40.735737,-73.99057,1.0,0,46
2022-02-08,602,"14 St-Union Sq (L,N,Q,R,W,4,5,6)",40.735737,-73.99057,1.0,0,46
2022-02-08,602,"14 St-Union Sq (L,N,Q,R,W,4,5,6)",40.735737,-73.99057,1.0,0,50
2022-02-08,602,"14 St-Union Sq (L,N,Q,R,W,4,5,6)",40.735737,-73.98995,2398.0,1,46
2022-02-08,602,"14 St-Union Sq (L,N,Q,R,W,4,5,6)",40.735737,-73.98995,2398.0,1,46
2022-02-08,602,"14 St-Union Sq (L,N,Q,R,W,4,5,6)",40.735737,-73.98995,2398.0,1,50
2022-02-09,602,"14 St-Union Sq (L,N,Q,R,W,4,5,6)",40.734673,-73.98995,1.0,0,46
2022-02-09,602,"14 St-Union Sq (L,N,Q,R,W,4,5,6)",40.734673,-73.98995,1.0,0,46
2022-02-09,602,"14 St-Union Sq (L,N,Q,R,W,4,5,6)",40.734673,-73.98995,1.0,0,50
2022-02-09,602,"14 St-Union Sq (L,N,Q,R,W,4,5,6)",40.735737,-73.98995,3928.0,1,46
2022-02-09,602,"14 St-Union Sq (L,N,Q,R,W,4,5,6)",40.735737,-73.98995,3928.0,1,46
2022-02-09,602,"14 St-Union Sq (L,N,Q,R,W,4,5,6)",40.735737,-73.98995,3928.0,1,50
2022-02-10,602,"14 St-Union Sq (L,N,Q,R,W,4,5,6)",40.735737,-73.98995,647.0,0,46
2022-02-10,602,"14 St-Union Sq (L,N,Q,R,W,4,5,6)",40.735737,-73.98995,647.0,0,46
2022-02-10,602,"14 St-Union Sq (L,N,Q,R,W,4,5,6)",40.735737,-73.98995,647.0,0,50
2022-02-18,602,"14 St-Union Sq (L,N,Q,R,W,4,5,6)",40.735737,-73.99057,2.0,0,46
2022-02-18,602,"14 St-Union Sq (L,N,Q,R,W,4,5,6)",40.735737,-73.99057,2.0,0,46
2022-02-18,602,"14 St-Union Sq (L,N,Q,R,W,4,5,6)",40.735737,-73.99057,2.0,0,50
2022-02-18,602,"14 St-Union Sq (L,N,Q,R,W,4,5,6)",40.735737,-73.98995,2462.0,1,46
2022-02-18,602,"14 St-Union Sq (L,N,Q,R,W,4,5,6)",40.735737,-73.98995,2462.0,1,46
2022-02-18,602,"14 St-Union Sq (L,N,Q,R,W,4,5,6)",40.735737,-73.98995,2462.0,1,50
2022-03-02,602,"14 St-Union Sq (L,N,Q,R,W,4,5,6)",40.735737,-73.98995,4961.0,1,46
2022-03-02,602,"14 St-Union Sq (L,N,Q,R,W,4,5,6)",40.735737,-73.98995,4961.0,1,46
2022-03-02,602,"14 St-Union Sq (L,N,Q,R,W,4,5,6)",40.735737,-73.98995,4961.0,1,50
2022-03-08,602,"14 St-Union Sq (L,N,Q,R,W,4,5,6)",40.735737,-73.98995,3179.0,1,46
2022-03-08,602,"14 St-Union Sq (L,N,Q,R,W,4,5,6)",40.735737,-73.98995,3179.0,1,46
2022-03-08,602,"14 St-Union Sq (L,N,Q,R,W,4,5,6)",40.735737,-73.98995,3179.0,1,50
2022-03-15,602,"14 St-Union Sq (L,N,Q,R,W,4,5,6)",40.735737,-73.98995,5444.0,1,46
2022-03-15,602,"14 St-Union Sq (L,N,Q,R,W,4,5,6)",40.735737,-73.98995,5444.0,1,46
2022-03-15,602,"14 St-Union Sq (L,N,Q,R,W,4,5,6)",40.735737,-73.98995,5444.0,1,50
2022-03-29,602,"14 St-Union Sq (L,N,Q,R,W,4,5,6)",40.735737,-73.99057,1.0,0,46
2022-03-29,602,"14 St-Union Sq (L,N,Q,R,W,4,5,6)",40.735737,-73.99057,1.0,0,46
2022-03-29,602,"14 St-Union Sq (L,N,Q,R,W,4,5,6)",40.735737,-73.99057,1.0,0,50
2022-03-29,602,"14 St-Union Sq (L,N,Q,R,W,4,5,6)",40.735737,-73.98995,6574.0,1,46
2022-03-29,602,"14 St-Union Sq (L,N,Q,R,W,4,5,6)",40.735737,-73.98995,6574.0,1,46
2022-03-29,602,"14 St-Union Sq (L,N,Q,R,W,4,5,6)",40.735737,-73.98995,6574.0,1,50
2022-04-20,602,"14 St-Union Sq (L,N,Q,R,W,4,5,6)",40.735737,-73.98995,133.0,0,46
2022-04-20,602,"14 St-Union Sq (L,N,Q,R,W,4,5,6)",40.735737,-73.98995,133.0,0,46
2022-04-20,602,"14 St-Union Sq (L,N,Q,R,W,4,5,6)",40.735737,-73.98995,133.0,0,50
2022-04-27,602,"14 St-Union Sq (L,N,Q,R,W,4,5,6)",40.735737,-73.98995,4792.0,1,46
2022-04-27,602,"14 St-Union Sq (L,N,Q,R,W,4,5,6)",40.735737,-73.98995,4792.0,1,46
2022-04-27,602,"14 St-Union Sq (L,N,Q,R,W,4,5,6)",40.735737,-73.98995,4792.0,1,50
2022-05-31,602,"14 St-Union Sq (L,N,Q,R,W,4,5,6)",40.735737,-73.98995,256.0,0,46
2022-05-31,602,"14 St-Union Sq (L,N,Q,R,W,4,5,6)",40.735737,-73.98995,256.0,0,46
2022-05-31,602,"14 St-Union Sq (L,N,Q,R,W,4,5,6)",40.735737,-73.98995,256.0,0,50
2022-06-01,602,"14 St-Union Sq (L,N,Q,R,W,4,5,6)",40.735737,-73.98995,6469.0,1,46
2022-06-01,602,"14 St-Union Sq (L,N,Q,R,W,4,5,6)",40.735737,-73.98995,6469.0,1,46
2022-06-01,602,"14 St-Union Sq (L,N,Q,R,W,4,5,6)",40.735737,-73.98995,6469.0,1,50
2022-07-18,602,"14 St-Union Sq (L,N,Q,R,W,4,5,6)",40.735737,-73.99057,2.0,0,46
2022-07-18,602,"14 St-Union Sq (L,N,Q,R,W,4,5,6)",40.735737,-73.99057,2.0,0,46
2022-07-18,602,"14 St-Union Sq (L,N,Q,R,W,4,5,6)",40.735737,-73.99057,2.0,0,50
2022-07-18,602,"14 St-Union Sq (L,N,Q,R,W,4,5,6)",40.735737,-73.98995,2150.0,1,46
2022-07-18,602,"14 St-Union Sq (L,N,Q,R,W,4,5,6)",40.735737,-73.98995,2150.0,1,46
2022-07-18,602,"14 St-Union Sq (L,N,Q,R,W,4,5,6)",40.735737,-73.98995,2150.0,1,50
2022-08-05,602,"14 St-Union Sq (L,N,Q,R,W,4,5,6)",40.735737,-73.98995,2560.0,1,46
2022-08-05,602,"14 St-Union Sq (L,N,Q,R,W,4,5,6)",40.735737,-73.98995,2560.0,1,46
2022-08-05,602,"14 St-Union Sq (L,N,Q,R,W,4,5,6)",40.735737,-73.98995,2560.0,1,50
2022-08-08,602,"14 St-Union Sq (L,N,Q,R,W,4,5,6)",40.734673,-73.98995,1.0,0,46
2022-08-08,602,"14 St-Union Sq (L,N,Q,R,W,4,5,6)",40.734673,-73.98995,1.0,0,46
2022-08-08,602,"14 St-Union Sq (L,N,Q,R,W,4,5,6)",40.734673,-73.98995,1.0,0,50
2022-08-08,602,"14 St-Union Sq (L,N,Q,R,W,4,5,6)",40.735737,-73.98995,312.0,0,46
2022-08-08,602,"14 St-Union Sq (L,N,Q,R,W,4,5,6)",40.735737,-73.98995,312.0,0,46
2022-08-08,602,"14 St-Union Sq (L,N,Q,R,W,4,5,6)",40.735737,-73.98995,312.0,0,50
2022-08-09,602,"14 St-Union Sq (L,N,Q,R,W,4,5,6)",40.734673,-73.98995,1.0,0,46
2022-08-09,602,"14 St-Union Sq (L,N,Q,R,W,4,5,6)",40.734673,-73.98995,1.0,0,46
2022-08-09,602,"14 St-Union Sq (L,N,Q,R,W,4,5,6)",40.734673,-73.98995,1.0,0,50
2022-08-09,602,"14 St-Union Sq (L,N,Q,R,W,4,5,6)",40.735737,-73.98995,4227.0,1,46
2022-08-09,602,"14 St-Union Sq (L,N,Q,R,W,4,5,6)",40.735737,-73.98995,4227.0,1,46
2022-08-09,602,"14 St-Union Sq (L,N,Q,R,W,4,5,6)",40.735737,-73.98995,4227.0,1,50
2022-08-30,602,"14 St-Union Sq (L,N,Q,R,W,4,5,6)",40.735737,-73.98995,3753.0,1,46
2022-08-30,602,"14 St-Union Sq (L,N,Q,R,W,4,5,6)",40.735737,-73.98995,3753.0,1,46
2022-08-30,602,"14 St-Union Sq (L,N,Q,R,W,4,5,6)",40.735737,-73.98995,3753.0,1,50
2022-09-13,602,"14 St-Union Sq (L,N,Q,R,W,4,5,6)",40.735737,-73.98995,5677.0,1,46
2022-09-13,602,"14 St-Union Sq (L,N,Q,R,W,4,5,6)",40.735737,-73.98995,5677.0,1,46
2022-09-13,602,"14 St-Union Sq (L,N,Q,R,W,4,5,6)",40.735737,-73.98995,5677.0,1,50
2023-05-11,602,"14 St-Union Sq (L,N,Q,R,W,4,5,6)",40.735737,-73.99057,9.0,0,46
2023-05-11,602,"14 St-Union Sq (L,N,Q,R,W,4,5,6)",40.735737,-73.99057,9.0,0,46
2023-05-11,602,"14 St-Union Sq (L,N,Q,R,W,4,5,6)",40.735737,-73.99057,9.0,0,50
2023-05-11,602,"14 St-Union Sq (L,N,Q,R,W,4,5,6)",40.735737,-73.98995,57.0,0,46
2023-05-11,602,"14 St-Union Sq (L,N,Q,R,W,4,5,6)",40.735737,-73.98995,57.0,0,46
2023-05-11,602,"14 St-Union Sq (L,N,Q,R,W,4,5,6)",40.735737,-73.98995,57.0,0,50
2023-06-14,602,"14 St-Union Sq (L,N,Q,R,W,4,5,6)",40.735737,-73.98995,7640.0,1,46
2023-06-14,602,"14 St-Union Sq (L,N,Q,R,W,4,5,6)",40.735737,-73.98995,7640.0,1,46
2023-06-14,602,"14 St-Union Sq (L,N,Q,R,W,4,5,6)",40.735737,-73.98995,7640.0,1,50
2023-09-27,602,"14 St-Union Sq (L,N,Q,R,W,4,5,6)",40.735737,-73.98995,2179.0,1,46
2023-09-27,602,"14 St-Union Sq (L,N,Q,R,W,4,5,6)",40.735737,-73.98995,2179.0,1,46
2023-09-27,602,"14 St-Union Sq (L,N,Q,R,W,4,5,6)",40.735737,-73.98995,2179.0,1,50
2023-10-04,602,"14 St-Union Sq (L,N,Q,R,W,4,5,6)",40.735737,-73.98995,2946.0,1,46
2023-10-04,602,"14 St-Union Sq (L,N,Q,R,W,4,5,6)",40.735737,-73.98995,2946.0,1,46
2023-10-04,602,"14 St-Union Sq (L,N,Q,R,W,4,5,6)",40.735737,-73.98995,2946.0,1,50
2023-10-17,602,"14 St-Union Sq (L,N,Q,R,W,4,5,6)",40.735737,-73.99057,1.0,0,46
2023-10-17,602,"14 St-Union Sq (L,N,Q,R,W,4,5,6)",40.735737,-73.99057,1.0,0,46
2023-10-17,602,"14 St-Union Sq (L,N,Q,R,W,4,5,6)",40.735737,-73.99057,1.0,0,50
2023-10-17,602,"14 St-Union Sq (L,N,Q,R,W,4,5,6)",40.735737,-73.98995,4044.0,1,46
2023-10-17,602,"14 St-Union Sq (L,N,Q,R,W,4,5,6)",40.735737,-73.98995,4044.0,1,46
2023-10-17,602,"14 St-Union Sq (L,N,Q,R,W,4,5,6)",40.735737,-73.98995,4044.0,1,50
2023-11-02,602,"14 St-Union Sq (L,N,Q,R,W,4,5,6)",40.735737,-73.98995,1527.0,1,46
2023-11-02,602,"14 St-Union Sq (L,N,Q,R,W,4,5,6)",40.735737,-73.98995,1527.0,1,46
2023-11-02,602,"14 St-Union Sq (L,N,Q,R,W,4,5,6)",40.735737,-73.98995,1527.0,1,50
2023-11-03,602,"14 St-Union Sq (L,N,Q,R,W,4,5,6)",40.735737,-73.98995,3852.0,1,46
2023-11-03,602,"14 St-Union Sq (L,N,Q,R,W,4,5,6)",40.735737,-73.98995,3852.0,1,46
2023-11-03,602,"14 St-Union Sq (L,N,Q,R,W,4,5,6)",40.735737,-73.98995,3852.0,1,50
2023-11-08,602,"14 St-Union Sq (L,N,Q,R,W,4,5,6)",40.735737,-73.98995,2917.0,1,46
2023-11-08,602,"14 St-Union Sq (L,N,Q,R,W,4,5,6)",40.735737,-73.98995,2917.0,1,46
2023-11-08,602,"14 St-Union Sq (L,N,Q,R,W,4,5,6)",40.735737,-73.98995,2917.0,1,50
2023-11-23,602,"14 St-Union Sq (L,N,Q,R,W,4,5,6)",40.735737,-73.98995,115.0,0,46
2023-11-23,602,"14 St-Union Sq (L,N,Q,R,W,4,5,6)",40.735737,-73.98995,115.0,0,46
2023-11-23,602,"14 St-Union Sq (L,N,Q,R,W,4,5,6)",40.735737,-73.98995,115.0,0,50
2024-01-15,602,"14 St-Union Sq (L,N,Q,R,W,4,5,6)",40.735737,-73.98995,1162.0,0,46
2024-01-15,602,"14 St-Union Sq (L,N,Q,R,W,4,5,6)",40.735737,-73.98995,1162.0,0,46
2024-01-15,602,"14 St-Union Sq (L,N,Q,R,W,4,5,6)",40.735737,-73.98995,1162.0,0,50
2024-02-29,602,"14 St-Union Sq (L,N,Q,R,W,4,5,6)",40.735737,-73.98995,1495.0,1,46
2024-02-29,602,"14 St-Union Sq (L,N,Q,R,W,4,5,6)",40.735737,-73.98995,1495.0,1,46
2024-02-29,602,"14 St-Union Sq (L,N,Q,R,W,4,5,6)",40.735737,-73.98995,1495.0,1,50
2024-03-05,602,"14 St-Union Sq (L,N,Q,R,W,4,5,6)",40.735737,-73.99057,3.0,0,46
2024-03-05,602,"14 St-Union Sq (L,N,Q,R,W,4,5,6)",40.735737,-73.99057,3.0,0,46
2024-03-05,602,"14 St-Union Sq (L,N,Q,R,W,4,5,6)",40.735737,-73.99057,3.0,0,50
2024-03-05,602,"14 St-Union Sq (L,N,Q,R,W,4,5,6)",40.735737,-73.98995,5621.0,1,46
2024-03-05,602,"14 St-Union Sq (L,N,Q,R,W,4,5,6)",40.735737,-73.98995,5621.0,1,46
2024-03-05,602,"14 St-Union Sq (L,N,Q,R,W,4,5,6)",40.735737,-73.98995,5621.0,1,50
2024-04-05,602,"14 St-Union Sq (L,N,Q,R,W,4,5,6)",40.735737,-73.98995,2924.0,1,46
2024-04-05,602,"14 St-Union Sq (L,N,Q,R,W,4,5,6)",40.735737,-73.98995,2924.0,1,46
2024-04-05,602,"14 St-Union Sq (L,N,Q,R,W,4,5,6)",40.735737,-73.98995,2924.0,1,50
2024-04-16,602,"14 St-Union Sq (L,N,Q,R,W,4,5,6)",40.735737,-73.98995,527.0,0,46
2024-04-16,602,"14 St-Union Sq (L,N,Q,R,W,4,5,6)",40.735737,-73.98995,527.0,0,46
2024-04-16,602,"14 St-Union Sq (L,N,Q,R,W,4,5,6)",40.735737,-73.98995,527.0,0,50
2024-05-03,602,"14 St-Union Sq (L,N,Q,R,W,4,5,6)",40.735737,-73.98995,3202.0,1,46
2024-05-03,602,"14 St-Union Sq (L,N,Q,R,W,4,5,6)",40.735737,-73.98995,3202.0,1,46
2024-05-03,602,"14 St-Union Sq (L,N,Q,R,W,4,5,6)",40.735737,-73.98995,3202.0,1,50
2024-05-07,602,"14 St-Union Sq (L,N,Q,R,W,4,5,6)",40.735737,-73.98995,3425.0,1,46
2024-05-07,602,"14 St-Union Sq (L,N,Q,R,W,4,5,6)",40.735737,-73.98995,3425.0,1,46
2024-05-07,602,"14 St-Union Sq (L,N,Q,R,W,4,5,6)",40.735737,-73.98995,3425.0,1,50
2024-05-17,602,"14 St-Union Sq (L,N,Q,R,W,4,5,6)",40.735737,-73.99057,2.0,0,46
2024-05-17,602,"14 St-Union Sq (L,N,Q,R,W,4,5,6)",40.735737,-73.99057,2.0,0,46
2024-05-17,602,"14 St-Union Sq (L,N,Q,R,W,4,5,6)",40.735737,-73.99057,2.0,0,50
2024-05-17,602,"14 St-Union Sq (L,N,Q,R,W,4,5,6)",40.735737,-73.98995,54.0,0,46
2024-05-17,602,"14 St-Union Sq (L,N,Q,R,W,4,5,6)",40.735737,-73.98995,54.0,0,46
2024-05-17,602,"14 St-Union Sq (L,N,Q,R,W,4,5,6)",40.735737,-73.98995,54.0,0,50
2024-05-24,602,"14 St-Union Sq (L,N,Q,R,W,4,5,6)",40.735737,-73.99057,1.0,0,46
2024-05-24,602,"14 St-Union Sq (L,N,Q,R,W,4,5,6)",40.735737,-73.99057,1.0,0,46
2024-05-24,602,"14 St-Union Sq (L,N,Q,R,W,4,5,6)",40.735737,-73.99057,1.0,0,50
2024-05-24,602,"14 St-Union Sq (L,N,Q,R,W,4,5,6)",40.735737,-73.98995,2942.0,1,46
2024-05-24,602,"14 St-Union Sq (L,N,Q,R,W,4,5,6)",40.735737,-73.98995,2942.0,1,46
2024-05-24,602,"14 St-Union Sq (L,N,Q,R,W,4,5,6)",40.735737,-73.98995,2942.0,1,50
2024-05-31,602,"14 St-Union Sq (L,N,Q,R,W,4,5,6)",40.734673,-73.98995,3.0,0,46
2024-05-31,602,"14 St-Union Sq (L,N,Q,R,W,4,5,6)",40.734673,-73.98995,3.0,0,46
2024-05-31,602,"14 St-Union Sq (L,N,Q,R,W,4,5,6)",40.734673,-73.98995,3.0,0,50
2024-05-31,602,"14 St-Union Sq (L,N,Q,R,W,4,5,6)",40.735737,-73.98995,4015.0,1,46
2024-05-31,602,"14 St-Union Sq (L,N,Q,R,W,4,5,6)",40.735737,-73.98995,4015.0,1,46
2024-05-31,602,"14 St-Union Sq (L,N,Q,R,W,4,5,6)",40.735737,-73.98995,4015.0,1,50
2024-06-03,602,"14 St-Union Sq (L,N,Q,R,W,4,5,6)",40.734673,-73.98995,2.0,0,46
2024-06-03,602,"14 St-Union Sq (L,N,Q,R,W,4,5,6)",40.734673,-73.98995,2.0,0,46
2024-06-03,602,"14 St-Union Sq (L,N,Q,R,W,4,5,6)",40.734673,-73.98995,2.0,0,50
2024-06-03,602,"14 St-Union Sq (L,N,Q,R,W,4,5,6)",40.735737,-73.98995,3306.0,1,46
2024-06-03,602,"14 St-Union Sq (L,N,Q,R,W,4,5,6)",40.735737,-73.98995,3306.0,1,46
2024-06-03,602,"14 St-Union Sq (L,N,Q,R,W,4,5,6)",40.735737,-73.98995,3306.0,1,50
2024-06-13,602,"14 St-Union Sq (L,N,Q,R,W,4,5,6)",40.735737,-73.98995,1006.0,0,46
2024-06-13,602,"14 St-Union Sq (L,N,Q,R,W,4,5,6)",40.735737,-73.98995,1006.0,0,46
2024-06-13,602,"14 St-Union Sq (L,N,Q,R,W,4,5,6)",40.735737,-73.98995,1006.0,0,50
2024-06-18,602,"14 St-Union Sq (L,N,Q,R,W,4,5,6)",40.735737,-73.98995,738.0,0,46
2024-06-18,602,"14 St-Union Sq (L,N,Q,R,W,4,5,6)",40.735737,-73.98995,738.0,0,46
2024-06-18,602,"14 St-Union Sq (L,N,Q,R,W,4,5,6)",40.735737,-73.98995,738.0,0,50
2024-06-20,602,"14 St-Union Sq (L,N,Q,R,W,4,5,6)",40.734673,-73.98995,7.0,0,46
2024-06-20,602,"14 St-Union Sq (L,N,Q,R,W,4,5,6)",40.734673,-73.98995,7.0,0,46
2024-06-20,602,"14 St-Union Sq (L,N,Q,R,W,4,5,6)",40.734673,-73.98995,7.0,0,50
2024-06-20,602,"14 St-Union Sq (L,N,Q,R,W,4,5,6)",40.735737,-73.98995,1211.0,1,46
2024-06-20,602,"14 St-Union Sq (L,N,Q,R,W,4,5,6)",40.735737,-73.98995,1211.0,1,46
2024-06-20,602,"14 St-Union Sq (L,N,Q,R,W,4,5,6)",40.735737,-73.98995,1211.0,1,50
2024-06-21,602,"14 St-Union Sq (L,N,Q,R,W,4,5,6)",40.734673,-73.98995,11.0,0,46
2024-06-21,602,"14 St-Union Sq (L,N,Q,R,W,4,5,6)",40.734673,-73.98995,11.0,0,46
2024-06-21,602,"14 St-Union Sq (L,N,Q,R,W,4,5,6)",40.734673,-73.98995,11.0,0,50
2024-06-21,602,"14 St-Union Sq (L,N,Q,R,W,4,5,6)",40.735737,-73.98995,4630.0,1,46
2024-06-21,602,"14 St-Union Sq (L,N,Q,R,W,4,5,6)",40.735737,-73.98995,4630.0,1,46
2024-06-21,602,"14 St-Union Sq (L,N,Q,R,W,4,5,6)",40.735737,-73.98995,4630.0,1,50
2024-06-28,602,"14 St-Union Sq (L,N,Q,R,W,4,5,6)",40.735737,-73.98995,2903.0,1,46
2024-06-28,602,"14 St-Union Sq (L,N,Q,R,W,4,5,6)",40.735737,-73.98995,2903.0,1,46
2024-06-28,602,"14 St-Union Sq (L,N,Q,R,W,4,5,6)",40.735737,-73.98995,2903.0,1,50
2024-08-28,602,"14 St-Union Sq (L,N,Q,R,W,4,5,6)",40.735737,-73.98995,2205.0,1,46
2024-08-28,602,"14 St-Union Sq (L,N,Q,R,W,4,5,6)",40.735737,-73.98995,2205.0,1,46
2024-08-28,602,"14 St-Union Sq (L,N,Q,R,W,4,5,6)",40.735737,-73.98995,2205.0,1,50
2024-08-29,602,"14 St-Union Sq (L,N,Q,R,W,4,5,6)",40.735737,-73.98995,427.0,0,46
2024-08-29,602,"14 St-Union Sq (L,N,Q,R,W,4,5,6)",40.735737,-73.98995,427.0,0,46
2024-08-29,602,"14 St-Union Sq (L,N,Q,R,W,4,5,6)",40.735737,-73.98995,427.0,0,50
2024-09-04,602,"14 St-Union Sq (L,N,Q,R,W,4,5,6)",40.735737,-73.98995,5717.0,1,46
2024-09-04,602,"14 St-Union Sq (L,N,Q,R,W,4,5,6)",40.735737,-73.98995,5717.0,1,46
2024-09-04,602,"14 St-Union Sq (L,N,Q,R,W,4,5,6)",40.735737,-73.98995,5717.0,1,50
2024-09-05,602,"14 St-Union Sq (L,N,Q,R,W,4,5,6)",40.734673,-73.98995,7.0,0,46
2024-09-05,602,"14 St-Union Sq (L,N,Q,R,W,4,5,6)",40.734673,-73.98995,7.0,0,46
2024-09-05,602,"14 St-Union Sq (L,N,Q,R,W,4,5,6)",40.734673,-73.98995,7.0,0,50
2024-09-05,602,"14 St-Union Sq (L,N,Q,R,W,4,5,6)",40.735737,-73.98995,6667.0,1,46
2024-09-05,602,"14 St-Union Sq (L,N,Q,R,W,4,5,6)",40.735737,-73.98995,6667.0,1,46
2024-09-05,602,"14 St-Union Sq (L,N,Q,R,W,4,5,6)",40.735737,-73.98995,6667.0,1,50
2024-09-13,602,"14 St-Union Sq (L,N,Q,R,W,4,5,6)",40.734673,-73.98995,3.0,0,46
2024-09-13,602,"14 St-Union Sq (L,N,Q,R,W,4,5,6)",40.734673,-73.98995,3.0,0,46
2024-09-13,602,"14 St-Union Sq (L,N,Q,R,W,4,5,6)",40.734673,-73.98995,3.0,0,50
2024-09-13,602,"14 St-Union Sq (L,N,Q,R,W,4,5,6)",40.735737,-73.98995,6914.0,1,46
2024-09-13,602,"14 St-Union Sq (L,N,Q,R,W,4,5,6)",40.735737,-73.98995,6914.0,1,46
2024-09-13,602,"14 St-Union Sq (L,N,Q,R,W,4,5,6)",40.735737,-73.98995,6914.0,1,50
2024-09-28,602,"14 St-Union Sq (L,N,Q,R,W,4,5,6)",40.735737,-73.98995,3154.0,1,46
2024-09-28,602,"14 St-Union Sq (L,N,Q,R,W,4,5,6)",40.735737,-73.98995,3154.0,1,46
2024-09-28,602,"14 St-Union Sq (L,N,Q,R,W,4,5,6)",40.735737,-73.98995,3154.0,1,50
2024-11-16,602,"14 St-Union Sq (L,N,Q,R,W,4,5,6)",40.735737,-73.98995,68.0,0,46
2024-11-16,602,"14 St-Union Sq (L,N,Q,R,W,4,5,6)",40.735737,-73.98995,68.0,0,46
2024-11-16,602,"14 St-Union Sq (L,N,Q,R,W,4,5,6)",40.735737,-73.98995,68.0,0,50
2024-11-21,602,"14 St-Union Sq (L,N,Q,R,W,4,5,6)",40.734673,-73.98995,5.0,0,46
2024-11-21,602,"14 St-Union Sq (L,N,Q,R,W,4,5,6)",40.734673,-73.98995,5.0,0,46
2024-11-21,602,"14 St-Union Sq (L,N,Q,R,W,4,5,6)",40.734673,-73.98995,5.0,0,50
2024-11-21,602,"14 St-Union Sq (L,N,Q,R,W,4,5,6)",40.735737,-73.98995,1839.0,1,46
2024-11-21,602,"14 St-Union Sq (L,N,Q,R,W,4,5,6)",40.735737,-73.98995,1839.0,1,46
2024-11-21,602,"14 St-Union Sq (L,N,Q,R,W,4,5,6)",40.735737,-73.98995,1839.0,1,50
2024-11-22,602,"14 St-Union Sq (L,N,Q,R,W,4,5,6)",40.734673,-73.98995,3.0,0,46
2024-11-22,602,"14 St-Union Sq (L,N,Q,R,W,4,5,6)",40.734673,-73.98995,3.0,0,46
2024-11-22,602,"14 St-Union Sq (L,N,Q,R,W,4,5,6)",40.734673,-73.98995,3.0,0,50
2024-11-22,602,"14 St-Union Sq (L,N,Q,R,W,4,5,6)",40.735737,-73.98995,3945.0,1,46
2024-11-22,602,"14 St-Union Sq (L,N,Q,R,W,4,5,6)",40.735737,-73.98995,3945.0,1,46
2024-11-22,602,"14 St-Union Sq (L,N,Q,R,W,4,5,6)",40.735737,-73.98995,3945.0,1,50
2024-12-03,602,"14 St-Union Sq (L,N,Q,R,W,4,5,6)",40.735737,-73.98995,1598.0,1,46
2024-12-03,602,"14 St-Union Sq (L,N,Q,R,W,4,5,6)",40.735737,-73.98995,1598.0,1,46
2024-12-03,602,"14 St-Union Sq (L,N,Q,R,W,4,5,6)",40.735737,-73.98995,1598.0,1,50
2024-12-13,602,"14 St-Union Sq (L,N,Q,R,W,4,5,6)",40.734673,-73.98995,6.0,0,46
2024-12-13,602,"14 St-Union Sq (L,N,Q,R,W,4,5,6)",40.734673,-73.98995,6.0,0,46
2024-12-13,602,"14 St-Union Sq (L,N,Q,R,W,4,5,6)",40.734673,-73.98995,6.0,0,50
2024-12-13,602,"14 St-Union Sq (L,N,Q,R,W,4,5,6)",40.735737,-73.98995,5267.0,1,46
2024-12-13,602,"14 St-Union Sq (L,N,Q,R,W,4,5,6)",40.735737,-73.98995,5267.0,1,46
2024-12-13,602,"14 St-Union Sq (L,N,Q,R,W,4,5,6)",40.735737,-73.98995,5267.0,1,50
2024-12-26,602,"14 St-Union Sq (L,N,Q,R,W,4,5,6)",40.734673,-73.98995,1.0,0,46
2024-12-26,602,"14 St-Union Sq (L,N,Q,R,W,4,5,6)",40.734673,-73.98995,1.0,0,46
2024-12-26,602,"14 St-Union Sq (L,N,Q,R,W,4,5,6)",40.734673,-73.98995,1.0,0,50
2024-12-26,602,"14 St-Union Sq (L,N,Q,R,W,4,5,6)",40.735737,-73.98995,1595.0,1,46
2024-12-26,602,"14 St-Union Sq (L,N,Q,R,W,4,5,6)",40.735737,-73.98995,1595.0,1,46
2024-12-26,602,"14 St-Union Sq (L,N,Q,R,W,4,5,6)",40.735737,-73.98995,1595.0,1,50
2024-12-31,602,"14 St-Union Sq (L,N,Q,R,W,4,5,6)",40.734673,-73.98995,6.0,0,46
2024-12-31,602,"14 St-Union Sq (L,N,Q,R,W,4,5,6)",40.734673,-73.98995,6.0,0,46
2024-12-31,602,"14 St-Union Sq (L,N,Q,R,W,4,5,6)",40.734673,-73.98995,6.0,0,50
2024-12-31,602,"14 St-Union Sq (L,N,Q,R,W,4,5,6)",40.735737,-73.99057,1.0,0,46
2024-12-31,602,"14 St-Union Sq (L,N,Q,R,W,4,5,6)",40.735737,-73.99057,1.0,0,46
2024-12-31,602,"14 St-Union Sq (L,N,Q,R,W,4,5,6)",40.735737,-73.99057,1.0,0,50
2024-12-31,602,"14 St-Union Sq (L,N,Q,R,W,4,5,6)",40.735737,-73.98995,2194.0,1,46
2024-12-31,602,"14 St-Union Sq (L,N,Q,R,W,4,5,6)",40.735737,-73.98995,2194.0,1,46
2024-12-31,602,"14 St-Union Sq (L,N,Q,R,W,4,5,6)",40.735737,-73.98995,2194.0,1,50
2021-05-21,605,"168 St (A,C,1)",40.840717,-73.93956,207.0,0,14
2021-05-21,605,"168 St (A,C,1)",40.840717,-73.93956,207.0,0,14
2021-05-26,605,"168 St (A,C,1)",40.840717,-73.93956,1329.0,1,14
2021-05-26,605,"168 St (A,C,1)",40.840717,-73.93956,1329.0,1,14
2021-06-21,605,"168 St (A,C,1)",40.840717,-73.93956,1120.0,0,14
2021-06-21,605,"168 St (A,C,1)",40.840717,-73.93956,1120.0,0,14
2021-06-30,605,"168 St (A,C,1)",40.840717,-73.93956,1773.0,1,14
2021-06-30,605,"168 St (A,C,1)",40.840717,-73.93956,1773.0,1,14
2021-08-25,605,"168 St (A,C,1)",40.840717,-73.93956,772.0,0,14
2021-08-25,605,"168 St (A,C,1)",40.840717,-73.93956,772.0,0,14
2021-10-15,605,"168 St (A,C,1)",40.840717,-73.93956,93.0,0,14
2021-10-15,605,"168 St (A,C,1)",40.840717,-73.93956,93.0,0,14
2021-10-26,605,"168 St (A,C,1)",40.840717,-73.93956,2384.0,1,14
2021-10-26,605,"168 St (A,C,1)",40.840717,-73.93956,2384.0,1,14
2021-10-27,605,"168 St (A,C,1)",40.840717,-73.93956,203.0,0,14
2021-10-27,605,"168 St (A,C,1)",40.840717,-73.93956,203.0,0,14
2021-11-18,605,"168 St (A,C,1)",40.840717,-73.93956,2537.0,1,14
2021-11-18,605,"168 St (A,C,1)",40.840717,-73.93956,2537.0,1,14
2021-12-02,605,"168 St (A,C,1)",40.840717,-73.93956,101.0,0,14
2021-12-02,605,"168 St (A,C,1)",40.840717,-73.93956,101.0,0,14
2021-12-16,605,"168 St (A,C,1)",40.840717,-73.93956,55.0,0,14
2021-12-16,605,"168 St (A,C,1)",40.840717,-73.93956,55.0,0,14
2021-12-22,605,"168 St (A,C,1)",40.840717,-73.93956,428.0,0,14
2021-12-22,605,"168 St (A,C,1)",40.840717,-73.93956,428.0,0,14
2022-01-04,605,"168 St (A,C,1)",40.840717,-73.93956,563.0,0,14
2022-01-04,605,"168 St (A,C,1)",40.840717,-73.93956,563.0,0,14
2022-01-26,605,"168 St (A,C,1)",40.840717,-73.93956,1759.0,1,14
2022-01-26,605,"168 St (A,C,1)",40.840717,-73.93956,1759.0,1,14
2022-02-07,605,"168 St (A,C,1)",40.840717,-73.93956,2326.0,1,14
2022-02-07,605,"168 St (A,C,1)",40.840717,-73.93956,2326.0,1,14
2022-02-08,605,"168 St (A,C,1)",40.840717,-73.93956,2005.0,1,14
2022-02-08,605,"168 St (A,C,1)",40.840717,-73.93956,2005.0,1,14
2022-02-09,605,"168 St (A,C,1)",40.840717,-73.93956,1699.0,1,14
2022-02-09,605,"168 St (A,C,1)",40.840717,-73.93956,1699.0,1,14
2022-02-10,605,"168 St (A,C,1)",40.840717,-73.93956,723.0,0,14
2022-02-10,605,"168 St (A,C,1)",40.840717,-73.93956,723.0,0,14
2022-02-18,605,"168 St (A,C,1)",40.840717,-73.93956,2618.0,1,14
2022-02-18,605,"168 St (A,C,1)",40.840717,-73.93956,2618.0,1,14
2022-03-02,605,"168 St (A,C,1)",40.840717,-73.93956,2366.0,1,14
2022-03-02,605,"168 St (A,C,1)",40.840717,-73.93956,2366.0,1,14
2022-03-08,605,"168 St (A,C,1)",40.840717,-73.93956,2154.0,1,14
2022-03-08,605,"168 St (A,C,1)",40.840717,-73.93956,2154.0,1,14
2022-03-15,605,"168 St (A,C,1)",40.840717,-73.93956,2845.0,1,14
2022-03-15,605,"168 St (A,C,1)",40.840717,-73.93956,2845.0,1,14
2022-03-29,605,"168 St (A,C,1)",40.840717,-73.93956,2793.0,1,14
2022-03-29,605,"168 St (A,C,1)",40.840717,-73.93956,2793.0,1,14
2022-04-07,605,"168 St (A,C,1)",40.840717,-73.93956,40.0,0,14
2022-04-07,605,"168 St (A,C,1)",40.840717,-73.93956,40.0,0,14
2022-04-20,605,"168 St (A,C,1)",40.840717,-73.93956,18.0,0,14
2022-04-20,605,"168 St (A,C,1)",40.840717,-73.93956,18.0,0,14
2022-04-27,605,"168 St (A,C,1)",40.840717,-73.93956,1829.0,1,14
2022-04-27,605,"168 St (A,C,1)",40.840717,-73.93956,1829.0,1,14
2022-05-31,605,"168 St (A,C,1)",40.840717,-73.93956,489.0,0,14
2022-05-31,605,"168 St (A,C,1)",40.840717,-73.93956,489.0,0,14
2022-06-01,605,"168 St (A,C,1)",40.840717,-73.93956,2974.0,1,14
2022-06-01,605,"168 St (A,C,1)",40.840717,-73.93956,2974.0,1,14
2022-07-18,605,"168 St (A,C,1)",40.840717,-73.93956,1848.0,1,14
2022-07-18,605,"168 St (A,C,1)",40.840717,-73.93956,1848.0,1,14
2022-08-05,605,"168 St (A,C,1)",40.840717,-73.93956,703.0,0,14
2022-08-05,605,"168 St (A,C,1)",40.840717,-73.93956,703.0,0,14
2022-08-08,605,"168 St (A,C,1)",40.840717,-73.93956,714.0,0,14
2022-08-08,605,"168 St (A,C,1)",40.840717,-73.93956,714.0,0,14
2022-08-09,605,"168 St (A,C,1)",40.840717,-73.93956,1468.0,1,14
2022-08-09,605,"168 St (A,C,1)",40.840717,-73.93956,1468.0,1,14
2022-08-30,605,"168 St (A,C,1)",40.840717,-73.93956,1006.0,0,14
2022-08-30,605,"168 St (A,C,1)",40.840717,-73.93956,1006.0,0,14
2022-09-13,605,"168 St (A,C,1)",40.840717,-73.93956,2887.0,1,14
2022-09-13,605,"168 St (A,C,1)",40.840717,-73.93956,2887.0,1,14
2023-05-11,605,"168 St (A,C,1)",40.840717,-73.93956,251.0,0,14
2023-05-11,605,"168 St (A,C,1)",40.840717,-73.93956,251.0,0,14
2023-06-14,605,"168 St (A,C,1)",40.840717,-73.93956,627.0,0,14
2023-06-14,605,"168 St (A,C,1)",40.840717,-73.93956,627.0,0,14
2023-09-27,605,"168 St (A,C,1)",40.840717,-73.93956,1190.0,1,14
2023-09-27,605,"168 St (A,C,1)",40.840717,-73.93956,1190.0,1,14
2023-10-04,605,"168 St (A,C,1)",40.840717,-73.93956,1081.0,0,14
2023-10-04,605,"168 St (A,C,1)",40.840717,-73.93956,1081.0,0,14
2023-10-17,605,"168 St (A,C,1)",40.840557,-73.94013,5.0,0,14
2023-10-17,605,"168 St (A,C,1)",40.840557,-73.94013,5.0,0,14
2023-10-17,605,"168 St (A,C,1)",40.840717,-73.93956,1969.0,1,14
2023-10-17,605,"168 St (A,C,1)",40.840717,-73.93956,1969.0,1,14
2023-11-02,605,"168 St (A,C,1)",40.840717,-73.93956,1870.0,1,14
2023-11-02,605,"168 St (A,C,1)",40.840717,-73.93956,1870.0,1,14
2023-11-03,605,"168 St (A,C,1)",40.840717,-73.93956,467.0,0,14
2023-11-03,605,"168 St (A,C,1)",40.840717,-73.93956,467.0,0,14
2023-11-08,605,"168 St (A,C,1)",40.840557,-73.94013,1.0,0,14
2023-11-08,605,"168 St (A,C,1)",40.840557,-73.94013,1.0,0,14
2023-11-08,605,"168 St (A,C,1)",40.840717,-73.93956,906.0,0,14
2023-11-08,605,"168 St (A,C,1)",40.840717,-73.93956,906.0,0,14
2023-11-23,605,"168 St (A,C,1)",40.840717,-73.93956,236.0,0,14
2023-11-23,605,"168 St (A,C,1)",40.840717,-73.93956,236.0,0,14
2024-01-15,605,"168 St (A,C,1)",40.840717,-73.93956,1244.0,1,14
2024-01-15,605,"168 St (A,C,1)",40.840717,-73.93956,1244.0,1,14
2024-02-29,605,"168 St (A,C,1)",40.840717,-73.93956,1033.0,0,14
2024-02-29,605,"168 St (A,C,1)",40.840717,-73.93956,1033.0,0,14
2024-03-05,605,"168 St (A,C,1)",40.840717,-73.93956,1650.0,1,14
2024-03-05,605,"168 St (A,C,1)",40.840717,-73.93956,1650.0,1,14
2024-04-05,605,"168 St (A,C,1)",40.840717,-73.93956,665.0,0,14
2024-04-05,605,"168 St (A,C,1)",40.840717,-73.93956,665.0,0,14
2024-04-16,605,"168 St (A,C,1)",40.840717,-73.93956,51.0,0,14
2024-04-16,605,"168 St (A,C,1)",40.840717,-73.93956,51.0,0,14
2024-05-03,605,"168 St (A,C,1)",40.840717,-73.93956,1220.0,1,14
2024-05-03,605,"168 St (A,C,1)",40.840717,-73.93956,1220.0,1,14
2024-05-07,605,"168 St (A,C,1)",40.840557,-73.94013,2.0,0,14
2024-05-07,605,"168 St (A,C,1)",40.840557,-73.94013,2.0,0,14
2024-05-07,605,"168 St (A,C,1)",40.840717,-73.93956,2913.0,1,14
2024-05-07,605,"168 St (A,C,1)",40.840717,-73.93956,2913.0,1,14
2024-05-17,605,"168 St (A,C,1)",40.840717,-73.93956,560.0,0,14
2024-05-17,605,"168 St (A,C,1)",40.840717,-73.93956,560.0,0,14
2024-05-24,605,"168 St (A,C,1)",40.840717,-73.93956,1671.0,1,14
2024-05-24,605,"168 St (A,C,1)",40.840717,-73.93956,1671.0,1,14
2024-05-31,605,"168 St (A,C,1)",40.840557,-73.94013,1.0,0,14
2024-05-31,605,"168 St (A,C,1)",40.840557,-73.94013,1.0,0,14
2024-05-31,605,"168 St (A,C,1)",40.840717,-73.93956,2559.0,1,14
2024-05-31,605,"168 St (A,C,1)",40.840717,-73.93956,2559.0,1,14
2024-06-03,605,"168 St (A,C,1)",40.840557,-73.94013,5.0,0,14
2024-06-03,605,"168 St (A,C,1)",40.840557,-73.94013,5.0,0,14
2024-06-03,605,"168 St (A,C,1)",40.840717,-73.93956,2382.0,1,14
2024-06-03,605,"168 St (A,C,1)",40.840717,-73.93956,2382.0,1,14
2024-06-13,605,"168 St (A,C,1)",40.840717,-73.93956,652.0,0,14
2024-06-13,605,"168 St (A,C,1)",40.840717,-73.93956,652.0,0,14
2024-06-18,605,"168 St (A,C,1)",40.840717,-73.93956,619.0,0,14
2024-06-18,605,"168 St (A,C,1)",40.840717,-73.93956,619.0,0,14
2024-06-20,605,"168 St (A,C,1)",40.840717,-73.93956,288.0,0,14
2024-06-20,605,"168 St (A,C,1)",40.840717,-73.93956,288.0,0,14
2024-06-21,605,"168 St (A,C,1)",40.840717,-73.93956,2126.0,1,14
2024-06-21,605,"168 St (A,C,1)",40.840717,-73.93956,2126.0,1,14
2024-06-28,605,"168 St (A,C,1)",40.840557,-73.94013,1.0,0,14
2024-06-28,605,"168 St (A,C,1)",40.840557,-73.94013,1.0,0,14
2024-06-28,605,"168 St (A,C,1)",40.840717,-73.93956,882.0,0,14
2024-06-28,605,"168 St (A,C,1)",40.840717,-73.93956,882.0,0,14
2024-08-28,605,"168 St (A,C,1)",40.840717,-73.93956,2108.0,1,14
2024-08-28,605,"168 St (A,C,1)",40.840717,-73.93956,2108.0,1,14
2024-08-29,605,"168 St (A,C,1)",40.840557,-73.94013,1.0,0,14
2024-08-29,605,"168 St (A,C,1)",40.840557,-73.94013,1.0,0,14
2024-08-29,605,"168 St (A,C,1)",40.840717,-73.93956,369.0,0,14
2024-08-29,605,"168 St (A,C,1)",40.840717,-73.93956,369.0,0,14
2024-09-04,605,"168 St (A,C,1)",40.840717,-73.93956,2902.0,1,14
2024-09-04,605,"168 St (A,C,1)",40.840717,-73.93956,2902.0,1,14
2024-09-05,605,"168 St (A,C,1)",40.840557,-73.94013,1.0,0,14
2024-09-05,605,"168 St (A,C,1)",40.840557,-73.94013,1.0,0,14
2024-09-05,605,"168 St (A,C,1)",40.840717,-73.93956,2669.0,1,14
2024-09-05,605,"168 St (A,C,1)",40.840717,-73.93956,2669.0,1,14
2024-09-13,605,"168 St (A,C,1)",40.840717,-73.93956,2668.0,1,14
2024-09-13,605,"168 St (A,C,1)",40.840717,-73.93956,2668.0,1,14
2024-09-28,605,"168 St (A,C,1)",40.840717,-73.93956,965.0,0,14
2024-09-28,605,"168 St (A,C,1)",40.840717,-73.93956,965.0,0,14
2024-11-16,605,"168 St (A,C,1)",40.840717,-73.93956,6.0,0,14
2024-11-16,605,"168 St (A,C,1)",40.840717,-73.93956,6.0,0,14
2024-11-21,605,"168 St (A,C,1)",40.840717,-73.93956,816.0,0,14
2024-11-21,605,"168 St (A,C,1)",40.840717,-73.93956,816.0,0,14
2024-11-22,605,"168 St (A,C,1)",40.840557,-73.94013,1.0,0,14
2024-11-22,605,"168 St (A,C,1)",40.840557,-73.94013,1.0,0,14
2024-11-22,605,"168 St (A,C,1)",40.840717,-73.93956,2374.0,1,14
2024-11-22,605,"168 St (A,C,1)",40.840717,-73.93956,2374.0,1,14
2024-12-03,605,"168 St (A,C,1)",40.840717,-73.93956,1076.0,0,14
2024-12-03,605,"168 St (A,C,1)",40.840717,-73.93956,1076.0,0,14
2024-12-13,605,"168 St (A,C,1)",40.840717,-73.93956,1642.0,1,14
2024-12-13,605,"168 St (A,C,1)",40.840717,-73.93956,1642.0,1,14
2024-12-26,605,"168 St (A,C,1)",40.840557,-73.94013,3.0,0,14
2024-12-26,605,"168 St (A,C,1)",40.840557,-73.94013,3.0,0,14
2024-12-26,605,"168 St (A,C,1)",40.840717,-73.93956,1536.0,1,14
2024-12-26,605,"168 St (A,C,1)",40.840717,-73.93956,1536.0,1,14
2024-12-31,605,"168 St (A,C,1)",40.840557,-73.94013,3.0,0,14
2024-12-31,605,"168 St (A,C,1)",40.840557,-73.94013,3.0,0,14
2024-12-31,605,"168 St (A,C,1)",40.840717,-73.93956,1521.0,1,14
2024-12-31,605,"168 St (A,C,1)",40.840717,-73.93956,1521.0,1,14
2021-05-21,607,"34 St-Herald Sq (B,D,F,M,N,Q,R,W)",40.749718,-73.98782,1793.0,1,106
2021-05-21,607,"34 St-Herald Sq (B,D,F,M,N,Q,R,W)",40.749718,-73.98782,1793.0,1,106
2021-05-26,607,"34 St-Herald Sq (B,D,F,M,N,Q,R,W)",40.749718,-73.98782,5318.0,1,106
2021-05-26,607,"34 St-Herald Sq (B,D,F,M,N,Q,R,W)",40.749718,-73.98782,5318.0,1,106
2021-06-10,607,"34 St-Herald Sq (B,D,F,M,N,Q,R,W)",40.749718,-73.98782,234.0,0,106
2021-06-10,607,"34 St-Herald Sq (B,D,F,M,N,Q,R,W)",40.749718,-73.98782,234.0,0,106
2021-06-21,607,"34 St-Herald Sq (B,D,F,M,N,Q,R,W)",40.749718,-73.98782,6306.0,1,106
2021-06-21,607,"34 St-Herald Sq (B,D,F,M,N,Q,R,W)",40.749718,-73.98782,6306.0,1,106
2021-06-30,607,"34 St-Herald Sq (B,D,F,M,N,Q,R,W)",40.749718,-73.98782,5969.0,1,106
2021-06-30,607,"34 St-Herald Sq (B,D,F,M,N,Q,R,W)",40.749718,-73.98782,5969.0,1,106
2021-08-25,607,"34 St-Herald Sq (B,D,F,M,N,Q,R,W)",40.749718,-73.98782,573.0,0,106
2021-08-25,607,"34 St-Herald Sq (B,D,F,M,N,Q,R,W)",40.749718,-73.98782,573.0,0,106
2021-10-26,607,"34 St-Herald Sq (B,D,F,M,N,Q,R,W)",40.749718,-73.98782,6300.0,1,106
2021-10-26,607,"34 St-Herald Sq (B,D,F,M,N,Q,R,W)",40.749718,-73.98782,6300.0,1,106
2021-11-17,607,"34 St-Herald Sq (B,D,F,M,N,Q,R,W)",40.749718,-73.98782,220.0,0,106
2021-11-17,607,"34 St-Herald Sq (B,D,F,M,N,Q,R,W)",40.749718,-73.98782,220.0,0,106
2021-11-18,607,"34 St-Herald Sq (B,D,F,M,N,Q,R,W)",40.749718,-73.98782,4127.0,1,106
2021-11-18,607,"34 St-Herald Sq (B,D,F,M,N,Q,R,W)",40.749718,-73.98782,4127.0,1,106
2021-12-02,607,"34 St-Herald Sq (B,D,F,M,N,Q,R,W)",40.749718,-73.98782,23.0,0,106
2021-12-02,607,"34 St-Herald Sq (B,D,F,M,N,Q,R,W)",40.749718,-73.98782,23.0,0,106
2021-12-16,607,"34 St-Herald Sq (B,D,F,M,N,Q,R,W)",40.749718,-73.98782,1209.0,1,106
2021-12-16,607,"34 St-Herald Sq (B,D,F,M,N,Q,R,W)",40.749718,-73.98782,1209.0,1,106
2021-12-22,607,"34 St-Herald Sq (B,D,F,M,N,Q,R,W)",40.749718,-73.98782,929.0,0,106
2021-12-22,607,"34 St-Herald Sq (B,D,F,M,N,Q,R,W)",40.749718,-73.98782,929.0,0,106
2022-01-04,607,"34 St-Herald Sq (B,D,F,M,N,Q,R,W)",40.749718,-73.98782,1695.0,1,106
2022-01-04,607,"34 St-Herald Sq (B,D,F,M,N,Q,R,W)",40.749718,-73.98782,1695.0,1,106
2022-01-26,607,"34 St-Herald Sq (B,D,F,M,N,Q,R,W)",40.749718,-73.98782,4886.0,1,106
2022-01-26,607,"34 St-Herald Sq (B,D,F,M,N,Q,R,W)",40.749718,-73.98782,4886.0,1,106
2022-02-07,607,"34 St-Herald Sq (B,D,F,M,N,Q,R,W)",40.749718,-73.98782,5876.0,1,106
2022-02-07,607,"34 St-Herald Sq (B,D,F,M,N,Q,R,W)",40.749718,-73.98782,5876.0,1,106
2022-02-08,607,"34 St-Herald Sq (B,D,F,M,N,Q,R,W)",40.749718,-73.98782,4703.0,1,106
2022-02-08,607,"34 St-Herald Sq (B,D,F,M,N,Q,R,W)",40.749718,-73.98782,4703.0,1,106
2022-02-09,607,"34 St-Herald Sq (B,D,F,M,N,Q,R,W)",40.749718,-73.98782,4437.0,1,106
2022-02-09,607,"34 St-Herald Sq (B,D,F,M,N,Q,R,W)",40.749718,-73.98782,4437.0,1,106
2022-02-10,607,"34 St-Herald Sq (B,D,F,M,N,Q,R,W)",40.749718,-73.98782,2094.0,1,106
2022-02-10,607,"34 St-Herald Sq (B,D,F,M,N,Q,R,W)",40.749718,-73.98782,2094.0,1,106
2022-02-18,607,"34 St-Herald Sq (B,D,F,M,N,Q,R,W)",40.749718,-73.98782,5637.0,1,106
2022-02-18,607,"34 St-Herald Sq (B,D,F,M,N,Q,R,W)",40.749718,-73.98782,5637.0,1,106
2022-03-02,607,"34 St-Herald Sq (B,D,F,M,N,Q,R,W)",40.749718,-73.98782,5931.0,1,106
2022-03-02,607,"34 St-Herald Sq (B,D,F,M,N,Q,R,W)",40.749718,-73.98782,5931.0,1,106
2022-03-08,607,"34 St-Herald Sq (B,D,F,M,N,Q,R,W)",40.749718,-73.98782,8239.0,1,106
2022-03-08,607,"34 St-Herald Sq (B,D,F,M,N,Q,R,W)",40.749718,-73.98782,8239.0,1,106
2022-03-15,607,"34 St-Herald Sq (B,D,F,M,N,Q,R,W)",40.749718,-73.98782,7540.0,1,106
2022-03-15,607,"34 St-Herald Sq (B,D,F,M,N,Q,R,W)",40.749718,-73.98782,7540.0,1,106
2022-03-29,607,"34 St-Herald Sq (B,D,F,M,N,Q,R,W)",40.749718,-73.98782,10228.0,1,106
2022-03-29,607,"34 St-Herald Sq (B,D,F,M,N,Q,R,W)",40.749718,-73.98782,10228.0,1,106
2022-04-07,607,"34 St-Herald Sq (B,D,F,M,N,Q,R,W)",40.749718,-73.98782,661.0,0,106
2022-04-07,607,"34 St-Herald Sq (B,D,F,M,N,Q,R,W)",40.749718,-73.98782,661.0,0,106
2022-04-20,607,"34 St-Herald Sq (B,D,F,M,N,Q,R,W)",40.749718,-73.98782,62.0,0,106
2022-04-20,607,"34 St-Herald Sq (B,D,F,M,N,Q,R,W)",40.749718,-73.98782,62.0,0,106
2022-04-27,607,"34 St-Herald Sq (B,D,F,M,N,Q,R,W)",40.749718,-73.98782,4112.0,1,106
2022-04-27,607,"34 St-Herald Sq (B,D,F,M,N,Q,R,W)",40.749718,-73.98782,4112.0,1,106
2022-05-31,607,"34 St-Herald Sq (B,D,F,M,N,Q,R,W)",40.749718,-73.98782,1712.0,1,106
2022-05-31,607,"34 St-Herald Sq (B,D,F,M,N,Q,R,W)",40.749718,-73.98782,1712.0,1,106
2022-06-01,607,"34 St-Herald Sq (B,D,F,M,N,Q,R,W)",40.749718,-73.98782,10931.0,1,106
2022-06-01,607,"34 St-Herald Sq (B,D,F,M,N,Q,R,W)",40.749718,-73.98782,10931.0,1,106
2022-07-18,607,"34 St-Herald Sq (B,D,F,M,N,Q,R,W)",40.749718,-73.98782,4384.0,1,106
2022-07-18,607,"34 St-Herald Sq (B,D,F,M,N,Q,R,W)",40.749718,-73.98782,4384.0,1,106
2022-08-05,607,"34 St-Herald Sq (B,D,F,M,N,Q,R,W)",40.749718,-73.98782,1503.0,1,106
2022-08-05,607,"34 St-Herald Sq (B,D,F,M,N,Q,R,W)",40.749718,-73.98782,1503.0,1,106
2022-08-08,607,"34 St-Herald Sq (B,D,F,M,N,Q,R,W)",40.749718,-73.98782,356.0,0,106
2022-08-08,607,"34 St-Herald Sq (B,D,F,M,N,Q,R,W)",40.749718,-73.98782,356.0,0,106
2022-08-09,607,"34 St-Herald Sq (B,D,F,M,N,Q,R,W)",40.749718,-73.98782,5781.0,1,106
2022-08-09,607,"34 St-Herald Sq (B,D,F,M,N,Q,R,W)",40.749718,-73.98782,5781.0,1,106
2022-08-30,607,"34 St-Herald Sq (B,D,F,M,N,Q,R,W)",40.749718,-73.98782,3835.0,1,106
2022-08-30,607,"34 St-Herald Sq (B,D,F,M,N,Q,R,W)",40.749718,-73.98782,3835.0,1,106
2022-09-13,607,"34 St-Herald Sq (B,D,F,M,N,Q,R,W)",40.749718,-73.98782,11380.0,1,106
2022-09-13,607,"34 St-Herald Sq (B,D,F,M,N,Q,R,W)",40.749718,-73.98782,11380.0,1,106
2023-05-11,607,"34 St-Herald Sq (B,D,F,M,N,Q,R,W)",40.749565,-73.98795,1.0,0,106
2023-05-11,607,"34 St-Herald Sq (B,D,F,M,N,Q,R,W)",40.749565,-73.98795,1.0,0,106
2023-05-11,607,"34 St-Herald Sq (B,D,F,M,N,Q,R,W)",40.749718,-73.98782,1430.0,1,106
2023-05-11,607,"34 St-Herald Sq (B,D,F,M,N,Q,R,W)",40.749718,-73.98782,1430.0,1,106
2023-06-14,607,"34 St-Herald Sq (B,D,F,M,N,Q,R,W)",40.749718,-73.98782,6271.0,1,106
2023-06-14,607,"34 St-Herald Sq (B,D,F,M,N,Q,R,W)",40.749718,-73.98782,6271.0,1,106
2023-09-27,607,"34 St-Herald Sq (B,D,F,M,N,Q,R,W)",40.749718,-73.98782,3124.0,1,106
2023-09-27,607,"34 St-Herald Sq (B,D,F,M,N,Q,R,W)",40.749718,-73.98782,3124.0,1,106
2023-10-04,607,"34 St-Herald Sq (B,D,F,M,N,Q,R,W)",40.749718,-73.98782,375.0,0,106
2023-10-04,607,"34 St-Herald Sq (B,D,F,M,N,Q,R,W)",40.749718,-73.98782,375.0,0,106
2023-10-17,607,"34 St-Herald Sq (B,D,F,M,N,Q,R,W)",40.749718,-73.98782,9085.0,1,106
2023-10-17,607,"34 St-Herald Sq (B,D,F,M,N,Q,R,W)",40.749718,-73.98782,9085.0,1,106
2023-11-02,607,"34 St-Herald Sq (B,D,F,M,N,Q,R,W)",40.749718,-73.98782,3199.0,1,106
2023-11-02,607,"34 St-Herald Sq (B,D,F,M,N,Q,R,W)",40.749718,-73.98782,3199.0,1,106
2023-11-03,607,"34 St-Herald Sq (B,D,F,M,N,Q,R,W)",40.749718,-73.98782,505.0,0,106
2023-11-03,607,"34 St-Herald Sq (B,D,F,M,N,Q,R,W)",40.749718,-73.98782,505.0,0,106
2023-11-08,607,"34 St-Herald Sq (B,D,F,M,N,Q,R,W)",40.749718,-73.98782,8259.0,1,106
2023-11-08,607,"34 St-Herald Sq (B,D,F,M,N,Q,R,W)",40.749718,-73.98782,8259.0,1,106
2023-11-23,607,"34 St-Herald Sq (B,D,F,M,N,Q,R,W)",40.749718,-73.98782,372.0,0,106
2023-11-23,607,"34 St-Herald Sq (B,D,F,M,N,Q,R,W)",40.749718,-73.98782,372.0,0,106
2024-01-15,607,"34 St-Herald Sq (B,D,F,M,N,Q,R,W)",40.749565,-73.98795,2.0,0,106
2024-01-15,607,"34 St-Herald Sq (B,D,F,M,N,Q,R,W)",40.749565,-73.98795,2.0,0,106
2024-01-15,607,"34 St-Herald Sq (B,D,F,M,N,Q,R,W)",40.749718,-73.98782,2429.0,1,106
2024-01-15,607,"34 St-Herald Sq (B,D,F,M,N,Q,R,W)",40.749718,-73.98782,2429.0,1,106
2024-02-29,607,"34 St-Herald Sq (B,D,F,M,N,Q,R,W)",40.749718,-73.98782,9700.0,1,106
2024-02-29,607,"34 St-Herald Sq (B,D,F,M,N,Q,R,W)",40.749718,-73.98782,9700.0,1,106
2024-03-05,607,"34 St-Herald Sq (B,D,F,M,N,Q,R,W)",40.749565,-73.98795,1.0,0,106
2024-03-05,607,"34 St-Herald Sq (B,D,F,M,N,Q,R,W)",40.749565,-73.98795,1.0,0,106
2024-03-05,607,"34 St-Herald Sq (B,D,F,M,N,Q,R,W)",40.749718,-73.98782,7557.0,1,106
2024-03-05,607,"34 St-Herald Sq (B,D,F,M,N,Q,R,W)",40.749718,-73.98782,7557.0,1,106
2024-04-05,607,"34 St-Herald Sq (B,D,F,M,N,Q,R,W)",40.749718,-73.98782,3899.0,1,106
2024-04-05,607,"34 St-Herald Sq (B,D,F,M,N,Q,R,W)",40.749718,-73.98782,3899.0,1,106
2024-04-16,607,"34 St-Herald Sq (B,D,F,M,N,Q,R,W)",40.749718,-73.98782,286.0,0,106
2024-04-16,607,"34 St-Herald Sq (B,D,F,M,N,Q,R,W)",40.749718,-73.98782,286.0,0,106
2024-05-03,607,"34 St-Herald Sq (B,D,F,M,N,Q,R,W)",40.749565,-73.98795,2.0,0,106
2024-05-03,607,"34 St-Herald Sq (B,D,F,M,N,Q,R,W)",40.749565,-73.98795,2.0,0,106
2024-05-03,607,"34 St-Herald Sq (B,D,F,M,N,Q,R,W)",40.749718,-73.98782,1260.0,1,106
2024-05-03,607,"34 St-Herald Sq (B,D,F,M,N,Q,R,W)",40.749718,-73.98782,1260.0,1,106
2024-05-07,607,"34 St-Herald Sq (B,D,F,M,N,Q,R,W)",40.749565,-73.98795,2.0,0,106
2024-05-07,607,"34 St-Herald Sq (B,D,F,M,N,Q,R,W)",40.749565,-73.98795,2.0,0,106
2024-05-07,607,"34 St-Herald Sq (B,D,F,M,N,Q,R,W)",40.749718,-73.98782,7076.0,1,106
2024-05-07,607,"34 St-Herald Sq (B,D,F,M,N,Q,R,W)",40.749718,-73.98782,7076.0,1,106
2024-05-17,607,"34 St-Herald Sq (B,D,F,M,N,Q,R,W)",40.749718,-73.98782,216.0,0,106
2024-05-17,607,"34 St-Herald Sq (B,D,F,M,N,Q,R,W)",40.749718,-73.98782,216.0,0,106
2024-05-24,607,"34 St-Herald Sq (B,D,F,M,N,Q,R,W)",40.749718,-73.98782,3413.0,1,106
2024-05-24,607,"34 St-Herald Sq (B,D,F,M,N,Q,R,W)",40.749718,-73.98782,3413.0,1,106
2024-05-31,607,"34 St-Herald Sq (B,D,F,M,N,Q,R,W)",40.749718,-73.98782,1789.0,1,106
2024-05-31,607,"34 St-Herald Sq (B,D,F,M,N,Q,R,W)",40.749718,-73.98782,1789.0,1,106
2024-06-03,607,"34 St-Herald Sq (B,D,F,M,N,Q,R,W)",40.749718,-73.98782,8926.0,1,106
2024-06-03,607,"34 St-Herald Sq (B,D,F,M,N,Q,R,W)",40.749718,-73.98782,8926.0,1,106
2024-06-13,607,"34 St-Herald Sq (B,D,F,M,N,Q,R,W)",40.749718,-73.98782,1576.0,1,106
2024-06-13,607,"34 St-Herald Sq (B,D,F,M,N,Q,R,W)",40.749718,-73.98782,1576.0,1,106
2024-06-18,607,"34 St-Herald Sq (B,D,F,M,N,Q,R,W)",40.749718,-73.98782,827.0,0,106
2024-06-18,607,"34 St-Herald Sq (B,D,F,M,N,Q,R,W)",40.749718,-73.98782,827.0,0,106
2024-06-20,607,"34 St-Herald Sq (B,D,F,M,N,Q,R,W)",40.749718,-73.98782,1070.0,0,106
2024-06-20,607,"34 St-Herald Sq (B,D,F,M,N,Q,R,W)",40.749718,-73.98782,1070.0,0,106
2024-06-21,607,"34 St-Herald Sq (B,D,F,M,N,Q,R,W)",40.749718,-73.98782,6307.0,1,106
2024-06-21,607,"34 St-Herald Sq (B,D,F,M,N,Q,R,W)",40.749718,-73.98782,6307.0,1,106
2024-06-28,607,"34 St-Herald Sq (B,D,F,M,N,Q,R,W)",40.749718,-73.98782,4692.0,1,106
2024-06-28,607,"34 St-Herald Sq (B,D,F,M,N,Q,R,W)",40.749718,-73.98782,4692.0,1,106
2024-08-28,607,"34 St-Herald Sq (B,D,F,M,N,Q,R,W)",40.749718,-73.98782,3722.0,1,106
2024-08-28,607,"34 St-Herald Sq (B,D,F,M,N,Q,R,W)",40.749718,-73.98782,3722.0,1,106
2024-08-29,607,"34 St-Herald Sq (B,D,F,M,N,Q,R,W)",40.749718,-73.98782,2542.0,1,106
2024-08-29,607,"34 St-Herald Sq (B,D,F,M,N,Q,R,W)",40.749718,-73.98782,2542.0,1,106
2024-09-04,607,"34 St-Herald Sq (B,D,F,M,N,Q,R,W)",40.749565,-73.98795,3.0,0,106
2024-09-04,607,"34 St-Herald Sq (B,D,F,M,N,Q,R,W)",40.749565,-73.98795,3.0,0,106
2024-09-04,607,"34 St-Herald Sq (B,D,F,M,N,Q,R,W)",40.749718,-73.98782,12664.0,1,106
2024-09-04,607,"34 St-Herald Sq (B,D,F,M,N,Q,R,W)",40.749718,-73.98782,12664.0,1,106
2024-09-05,607,"34 St-Herald Sq (B,D,F,M,N,Q,R,W)",40.749565,-73.98795,1.0,0,106
2024-09-05,607,"34 St-Herald Sq (B,D,F,M,N,Q,R,W)",40.749565,-73.98795,1.0,0,106
2024-09-05,607,"34 St-Herald Sq (B,D,F,M,N,Q,R,W)",40.749718,-73.98782,10014.0,1,106
2024-09-05,607,"34 St-Herald Sq (B,D,F,M,N,Q,R,W)",40.749718,-73.98782,10014.0,1,106
2024-09-13,607,"34 St-Herald Sq (B,D,F,M,N,Q,R,W)",40.749718,-73.98782,8708.0,1,106
2024-09-13,607,"34 St-Herald Sq (B,D,F,M,N,Q,R,W)",40.749718,-73.98782,8708.0,1,106
2024-09-28,607,"34 St-Herald Sq (B,D,F,M,N,Q,R,W)",40.749718,-73.98782,2701.0,1,106
2024-09-28,607,"34 St-Herald Sq (B,D,F,M,N,Q,R,W)",40.749718,-73.98782,2701.0,1,106
2024-11-16,607,"34 St-Herald Sq (B,D,F,M,N,Q,R,W)",40.749718,-73.98782,113.0,0,106
2024-11-16,607,"34 St-Herald Sq (B,D,F,M,N,Q,R,W)",40.749718,-73.98782,113.0,0,106
2024-11-21,607,"34 St-Herald Sq (B,D,F,M,N,Q,R,W)",40.749718,-73.98782,2418.0,1,106
2024-11-21,607,"34 St-Herald Sq (B,D,F,M,N,Q,R,W)",40.749718,-73.98782,2418.0,1,106
2024-11-22,607,"34 St-Herald Sq (B,D,F,M,N,Q,R,W)",40.749718,-73.98782,7204.0,1,106
2024-11-22,607,"34 St-Herald Sq (B,D,F,M,N,Q,R,W)",40.749718,-73.98782,7204.0,1,106
2024-12-03,607,"34 St-Herald Sq (B,D,F,M,N,Q,R,W)",40.749718,-73.98782,7940.0,1,106
2024-12-03,607,"34 St-Herald Sq (B,D,F,M,N,Q,R,W)",40.749718,-73.98782,7940.0,1,106
2024-12-13,607,"34 St-Herald Sq (B,D,F,M,N,Q,R,W)",40.749718,-73.98782,4477.0,1,106
2024-12-13,607,"34 St-Herald Sq (B,D,F,M,N,Q,R,W)",40.749718,-73.98782,4477.0,1,106
2024-12-26,607,"34 St-Herald Sq (B,D,F,M,N,Q,R,W)",40.749718,-73.98782,5962.0,1,106
2024-12-26,607,"34 St-Herald Sq (B,D,F,M,N,Q,R,W)",40.749718,-73.98782,5962.0,1,106
2024-12-31,607,"34 St-Herald Sq (B,D,F,M,N,Q,R,W)",40.749565,-73.98795,3.0,0,106
2024-12-31,607,"34 St-Herald Sq (B,D,F,M,N,Q,R,W)",40.749565,-73.98795,3.0,0,106
2024-12-31,607,"34 St-Herald Sq (B,D,F,M,N,Q,R,W)",40.749718,-73.98782,5182.0,1,106
2024-12-31,607,"34 St-Herald Sq (B,D,F,M,N,Q,R,W)",40.749718,-73.98782,5182.0,1,106
2021-05-21,609,"Bryant Pk (B,D,F,M)/5 Av (7)",40.754223,-73.981964,183.0,0,98
2021-05-21,609,"Bryant Pk (B,D,F,M)/5 Av (7)",40.754223,-73.981964,183.0,0,105
2021-05-21,609,"Bryant Pk (B,D,F,M)/5 Av (7)",40.754223,-73.981964,183.0,0,98
2021-05-26,609,"Bryant Pk (B,D,F,M)/5 Av (7)",40.754223,-73.984566,15.0,0,98
2021-05-26,609,"Bryant Pk (B,D,F,M)/5 Av (7)",40.754223,-73.984566,15.0,0,105
2021-05-26,609,"Bryant Pk (B,D,F,M)/5 Av (7)",40.754223,-73.984566,15.0,0,98
2021-05-26,609,"Bryant Pk (B,D,F,M)/5 Av (7)",40.754223,-73.981964,984.0,0,98
2021-05-26,609,"Bryant Pk (B,D,F,M)/5 Av (7)",40.754223,-73.981964,984.0,0,105
2021-05-26,609,"Bryant Pk (B,D,F,M)/5 Av (7)",40.754223,-73.981964,984.0,0,98
2021-06-10,609,"Bryant Pk (B,D,F,M)/5 Av (7)",40.754223,-73.984566,17.0,0,98
2021-06-10,609,"Bryant Pk (B,D,F,M)/5 Av (7)",40.754223,-73.984566,17.0,0,105
2021-06-10,609,"Bryant Pk (B,D,F,M)/5 Av (7)",40.754223,-73.984566,17.0,0,98
2021-06-21,609,"Bryant Pk (B,D,F,M)/5 Av (7)",40.753822,-73.981964,1.0,0,98
2021-06-21,609,"Bryant Pk (B,D,F,M)/5 Av (7)",40.753822,-73.981964,1.0,0,105
2021-06-21,609,"Bryant Pk (B,D,F,M)/5 Av (7)",40.753822,-73.981964,1.0,0,98
2021-06-21,609,"Bryant Pk (B,D,F,M)/5 Av (7)",40.754223,-73.984566,9.0,0,98
2021-06-21,609,"Bryant Pk (B,D,F,M)/5 Av (7)",40.754223,-73.984566,9.0,0,105
2021-06-21,609,"Bryant Pk (B,D,F,M)/5 Av (7)",40.754223,-73.984566,9.0,0,98
2021-06-21,609,"Bryant Pk (B,D,F,M)/5 Av (7)",40.754223,-73.981964,1015.0,0,98
2021-06-21,609,"Bryant Pk (B,D,F,M)/5 Av (7)",40.754223,-73.981964,1015.0,0,105
2021-06-21,609,"Bryant Pk (B,D,F,M)/5 Av (7)",40.754223,-73.981964,1015.0,0,98
2021-06-30,609,"Bryant Pk (B,D,F,M)/5 Av (7)",40.754223,-73.984566,5.0,0,98
2021-06-30,609,"Bryant Pk (B,D,F,M)/5 Av (7)",40.754223,-73.984566,5.0,0,105
2021-06-30,609,"Bryant Pk (B,D,F,M)/5 Av (7)",40.754223,-73.984566,5.0,0,98
2021-06-30,609,"Bryant Pk (B,D,F,M)/5 Av (7)",40.754223,-73.981964,804.0,0,98
2021-06-30,609,"Bryant Pk (B,D,F,M)/5 Av (7)",40.754223,-73.981964,804.0,0,105
2021-06-30,609,"Bryant Pk (B,D,F,M)/5 Av (7)",40.754223,-73.981964,804.0,0,98
2021-08-25,609,"Bryant Pk (B,D,F,M)/5 Av (7)",40.754223,-73.984566,1.0,0,98
2021-08-25,609,"Bryant Pk (B,D,F,M)/5 Av (7)",40.754223,-73.984566,1.0,0,105
2021-08-25,609,"Bryant Pk (B,D,F,M)/5 Av (7)",40.754223,-73.984566,1.0,0,98
2021-08-25,609,"Bryant Pk (B,D,F,M)/5 Av (7)",40.754223,-73.981964,182.0,0,98
2021-08-25,609,"Bryant Pk (B,D,F,M)/5 Av (7)",40.754223,-73.981964,182.0,0,105
2021-08-25,609,"Bryant Pk (B,D,F,M)/5 Av (7)",40.754223,-73.981964,182.0,0,98
2021-10-15,609,"Bryant Pk (B,D,F,M)/5 Av (7)",40.754223,-73.981964,188.0,0,98
2021-10-15,609,"Bryant Pk (B,D,F,M)/5 Av (7)",40.754223,-73.981964,188.0,0,105
2021-10-15,609,"Bryant Pk (B,D,F,M)/5 Av (7)",40.754223,-73.981964,188.0,0,98
2021-10-26,609,"Bryant Pk (B,D,F,M)/5 Av (7)",40.754223,-73.984566,15.0,0,98
2021-10-26,609,"Bryant Pk (B,D,F,M)/5 Av (7)",40.754223,-73.984566,15.0,0,105
2021-10-26,609,"Bryant Pk (B,D,F,M)/5 Av (7)",40.754223,-73.984566,15.0,0,98
2021-10-26,609,"Bryant Pk (B,D,F,M)/5 Av (7)",40.754223,-73.981964,824.0,0,98
2021-10-26,609,"Bryant Pk (B,D,F,M)/5 Av (7)",40.754223,-73.981964,824.0,0,105
2021-10-26,609,"Bryant Pk (B,D,F,M)/5 Av (7)",40.754223,-73.981964,824.0,0,98
2021-10-27,609,"Bryant Pk (B,D,F,M)/5 Av (7)",40.754223,-73.984566,5.0,0,98
2021-10-27,609,"Bryant Pk (B,D,F,M)/5 Av (7)",40.754223,-73.984566,5.0,0,105
2021-10-27,609,"Bryant Pk (B,D,F,M)/5 Av (7)",40.754223,-73.984566,5.0,0,98
2021-11-17,609,"Bryant Pk (B,D,F,M)/5 Av (7)",40.754223,-73.981964,245.0,0,98
2021-11-17,609,"Bryant Pk (B,D,F,M)/5 Av (7)",40.754223,-73.981964,245.0,0,105
2021-11-17,609,"Bryant Pk (B,D,F,M)/5 Av (7)",40.754223,-73.981964,245.0,0,98
2021-11-18,609,"Bryant Pk (B,D,F,M)/5 Av (7)",40.754223,-73.984566,24.0,0,98
2021-11-18,609,"Bryant Pk (B,D,F,M)/5 Av (7)",40.754223,-73.984566,24.0,0,105
2021-11-18,609,"Bryant Pk (B,D,F,M)/5 Av (7)",40.754223,-73.984566,24.0,0,98
2021-11-18,609,"Bryant Pk (B,D,F,M)/5 Av (7)",40.754223,-73.981964,997.0,0,98
2021-11-18,609,"Bryant Pk (B,D,F,M)/5 Av (7)",40.754223,-73.981964,997.0,0,105
2021-11-18,609,"Bryant Pk (B,D,F,M)/5 Av (7)",40.754223,-73.981964,997.0,0,98
2021-12-02,609,"Bryant Pk (B,D,F,M)/5 Av (7)",40.754223,-73.984566,3.0,0,98
2021-12-02,609,"Bryant Pk (B,D,F,M)/5 Av (7)",40.754223,-73.984566,3.0,0,105
2021-12-02,609,"Bryant Pk (B,D,F,M)/5 Av (7)",40.754223,-73.984566,3.0,0,98
2021-12-02,609,"Bryant Pk (B,D,F,M)/5 Av (7)",40.754223,-73.981964,200.0,0,98
2021-12-02,609,"Bryant Pk (B,D,F,M)/5 Av (7)",40.754223,-73.981964,200.0,0,105
2021-12-02,609,"Bryant Pk (B,D,F,M)/5 Av (7)",40.754223,-73.981964,200.0,0,98
2021-12-16,609,"Bryant Pk (B,D,F,M)/5 Av (7)",40.754223,-73.981964,138.0,0,98
2021-12-16,609,"Bryant Pk (B,D,F,M)/5 Av (7)",40.754223,-73.981964,138.0,0,105
2021-12-16,609,"Bryant Pk (B,D,F,M)/5 Av (7)",40.754223,-73.981964,138.0,0,98
2021-12-22,609,"Bryant Pk (B,D,F,M)/5 Av (7)",40.754223,-73.981964,543.0,0,98
2021-12-22,609,"Bryant Pk (B,D,F,M)/5 Av (7)",40.754223,-73.981964,543.0,0,105
2021-12-22,609,"Bryant Pk (B,D,F,M)/5 Av (7)",40.754223,-73.981964,543.0,0,98
2022-01-04,609,"Bryant Pk (B,D,F,M)/5 Av (7)",40.754223,-73.981964,253.0,0,98
2022-01-04,609,"Bryant Pk (B,D,F,M)/5 Av (7)",40.754223,-73.981964,253.0,0,105
2022-01-04,609,"Bryant Pk (B,D,F,M)/5 Av (7)",40.754223,-73.981964,253.0,0,98
2022-01-26,609,"Bryant Pk (B,D,F,M)/5 Av (7)",40.754223,-73.984566,8.0,0,98
2022-01-26,609,"Bryant Pk (B,D,F,M)/5 Av (7)",40.754223,-73.984566,8.0,0,105
2022-01-26,609,"Bryant Pk (B,D,F,M)/5 Av (7)",40.754223,-73.984566,8.0,0,98
2022-01-26,609,"Bryant Pk (B,D,F,M)/5 Av (7)",40.754223,-73.981964,664.0,0,98
2022-01-26,609,"Bryant Pk (B,D,F,M)/5 Av (7)",40.754223,-73.981964,664.0,0,105
2022-01-26,609,"Bryant Pk (B,D,F,M)/5 Av (7)",40.754223,-73.981964,664.0,0,98
2022-02-07,609,"Bryant Pk (B,D,F,M)/5 Av (7)",40.754223,-73.984566,4.0,0,98
2022-02-07,609,"Bryant Pk (B,D,F,M)/5 Av (7)",40.754223,-73.984566,4.0,0,105
2022-02-07,609,"Bryant Pk (B,D,F,M)/5 Av (7)",40.754223,-73.984566,4.0,0,98
2022-02-07,609,"Bryant Pk (B,D,F,M)/5 Av (7)",40.754223,-73.981964,439.0,0,98
2022-02-07,609,"Bryant Pk (B,D,F,M)/5 Av (7)",40.754223,-73.981964,439.0,0,105
2022-02-07,609,"Bryant Pk (B,D,F,M)/5 Av (7)",40.754223,-73.981964,439.0,0,98
2022-02-08,609,"Bryant Pk (B,D,F,M)/5 Av (7)",40.754223,-73.984566,3.0,0,98
2022-02-08,609,"Bryant Pk (B,D,F,M)/5 Av (7)",40.754223,-73.984566,3.0,0,105
2022-02-08,609,"Bryant Pk (B,D,F,M)/5 Av (7)",40.754223,-73.984566,3.0,0,98
2022-02-08,609,"Bryant Pk (B,D,F,M)/5 Av (7)",40.754223,-73.981964,720.0,0,98
2022-02-08,609,"Bryant Pk (B,D,F,M)/5 Av (7)",40.754223,-73.981964,720.0,0,105
2022-02-08,609,"Bryant Pk (B,D,F,M)/5 Av (7)",40.754223,-73.981964,720.0,0,98
2022-02-09,609,"Bryant Pk (B,D,F,M)/5 Av (7)",40.754223,-73.984566,20.0,0,98
2022-02-09,609,"Bryant Pk (B,D,F,M)/5 Av (7)",40.754223,-73.984566,20.0,0,105
2022-02-09,609,"Bryant Pk (B,D,F,M)/5 Av (7)",40.754223,-73.984566,20.0,0,98
2022-02-09,609,"Bryant Pk (B,D,F,M)/5 Av (7)",40.754223,-73.981964,632.0,0,98
2022-02-09,609,"Bryant Pk (B,D,F,M)/5 Av (7)",40.754223,-73.981964,632.0,0,105
2022-02-09,609,"Bryant Pk (B,D,F,M)/5 Av (7)",40.754223,-73.981964,632.0,0,98
2022-02-10,609,"Bryant Pk (B,D,F,M)/5 Av (7)",40.754223,-73.981964,185.0,0,98
2022-02-10,609,"Bryant Pk (B,D,F,M)/5 Av (7)",40.754223,-73.981964,185.0,0,105
2022-02-10,609,"Bryant Pk (B,D,F,M)/5 Av (7)",40.754223,-73.981964,185.0,0,98
2022-02-18,609,"Bryant Pk (B,D,F,M)/5 Av (7)",40.754223,-73.984566,13.0,0,98
2022-02-18,609,"Bryant Pk (B,D,F,M)/5 Av (7)",40.754223,-73.984566,13.0,0,105
2022-02-18,609,"Bryant Pk (B,D,F,M)/5 Av (7)",40.754223,-73.984566,13.0,0,98
2022-02-18,609,"Bryant Pk (B,D,F,M)/5 Av (7)",40.754223,-73.981964,504.0,0,98
2022-02-18,609,"Bryant Pk (B,D,F,M)/5 Av (7)",40.754223,-73.981964,504.0,0,105
2022-02-18,609,"Bryant Pk (B,D,F,M)/5 Av (7)",40.754223,-73.981964,504.0,0,98
2022-03-02,609,"Bryant Pk (B,D,F,M)/5 Av (7)",40.754223,-73.984566,14.0,0,98
2022-03-02,609,"Bryant Pk (B,D,F,M)/5 Av (7)",40.754223,-73.984566,14.0,0,105
2022-03-02,609,"Bryant Pk (B,D,F,M)/5 Av (7)",40.754223,-73.984566,14.0,0,98
2022-03-02,609,"Bryant Pk (B,D,F,M)/5 Av (7)",40.754223,-73.981964,1139.0,0,98
2022-03-02,609,"Bryant Pk (B,D,F,M)/5 Av (7)",40.754223,-73.981964,1139.0,0,105
2022-03-02,609,"Bryant Pk (B,D,F,M)/5 Av (7)",40.754223,-73.981964,1139.0,0,98
2022-03-08,609,"Bryant Pk (B,D,F,M)/5 Av (7)",40.754223,-73.984566,18.0,0,98
2022-03-08,609,"Bryant Pk (B,D,F,M)/5 Av (7)",40.754223,-73.984566,18.0,0,105
2022-03-08,609,"Bryant Pk (B,D,F,M)/5 Av (7)",40.754223,-73.984566,18.0,0,98
2022-03-08,609,"Bryant Pk (B,D,F,M)/5 Av (7)",40.754223,-73.981964,982.0,0,98
2022-03-08,609,"Bryant Pk (B,D,F,M)/5 Av (7)",40.754223,-73.981964,982.0,0,105
2022-03-08,609,"Bryant Pk (B,D,F,M)/5 Av (7)",40.754223,-73.981964,982.0,0,98
2022-03-15,609,"Bryant Pk (B,D,F,M)/5 Av (7)",40.754223,-73.984566,10.0,0,98
2022-03-15,609,"Bryant Pk (B,D,F,M)/5 Av (7)",40.754223,-73.984566,10.0,0,105
2022-03-15,609,"Bryant Pk (B,D,F,M)/5 Av (7)",40.754223,-73.984566,10.0,0,98
2022-03-15,609,"Bryant Pk (B,D,F,M)/5 Av (7)",40.754223,-73.981964,1257.0,1,98
2022-03-15,609,"Bryant Pk (B,D,F,M)/5 Av (7)",40.754223,-73.981964,1257.0,1,105
2022-03-15,609,"Bryant Pk (B,D,F,M)/5 Av (7)",40.754223,-73.981964,1257.0,1,98
2022-03-29,609,"Bryant Pk (B,D,F,M)/5 Av (7)",40.754223,-73.984566,7.0,0,98
2022-03-29,609,"Bryant Pk (B,D,F,M)/5 Av (7)",40.754223,-73.984566,7.0,0,105
2022-03-29,609,"Bryant Pk (B,D,F,M)/5 Av (7)",40.754223,-73.984566,7.0,0,98
2022-03-29,609,"Bryant Pk (B,D,F,M)/5 Av (7)",40.754223,-73.981964,1269.0,1,98
2022-03-29,609,"Bryant Pk (B,D,F,M)/5 Av (7)",40.754223,-73.981964,1269.0,1,105
2022-03-29,609,"Bryant Pk (B,D,F,M)/5 Av (7)",40.754223,-73.981964,1269.0,1,98
2022-04-20,609,"Bryant Pk (B,D,F,M)/5 Av (7)",40.754223,-73.984566,8.0,0,98
2022-04-20,609,"Bryant Pk (B,D,F,M)/5 Av (7)",40.754223,-73.984566,8.0,0,105
2022-04-20,609,"Bryant Pk (B,D,F,M)/5 Av (7)",40.754223,-73.984566,8.0,0,98
2022-04-20,609,"Bryant Pk (B,D,F,M)/5 Av (7)",40.754223,-73.981964,23.0,0,98
2022-04-20,609,"Bryant Pk (B,D,F,M)/5 Av (7)",40.754223,-73.981964,23.0,0,105
2022-04-20,609,"Bryant Pk (B,D,F,M)/5 Av (7)",40.754223,-73.981964,23.0,0,98
2022-04-27,609,"Bryant Pk (B,D,F,M)/5 Av (7)",40.754223,-73.984566,22.0,0,98
2022-04-27,609,"Bryant Pk (B,D,F,M)/5 Av (7)",40.754223,-73.984566,22.0,0,105
2022-04-27,609,"Bryant Pk (B,D,F,M)/5 Av (7)",40.754223,-73.984566,22.0,0,98
2022-04-27,609,"Bryant Pk (B,D,F,M)/5 Av (7)",40.754223,-73.981964,1087.0,0,98
2022-04-27,609,"Bryant Pk (B,D,F,M)/5 Av (7)",40.754223,-73.981964,1087.0,0,105
2022-04-27,609,"Bryant Pk (B,D,F,M)/5 Av (7)",40.754223,-73.981964,1087.0,0,98
2022-05-31,609,"Bryant Pk (B,D,F,M)/5 Av (7)",40.754223,-73.981964,442.0,0,98
2022-05-31,609,"Bryant Pk (B,D,F,M)/5 Av (7)",40.754223,-73.981964,442.0,0,105
2022-05-31,609,"Bryant Pk (B,D,F,M)/5 Av (7)",40.754223,-73.981964,442.0,0,98
2022-06-01,609,"Bryant Pk (B,D,F,M)/5 Av (7)",40.754223,-73.984566,18.0,0,98
2022-06-01,609,"Bryant Pk (B,D,F,M)/5 Av (7)",40.754223,-73.984566,18.0,0,105
2022-06-01,609,"Bryant Pk (B,D,F,M)/5 Av (7)",40.754223,-73.984566,18.0,0,98
2022-06-01,609,"Bryant Pk (B,D,F,M)/5 Av (7)",40.754223,-73.981964,1378.0,1,98
2022-06-01,609,"Bryant Pk (B,D,F,M)/5 Av (7)",40.754223,-73.981964,1378.0,1,105
2022-06-01,609,"Bryant Pk (B,D,F,M)/5 Av (7)",40.754223,-73.981964,1378.0,1,98
2022-07-18,609,"Bryant Pk (B,D,F,M)/5 Av (7)",40.754223,-73.984566,2.0,0,98
2022-07-18,609,"Bryant Pk (B,D,F,M)/5 Av (7)",40.754223,-73.984566,2.0,0,105
2022-07-18,609,"Bryant Pk (B,D,F,M)/5 Av (7)",40.754223,-73.984566,2.0,0,98
2022-07-18,609,"Bryant Pk (B,D,F,M)/5 Av (7)",40.754223,-73.981964,954.0,0,98
2022-07-18,609,"Bryant Pk (B,D,F,M)/5 Av (7)",40.754223,-73.981964,954.0,0,105
2022-07-18,609,"Bryant Pk (B,D,F,M)/5 Av (7)",40.754223,-73.981964,954.0,0,98
2022-08-05,609,"Bryant Pk (B,D,F,M)/5 Av (7)",40.754223,-73.984566,6.0,0,98
2022-08-05,609,"Bryant Pk (B,D,F,M)/5 Av (7)",40.754223,-73.984566,6.0,0,105
2022-08-05,609,"Bryant Pk (B,D,F,M)/5 Av (7)",40.754223,-73.984566,6.0,0,98
2022-08-05,609,"Bryant Pk (B,D,F,M)/5 Av (7)",40.754223,-73.981964,567.0,0,98
2022-08-05,609,"Bryant Pk (B,D,F,M)/5 Av (7)",40.754223,-73.981964,567.0,0,105
2022-08-05,609,"Bryant Pk (B,D,F,M)/5 Av (7)",40.754223,-73.981964,567.0,0,98
2022-08-08,609,"Bryant Pk (B,D,F,M)/5 Av (7)",40.754223,-73.981964,358.0,0,98
2022-08-08,609,"Bryant Pk (B,D,F,M)/5 Av (7)",40.754223,-73.981964,358.0,0,105
2022-08-08,609,"Bryant Pk (B,D,F,M)/5 Av (7)",40.754223,-73.981964,358.0,0,98
2022-08-09,609,"Bryant Pk (B,D,F,M)/5 Av (7)",40.754223,-73.984566,1.0,0,98
2022-08-09,609,"Bryant Pk (B,D,F,M)/5 Av (7)",40.754223,-73.984566,1.0,0,105
2022-08-09,609,"Bryant Pk (B,D,F,M)/5 Av (7)",40.754223,-73.984566,1.0,0,98
2022-08-09,609,"Bryant Pk (B,D,F,M)/5 Av (7)",40.754223,-73.981964,1275.0,1,98
2022-08-09,609,"Bryant Pk (B,D,F,M)/5 Av (7)",40.754223,-73.981964,1275.0,1,105
2022-08-09,609,"Bryant Pk (B,D,F,M)/5 Av (7)",40.754223,-73.981964,1275.0,1,98
2022-08-30,609,"Bryant Pk (B,D,F,M)/5 Av (7)",40.754223,-73.981964,178.0,0,98
2022-08-30,609,"Bryant Pk (B,D,F,M)/5 Av (7)",40.754223,-73.981964,178.0,0,105
2022-08-30,609,"Bryant Pk (B,D,F,M)/5 Av (7)",40.754223,-73.981964,178.0,0,98
2022-09-13,609,"Bryant Pk (B,D,F,M)/5 Av (7)",40.754223,-73.984566,8.0,0,98
2022-09-13,609,"Bryant Pk (B,D,F,M)/5 Av (7)",40.754223,-73.984566,8.0,0,105
2022-09-13,609,"Bryant Pk (B,D,F,M)/5 Av (7)",40.754223,-73.984566,8.0,0,98
2022-09-13,609,"Bryant Pk (B,D,F,M)/5 Av (7)",40.754223,-73.981964,1043.0,0,98
2022-09-13,609,"Bryant Pk (B,D,F,M)/5 Av (7)",40.754223,-73.981964,1043.0,0,105
2022-09-13,609,"Bryant Pk (B,D,F,M)/5 Av (7)",40.754223,-73.981964,1043.0,0,98
2023-05-11,609,"Bryant Pk (B,D,F,M)/5 Av (7)",40.754223,-73.984566,4.0,0,98
2023-05-11,609,"Bryant Pk (B,D,F,M)/5 Av (7)",40.754223,-73.984566,4.0,0,105
2023-05-11,609,"Bryant Pk (B,D,F,M)/5 Av (7)",40.754223,-73.984566,4.0,0,98
2023-05-11,609,"Bryant Pk (B,D,F,M)/5 Av (7)",40.754223,-73.981964,57.0,0,98
2023-05-11,609,"Bryant Pk (B,D,F,M)/5 Av (7)",40.754223,-73.981964,57.0,0,105
2023-05-11,609,"Bryant Pk (B,D,F,M)/5 Av (7)",40.754223,-73.981964,57.0,0,98
2023-06-14,609,"Bryant Pk (B,D,F,M)/5 Av (7)",40.754223,-73.981964,1274.0,1,98
2023-06-14,609,"Bryant Pk (B,D,F,M)/5 Av (7)",40.754223,-73.981964,1274.0,1,105
2023-06-14,609,"Bryant Pk (B,D,F,M)/5 Av (7)",40.754223,-73.981964,1274.0,1,98
2023-09-27,609,"Bryant Pk (B,D,F,M)/5 Av (7)",40.754223,-73.981964,277.0,0,98
2023-09-27,609,"Bryant Pk (B,D,F,M)/5 Av (7)",40.754223,-73.981964,277.0,0,105
2023-09-27,609,"Bryant Pk (B,D,F,M)/5 Av (7)",40.754223,-73.981964,277.0,0,98
2023-10-04,609,"Bryant Pk (B,D,F,M)/5 Av (7)",40.754223,-73.984566,11.0,0,98
2023-10-04,609,"Bryant Pk (B,D,F,M)/5 Av (7)",40.754223,-73.984566,11.0,0,105
2023-10-04,609,"Bryant Pk (B,D,F,M)/5 Av (7)",40.754223,-73.984566,11.0,0,98
2023-10-17,609,"Bryant Pk (B,D,F,M)/5 Av (7)",40.754223,-73.981964,1339.0,1,98
2023-10-17,609,"Bryant Pk (B,D,F,M)/5 Av (7)",40.754223,-73.981964,1339.0,1,105
2023-10-17,609,"Bryant Pk (B,D,F,M)/5 Av (7)",40.754223,-73.981964,1339.0,1,98
2023-11-02,609,"Bryant Pk (B,D,F,M)/5 Av (7)",40.754223,-73.984566,1.0,0,98
2023-11-02,609,"Bryant Pk (B,D,F,M)/5 Av (7)",40.754223,-73.984566,1.0,0,105
2023-11-02,609,"Bryant Pk (B,D,F,M)/5 Av (7)",40.754223,-73.984566,1.0,0,98
2023-11-02,609,"Bryant Pk (B,D,F,M)/5 Av (7)",40.754223,-73.981964,653.0,0,98
2023-11-02,609,"Bryant Pk (B,D,F,M)/5 Av (7)",40.754223,-73.981964,653.0,0,105
2023-11-02,609,"Bryant Pk (B,D,F,M)/5 Av (7)",40.754223,-73.981964,653.0,0,98
2023-11-03,609,"Bryant Pk (B,D,F,M)/5 Av (7)",40.754223,-73.984566,1.0,0,98
2023-11-03,609,"Bryant Pk (B,D,F,M)/5 Av (7)",40.754223,-73.984566,1.0,0,105
2023-11-03,609,"Bryant Pk (B,D,F,M)/5 Av (7)",40.754223,-73.984566,1.0,0,98
2023-11-03,609,"Bryant Pk (B,D,F,M)/5 Av (7)",40.754223,-73.981964,323.0,0,98
2023-11-03,609,"Bryant Pk (B,D,F,M)/5 Av (7)",40.754223,-73.981964,323.0,0,105
2023-11-03,609,"Bryant Pk (B,D,F,M)/5 Av (7)",40.754223,-73.981964,323.0,0,98
2023-11-08,609,"Bryant Pk (B,D,F,M)/5 Av (7)",40.754223,-73.984566,1.0,0,98
2023-11-08,609,"Bryant Pk (B,D,F,M)/5 Av (7)",40.754223,-73.984566,1.0,0,105
2023-11-08,609,"Bryant Pk (B,D,F,M)/5 Av (7)",40.754223,-73.984566,1.0,0,98
2023-11-08,609,"Bryant Pk (B,D,F,M)/5 Av (7)",40.754223,-73.981964,1507.0,1,98
2023-11-08,609,"Bryant Pk (B,D,F,M)/5 Av (7)",40.754223,-73.981964,1507.0,1,105
2023-11-08,609,"Bryant Pk (B,D,F,M)/5 Av (7)",40.754223,-73.981964,1507.0,1,98
2023-11-17,609,"Bryant Pk (B,D,F,M)/5 Av (7)",40.754223,-73.981964,46.0,0,98
2023-11-17,609,"Bryant Pk (B,D,F,M)/5 Av (7)",40.754223,-73.981964,46.0,0,105
2023-11-17,609,"Bryant Pk (B,D,F,M)/5 Av (7)",40.754223,-73.981964,46.0,0,98
2023-11-23,609,"Bryant Pk (B,D,F,M)/5 Av (7)",40.754223,-73.981964,40.0,0,98
2023-11-23,609,"Bryant Pk (B,D,F,M)/5 Av (7)",40.754223,-73.981964,40.0,0,105
2023-11-23,609,"Bryant Pk (B,D,F,M)/5 Av (7)",40.754223,-73.981964,40.0,0,98
2024-01-15,609,"Bryant Pk (B,D,F,M)/5 Av (7)",40.754223,-73.984566,27.0,0,98
2024-01-15,609,"Bryant Pk (B,D,F,M)/5 Av (7)",40.754223,-73.984566,27.0,0,105
2024-01-15,609,"Bryant Pk (B,D,F,M)/5 Av (7)",40.754223,-73.984566,27.0,0,98
2024-01-15,609,"Bryant Pk (B,D,F,M)/5 Av (7)",40.754223,-73.981964,616.0,0,98
2024-01-15,609,"Bryant Pk (B,D,F,M)/5 Av (7)",40.754223,-73.981964,616.0,0,105
2024-01-15,609,"Bryant Pk (B,D,F,M)/5 Av (7)",40.754223,-73.981964,616.0,0,98
2024-02-29,609,"Bryant Pk (B,D,F,M)/5 Av (7)",40.754223,-73.984566,2.0,0,98
2024-02-29,609,"Bryant Pk (B,D,F,M)/5 Av (7)",40.754223,-73.984566,2.0,0,105
2024-02-29,609,"Bryant Pk (B,D,F,M)/5 Av (7)",40.754223,-73.984566,2.0,0,98
2024-02-29,609,"Bryant Pk (B,D,F,M)/5 Av (7)",40.754223,-73.981964,704.0,0,98
2024-02-29,609,"Bryant Pk (B,D,F,M)/5 Av (7)",40.754223,-73.981964,704.0,0,105
2024-02-29,609,"Bryant Pk (B,D,F,M)/5 Av (7)",40.754223,-73.981964,704.0,0,98
2024-03-05,609,"Bryant Pk (B,D,F,M)/5 Av (7)",40.753822,-73.981964,1.0,0,98
2024-03-05,609,"Bryant Pk (B,D,F,M)/5 Av (7)",40.753822,-73.981964,1.0,0,105
2024-03-05,609,"Bryant Pk (B,D,F,M)/5 Av (7)",40.753822,-73.981964,1.0,0,98
2024-03-05,609,"Bryant Pk (B,D,F,M)/5 Av (7)",40.754223,-73.984566,7.0,0,98
2024-03-05,609,"Bryant Pk (B,D,F,M)/5 Av (7)",40.754223,-73.984566,7.0,0,105
2024-03-05,609,"Bryant Pk (B,D,F,M)/5 Av (7)",40.754223,-73.984566,7.0,0,98
2024-03-05,609,"Bryant Pk (B,D,F,M)/5 Av (7)",40.754223,-73.981964,1458.0,1,98
2024-03-05,609,"Bryant Pk (B,D,F,M)/5 Av (7)",40.754223,-73.981964,1458.0,1,105
2024-03-05,609,"Bryant Pk (B,D,F,M)/5 Av (7)",40.754223,-73.981964,1458.0,1,98
2024-04-05,609,"Bryant Pk (B,D,F,M)/5 Av (7)",40.754223,-73.981964,877.0,0,98
2024-04-05,609,"Bryant Pk (B,D,F,M)/5 Av (7)",40.754223,-73.981964,877.0,0,105
2024-04-05,609,"Bryant Pk (B,D,F,M)/5 Av (7)",40.754223,-73.981964,877.0,0,98
2024-04-16,609,"Bryant Pk (B,D,F,M)/5 Av (7)",40.754223,-73.981964,225.0,0,98
2024-04-16,609,"Bryant Pk (B,D,F,M)/5 Av (7)",40.754223,-73.981964,225.0,0,105
2024-04-16,609,"Bryant Pk (B,D,F,M)/5 Av (7)",40.754223,-73.981964,225.0,0,98
2024-05-03,609,"Bryant Pk (B,D,F,M)/5 Av (7)",40.754223,-73.984566,9.0,0,98
2024-05-03,609,"Bryant Pk (B,D,F,M)/5 Av (7)",40.754223,-73.984566,9.0,0,105
2024-05-03,609,"Bryant Pk (B,D,F,M)/5 Av (7)",40.754223,-73.984566,9.0,0,98
2024-05-03,609,"Bryant Pk (B,D,F,M)/5 Av (7)",40.754223,-73.981964,614.0,0,98
2024-05-03,609,"Bryant Pk (B,D,F,M)/5 Av (7)",40.754223,-73.981964,614.0,0,105
2024-05-03,609,"Bryant Pk (B,D,F,M)/5 Av (7)",40.754223,-73.981964,614.0,0,98
2024-05-07,609,"Bryant Pk (B,D,F,M)/5 Av (7)",40.754223,-73.981964,2066.0,1,98
2024-05-07,609,"Bryant Pk (B,D,F,M)/5 Av (7)",40.754223,-73.981964,2066.0,1,105
2024-05-07,609,"Bryant Pk (B,D,F,M)/5 Av (7)",40.754223,-73.981964,2066.0,1,98
2024-05-17,609,"Bryant Pk (B,D,F,M)/5 Av (7)",40.754223,-73.981964,56.0,0,98
2024-05-17,609,"Bryant Pk (B,D,F,M)/5 Av (7)",40.754223,-73.981964,56.0,0,105
2024-05-17,609,"Bryant Pk (B,D,F,M)/5 Av (7)",40.754223,-73.981964,56.0,0,98
2024-05-24,609,"Bryant Pk (B,D,F,M)/5 Av (7)",40.753822,-73.981964,1.0,0,98
2024-05-24,609,"Bryant Pk (B,D,F,M)/5 Av (7)",40.753822,-73.981964,1.0,0,105
2024-05-24,609,"Bryant Pk (B,D,F,M)/5 Av (7)",40.753822,-73.981964,1.0,0,98
2024-05-24,609,"Bryant Pk (B,D,F,M)/5 Av (7)",40.754223,-73.984566,4.0,0,98
2024-05-24,609,"Bryant Pk (B,D,F,M)/5 Av (7)",40.754223,-73.984566,4.0,0,105
2024-05-24,609,"Bryant Pk (B,D,F,M)/5 Av (7)",40.754223,-73.984566,4.0,0,98
2024-05-24,609,"Bryant Pk (B,D,F,M)/5 Av (7)",40.754223,-73.981964,1783.0,1,98
2024-05-24,609,"Bryant Pk (B,D,F,M)/5 Av (7)",40.754223,-73.981964,1783.0,1,105
2024-05-24,609,"Bryant Pk (B,D,F,M)/5 Av (7)",40.754223,-73.981964,1783.0,1,98
2024-05-31,609,"Bryant Pk (B,D,F,M)/5 Av (7)",40.753822,-73.981964,1.0,0,98
2024-05-31,609,"Bryant Pk (B,D,F,M)/5 Av (7)",40.753822,-73.981964,1.0,0,105
2024-05-31,609,"Bryant Pk (B,D,F,M)/5 Av (7)",40.753822,-73.981964,1.0,0,98
2024-05-31,609,"Bryant Pk (B,D,F,M)/5 Av (7)",40.754223,-73.984566,8.0,0,98
2024-05-31,609,"Bryant Pk (B,D,F,M)/5 Av (7)",40.754223,-73.984566,8.0,0,105
2024-05-31,609,"Bryant Pk (B,D,F,M)/5 Av (7)",40.754223,-73.984566,8.0,0,98
2024-05-31,609,"Bryant Pk (B,D,F,M)/5 Av (7)",40.754223,-73.981964,1139.0,0,98
2024-05-31,609,"Bryant Pk (B,D,F,M)/5 Av (7)",40.754223,-73.981964,1139.0,0,105
2024-05-31,609,"Bryant Pk (B,D,F,M)/5 Av (7)",40.754223,-73.981964,1139.0,0,98
2024-06-03,609,"Bryant Pk (B,D,F,M)/5 Av (7)",40.753822,-73.981964,3.0,0,98
2024-06-03,609,"Bryant Pk (B,D,F,M)/5 Av (7)",40.753822,-73.981964,3.0,0,105
2024-06-03,609,"Bryant Pk (B,D,F,M)/5 Av (7)",40.753822,-73.981964,3.0,0,98
2024-06-03,609,"Bryant Pk (B,D,F,M)/5 Av (7)",40.754223,-73.984566,3.0,0,98
2024-06-03,609,"Bryant Pk (B,D,F,M)/5 Av (7)",40.754223,-73.984566,3.0,0,105
2024-06-03,609,"Bryant Pk (B,D,F,M)/5 Av (7)",40.754223,-73.984566,3.0,0,98
2024-06-03,609,"Bryant Pk (B,D,F,M)/5 Av (7)",40.754223,-73.981964,1783.0,1,98
2024-06-03,609,"Bryant Pk (B,D,F,M)/5 Av (7)",40.754223,-73.981964,1783.0,1,105
2024-06-03,609,"Bryant Pk (B,D,F,M)/5 Av (7)",40.754223,-73.981964,1783.0,1,98
2024-06-13,609,"Bryant Pk (B,D,F,M)/5 Av (7)",40.754223,-73.984566,16.0,0,98
2024-06-13,609,"Bryant Pk (B,D,F,M)/5 Av (7)",40.754223,-73.984566,16.0,0,105
2024-06-13,609,"Bryant Pk (B,D,F,M)/5 Av (7)",40.754223,-73.984566,16.0,0,98
2024-06-13,609,"Bryant Pk (B,D,F,M)/5 Av (7)",40.754223,-73.981964,631.0,0,98
2024-06-13,609,"Bryant Pk (B,D,F,M)/5 Av (7)",40.754223,-73.981964,631.0,0,105
2024-06-13,609,"Bryant Pk (B,D,F,M)/5 Av (7)",40.754223,-73.981964,631.0,0,98
2024-06-18,609,"Bryant Pk (B,D,F,M)/5 Av (7)",40.754223,-73.981964,296.0,0,98
2024-06-18,609,"Bryant Pk (B,D,F,M)/5 Av (7)",40.754223,-73.981964,296.0,0,105
2024-06-18,609,"Bryant Pk (B,D,F,M)/5 Av (7)",40.754223,-73.981964,296.0,0,98
2024-06-20,609,"Bryant Pk (B,D,F,M)/5 Av (7)",40.754223,-73.984566,2.0,0,98
2024-06-20,609,"Bryant Pk (B,D,F,M)/5 Av (7)",40.754223,-73.984566,2.0,0,105
2024-06-20,609,"Bryant Pk (B,D,F,M)/5 Av (7)",40.754223,-73.984566,2.0,0,98
2024-06-20,609,"Bryant Pk (B,D,F,M)/5 Av (7)",40.754223,-73.981964,169.0,0,98
2024-06-20,609,"Bryant Pk (B,D,F,M)/5 Av (7)",40.754223,-73.981964,169.0,0,105
2024-06-20,609,"Bryant Pk (B,D,F,M)/5 Av (7)",40.754223,-73.981964,169.0,0,98
2024-06-21,609,"Bryant Pk (B,D,F,M)/5 Av (7)",40.753822,-73.981964,1.0,0,98
2024-06-21,609,"Bryant Pk (B,D,F,M)/5 Av (7)",40.753822,-73.981964,1.0,0,105
2024-06-21,609,"Bryant Pk (B,D,F,M)/5 Av (7)",40.753822,-73.981964,1.0,0,98
2024-06-21,609,"Bryant Pk (B,D,F,M)/5 Av (7)",40.754223,-73.984566,32.0,0,98
2024-06-21,609,"Bryant Pk (B,D,F,M)/5 Av (7)",40.754223,-73.984566,32.0,0,105
2024-06-21,609,"Bryant Pk (B,D,F,M)/5 Av (7)",40.754223,-73.984566,32.0,0,98
2024-06-21,609,"Bryant Pk (B,D,F,M)/5 Av (7)",40.754223,-73.981964,1469.0,1,98
2024-06-21,609,"Bryant Pk (B,D,F,M)/5 Av (7)",40.754223,-73.981964,1469.0,1,105
2024-06-21,609,"Bryant Pk (B,D,F,M)/5 Av (7)",40.754223,-73.981964,1469.0,1,98
2024-06-28,609,"Bryant Pk (B,D,F,M)/5 Av (7)",40.754223,-73.984566,22.0,0,98
2024-06-28,609,"Bryant Pk (B,D,F,M)/5 Av (7)",40.754223,-73.984566,22.0,0,105
2024-06-28,609,"Bryant Pk (B,D,F,M)/5 Av (7)",40.754223,-73.984566,22.0,0,98
2024-06-28,609,"Bryant Pk (B,D,F,M)/5 Av (7)",40.754223,-73.981964,901.0,0,98
2024-06-28,609,"Bryant Pk (B,D,F,M)/5 Av (7)",40.754223,-73.981964,901.0,0,105
2024-06-28,609,"Bryant Pk (B,D,F,M)/5 Av (7)",40.754223,-73.981964,901.0,0,98
2024-08-28,609,"Bryant Pk (B,D,F,M)/5 Av (7)",40.753822,-73.981964,1.0,0,98
2024-08-28,609,"Bryant Pk (B,D,F,M)/5 Av (7)",40.753822,-73.981964,1.0,0,105
2024-08-28,609,"Bryant Pk (B,D,F,M)/5 Av (7)",40.753822,-73.981964,1.0,0,98
2024-08-28,609,"Bryant Pk (B,D,F,M)/5 Av (7)",40.754223,-73.984566,1.0,0,98
2024-08-28,609,"Bryant Pk (B,D,F,M)/5 Av (7)",40.754223,-73.984566,1.0,0,105
2024-08-28,609,"Bryant Pk (B,D,F,M)/5 Av (7)",40.754223,-73.984566,1.0,0,98
2024-08-28,609,"Bryant Pk (B,D,F,M)/5 Av (7)",40.754223,-73.981964,2064.0,1,98
2024-08-28,609,"Bryant Pk (B,D,F,M)/5 Av (7)",40.754223,-73.981964,2064.0,1,105
2024-08-28,609,"Bryant Pk (B,D,F,M)/5 Av (7)",40.754223,-73.981964,2064.0,1,98
2024-09-04,609,"Bryant Pk (B,D,F,M)/5 Av (7)",40.753822,-73.981964,1.0,0,98
2024-09-04,609,"Bryant Pk (B,D,F,M)/5 Av (7)",40.753822,-73.981964,1.0,0,105
2024-09-04,609,"Bryant Pk (B,D,F,M)/5 Av (7)",40.753822,-73.981964,1.0,0,98
2024-09-04,609,"Bryant Pk (B,D,F,M)/5 Av (7)",40.754223,-73.984566,4.0,0,98
2024-09-04,609,"Bryant Pk (B,D,F,M)/5 Av (7)",40.754223,-73.984566,4.0,0,105
2024-09-04,609,"Bryant Pk (B,D,F,M)/5 Av (7)",40.754223,-73.984566,4.0,0,98
2024-09-04,609,"Bryant Pk (B,D,F,M)/5 Av (7)",40.754223,-73.981964,2442.0,1,98
2024-09-04,609,"Bryant Pk (B,D,F,M)/5 Av (7)",40.754223,-73.981964,2442.0,1,105
2024-09-04,609,"Bryant Pk (B,D,F,M)/5 Av (7)",40.754223,-73.981964,2442.0,1,98
2024-09-05,609,"Bryant Pk (B,D,F,M)/5 Av (7)",40.754223,-73.984566,8.0,0,98
2024-09-05,609,"Bryant Pk (B,D,F,M)/5 Av (7)",40.754223,-73.984566,8.0,0,105
2024-09-05,609,"Bryant Pk (B,D,F,M)/5 Av (7)",40.754223,-73.984566,8.0,0,98
2024-09-05,609,"Bryant Pk (B,D,F,M)/5 Av (7)",40.754223,-73.981964,1995.0,1,98
2024-09-05,609,"Bryant Pk (B,D,F,M)/5 Av (7)",40.754223,-73.981964,1995.0,1,105
2024-09-05,609,"Bryant Pk (B,D,F,M)/5 Av (7)",40.754223,-73.981964,1995.0,1,98
2024-09-13,609,"Bryant Pk (B,D,F,M)/5 Av (7)",40.753822,-73.981964,2.0,0,98
2024-09-13,609,"Bryant Pk (B,D,F,M)/5 Av (7)",40.753822,-73.981964,2.0,0,105
2024-09-13,609,"Bryant Pk (B,D,F,M)/5 Av (7)",40.753822,-73.981964,2.0,0,98
2024-09-13,609,"Bryant Pk (B,D,F,M)/5 Av (7)",40.754223,-73.984566,7.0,0,98
2024-09-13,609,"Bryant Pk (B,D,F,M)/5 Av (7)",40.754223,-73.984566,7.0,0,105
2024-09-13,609,"Bryant Pk (B,D,F,M)/5 Av (7)",40.754223,-73.984566,7.0,0,98
2024-09-13,609,"Bryant Pk (B,D,F,M)/5 Av (7)",40.754223,-73.981964,1426.0,1,98
2024-09-13,609,"Bryant Pk (B,D,F,M)/5 Av (7)",40.754223,-73.981964,1426.0,1,105
2024-09-13,609,"Bryant Pk (B,D,F,M)/5 Av (7)",40.754223,-73.981964,1426.0,1,98
2024-09-28,609,"Bryant Pk (B,D,F,M)/5 Av (7)",40.754223,-73.984566,33.0,0,98
2024-09-28,609,"Bryant Pk (B,D,F,M)/5 Av (7)",40.754223,-73.984566,33.0,0,105
2024-09-28,609,"Bryant Pk (B,D,F,M)/5 Av (7)",40.754223,-73.984566,33.0,0,98
2024-09-28,609,"Bryant Pk (B,D,F,M)/5 Av (7)",40.754223,-73.981964,1261.0,1,98
2024-09-28,609,"Bryant Pk (B,D,F,M)/5 Av (7)",40.754223,-73.981964,1261.0,1,105
2024-09-28,609,"Bryant Pk (B,D,F,M)/5 Av (7)",40.754223,-73.981964,1261.0,1,98
2024-11-21,609,"Bryant Pk (B,D,F,M)/5 Av (7)",40.754223,-73.984566,5.0,0,98
2024-11-21,609,"Bryant Pk (B,D,F,M)/5 Av (7)",40.754223,-73.984566,5.0,0,105
2024-11-21,609,"Bryant Pk (B,D,F,M)/5 Av (7)",40.754223,-73.984566,5.0,0,98
2024-11-21,609,"Bryant Pk (B,D,F,M)/5 Av (7)",40.754223,-73.981964,76.0,0,98
2024-11-21,609,"Bryant Pk (B,D,F,M)/5 Av (7)",40.754223,-73.981964,76.0,0,105
2024-11-21,609,"Bryant Pk (B,D,F,M)/5 Av (7)",40.754223,-73.981964,76.0,0,98
2024-11-22,609,"Bryant Pk (B,D,F,M)/5 Av (7)",40.754223,-73.984566,9.0,0,98
2024-11-22,609,"Bryant Pk (B,D,F,M)/5 Av (7)",40.754223,-73.984566,9.0,0,105
2024-11-22,609,"Bryant Pk (B,D,F,M)/5 Av (7)",40.754223,-73.984566,9.0,0,98
2024-11-22,609,"Bryant Pk (B,D,F,M)/5 Av (7)",40.754223,-73.981964,911.0,0,98
2024-11-22,609,"Bryant Pk (B,D,F,M)/5 Av (7)",40.754223,-73.981964,911.0,0,105
2024-11-22,609,"Bryant Pk (B,D,F,M)/5 Av (7)",40.754223,-73.981964,911.0,0,98
2024-12-03,609,"Bryant Pk (B,D,F,M)/5 Av (7)",40.754223,-73.981964,1495.0,1,98
2024-12-03,609,"Bryant Pk (B,D,F,M)/5 Av (7)",40.754223,-73.981964,1495.0,1,105
2024-12-03,609,"Bryant Pk (B,D,F,M)/5 Av (7)",40.754223,-73.981964,1495.0,1,98
2024-12-13,609,"Bryant Pk (B,D,F,M)/5 Av (7)",40.753822,-73.981964,1.0,0,98
2024-12-13,609,"Bryant Pk (B,D,F,M)/5 Av (7)",40.753822,-73.981964,1.0,0,105
2024-12-13,609,"Bryant Pk (B,D,F,M)/5 Av (7)",40.753822,-73.981964,1.0,0,98
2024-12-13,609,"Bryant Pk (B,D,F,M)/5 Av (7)",40.754223,-73.984566,1.0,0,98
2024-12-13,609,"Bryant Pk (B,D,F,M)/5 Av (7)",40.754223,-73.984566,1.0,0,105
2024-12-13,609,"Bryant Pk (B,D,F,M)/5 Av (7)",40.754223,-73.984566,1.0,0,98
2024-12-13,609,"Bryant Pk (B,D,F,M)/5 Av (7)",40.754223,-73.981964,786.0,0,98
2024-12-13,609,"Bryant Pk (B,D,F,M)/5 Av (7)",40.754223,-73.981964,786.0,0,105
2024-12-13,609,"Bryant Pk (B,D,F,M)/5 Av (7)",40.754223,-73.981964,786.0,0,98
2024-12-26,609,"Bryant Pk (B,D,F,M)/5 Av (7)",40.754223,-73.984566,12.0,0,98
2024-12-26,609,"Bryant Pk (B,D,F,M)/5 Av (7)",40.754223,-73.984566,12.0,0,105
2024-12-26,609,"Bryant Pk (B,D,F,M)/5 Av (7)",40.754223,-73.984566,12.0,0,98
2024-12-26,609,"Bryant Pk (B,D,F,M)/5 Av (7)",40.754223,-73.981964,536.0,0,98
2024-12-26,609,"Bryant Pk (B,D,F,M)/5 Av (7)",40.754223,-73.981964,536.0,0,105
2024-12-26,609,"Bryant Pk (B,D,F,M)/5 Av (7)",40.754223,-73.981964,536.0,0,98
2024-12-31,609,"Bryant Pk (B,D,F,M)/5 Av (7)",40.754223,-73.984566,22.0,0,98
2024-12-31,609,"Bryant Pk (B,D,F,M)/5 Av (7)",40.754223,-73.984566,22.0,0,105
2024-12-31,609,"Bryant Pk (B,D,F,M)/5 Av (7)",40.754223,-73.984566,22.0,0,98
2024-12-31,609,"Bryant Pk (B,D,F,M)/5 Av (7)",40.754223,-73.981964,1914.0,1,98
2024-12-31,609,"Bryant Pk (B,D,F,M)/5 Av (7)",40.754223,-73.981964,1914.0,1,105
2024-12-31,609,"Bryant Pk (B,D,F,M)/5 Av (7)",40.754223,-73.981964,1914.0,1,98
2021-05-21,610,"Grand Central-42 St (S,4,5,6,7)",40.751778,-73.976845,811.0,0,72
2021-05-26,610,"Grand Central-42 St (S,4,5,6,7)",40.751778,-73.976845,4368.0,1,72
2021-06-10,610,"Grand Central-42 St (S,4,5,6,7)",40.751778,-73.976845,323.0,0,72
2021-06-21,610,"Grand Central-42 St (S,4,5,6,7)",40.751778,-73.976845,6162.0,1,72
2021-06-30,610,"Grand Central-42 St (S,4,5,6,7)",40.751778,-73.976845,7275.0,1,72
2021-08-25,610,"Grand Central-42 St (S,4,5,6,7)",40.751778,-73.976845,853.0,0,72
2021-10-15,610,"Grand Central-42 St (S,4,5,6,7)",40.751778,-73.976845,88.0,0,72
2021-10-26,610,"Grand Central-42 St (S,4,5,6,7)",40.751778,-73.976845,9425.0,1,72
2021-11-17,610,"Grand Central-42 St (S,4,5,6,7)",40.751778,-73.976845,2616.0,1,72
2021-11-18,610,"Grand Central-42 St (S,4,5,6,7)",40.751778,-73.976845,12814.0,1,72
2021-12-02,610,"Grand Central-42 St (S,4,5,6,7)",40.751778,-73.976845,1801.0,1,72
2021-12-16,610,"Grand Central-42 St (S,4,5,6,7)",40.751778,-73.976845,1451.0,1,72
2021-12-22,610,"Grand Central-42 St (S,4,5,6,7)",40.751778,-73.976845,936.0,0,72
2022-01-04,610,"Grand Central-42 St (S,4,5,6,7)",40.751778,-73.976845,3041.0,1,72
2022-01-26,610,"Grand Central-42 St (S,4,5,6,7)",40.751778,-73.976845,6843.0,1,72
2022-02-07,610,"Grand Central-42 St (S,4,5,6,7)",40.751778,-73.976845,4958.0,1,72
2022-02-08,610,"Grand Central-42 St (S,4,5,6,7)",40.751778,-73.976845,7021.0,1,72
2022-02-09,610,"Grand Central-42 St (S,4,5,6,7)",40.751778,-73.976845,2162.0,1,72
2022-02-10,610,"Grand Central-42 St (S,4,5,6,7)",40.751778,-73.976845,3098.0,1,72
2022-02-18,610,"Grand Central-42 St (S,4,5,6,7)",40.751778,-73.976845,7987.0,1,72
2022-03-02,610,"Grand Central-42 St (S,4,5,6,7)",40.751778,-73.976845,12181.0,1,72
2022-03-08,610,"Grand Central-42 St (S,4,5,6,7)",40.751778,-73.976845,10165.0,1,72
2022-03-15,610,"Grand Central-42 St (S,4,5,6,7)",40.751778,-73.976845,10638.0,1,72
2022-03-29,610,"Grand Central-42 St (S,4,5,6,7)",40.751778,-73.976845,8627.0,1,72
2022-04-07,610,"Grand Central-42 St (S,4,5,6,7)",40.751778,-73.976845,2676.0,1,72
2022-04-21,610,"Grand Central-42 St (S,4,5,6,7)",40.751778,-73.976845,416.0,0,72
2022-04-27,610,"Grand Central-42 St (S,4,5,6,7)",40.751778,-73.976845,10283.0,1,72
2022-05-31,610,"Grand Central-42 St (S,4,5,6,7)",40.751778,-73.976845,2778.0,1,72
2022-06-01,610,"Grand Central-42 St (S,4,5,6,7)",40.751778,-73.976845,10127.0,1,72
2022-07-18,610,"Grand Central-42 St (S,4,5,6,7)",40.751778,-73.976845,10466.0,1,72
2022-08-05,610,"Grand Central-42 St (S,4,5,6,7)",40.751778,-73.976845,700.0,0,72
2022-08-08,610,"Grand Central-42 St (S,4,5,6,7)",40.751778,-73.976845,2572.0,1,72
2022-08-09,610,"Grand Central-42 St (S,4,5,6,7)",40.751778,-73.976845,8692.0,1,72
2022-08-30,610,"Grand Central-42 St (S,4,5,6,7)",40.751778,-73.976845,5087.0,1,72
2022-09-13,610,"Grand Central-42 St (S,4,5,6,7)",40.751778,-73.976845,10331.0,1,72
2023-05-11,610,"Grand Central-42 St (S,4,5,6,7)",40.751778,-73.976845,597.0,0,72
2023-06-14,610,"Grand Central-42 St (S,4,5,6,7)",40.751778,-73.976845,6268.0,1,72
2023-09-27,610,"Grand Central-42 St (S,4,5,6,7)",40.751778,-73.976845,9587.0,1,72
2023-10-04,610,"Grand Central-42 St (S,4,5,6,7)",40.751778,-73.976845,3043.0,1,72
2023-10-17,610,"Grand Central-42 St (S,4,5,6,7)",40.751778,-73.976845,20907.0,1,72
2023-11-02,610,"Grand Central-42 St (S,4,5,6,7)",40.751778,-73.976845,7853.0,1,72
2023-11-03,610,"Grand Central-42 St (S,4,5,6,7)",40.751778,-73.976845,3762.0,1,72
2023-11-08,610,"Grand Central-42 St (S,4,5,6,7)",40.751778,-73.976845,4681.0,1,72
2023-11-23,610,"Grand Central-42 St (S,4,5,6,7)",40.751778,-73.976845,221.0,0,72
2024-01-15,610,"Grand Central-42 St (S,4,5,6,7)",40.751778,-73.976845,5808.0,1,72
2024-02-29,610,"Grand Central-42 St (S,4,5,6,7)",40.751778,-73.976845,8595.0,1,72
2024-03-05,610,"Grand Central-42 St (S,4,5,6,7)",40.751778,-73.976845,17729.0,1,72
2024-04-05,610,"Grand Central-42 St (S,4,5,6,7)",40.751778,-73.976845,9202.0,1,72
2024-04-16,610,"Grand Central-42 St (S,4,5,6,7)",40.751778,-73.976845,2985.0,1,72
2024-05-03,610,"Grand Central-42 St (S,4,5,6,7)",40.751778,-73.976845,3265.0,1,72
2024-05-07,610,"Grand Central-42 St (S,4,5,6,7)",40.751778,-73.976845,18170.0,1,72
2024-05-17,610,"Grand Central-42 St (S,4,5,6,7)",40.751778,-73.976845,64.0,0,72
2024-05-24,610,"Grand Central-42 St (S,4,5,6,7)",40.751778,-73.976845,15489.0,1,72
2024-05-31,610,"Grand Central-42 St (S,4,5,6,7)",40.751778,-73.976845,7925.0,1,72
2024-06-03,610,"Grand Central-42 St (S,4,5,6,7)",40.751778,-73.976845,17349.0,1,72
2024-06-13,610,"Grand Central-42 St (S,4,5,6,7)",40.751778,-73.976845,10356.0,1,72
2024-06-18,610,"Grand Central-42 St (S,4,5,6,7)",40.751778,-73.976845,4896.0,1,72
2024-06-20,610,"Grand Central-42 St (S,4,5,6,7)",40.751778,-73.976845,1260.0,1,72
2024-06-21,610,"Grand Central-42 St (S,4,5,6,7)",40.751778,-73.976845,9441.0,1,72
2024-06-28,610,"Grand Central-42 St (S,4,5,6,7)",40.751778,-73.976845,8107.0,1,72
2024-08-28,610,"Grand Central-42 St (S,4,5,6,7)",40.751778,-73.976845,13495.0,1,72
2024-08-29,610,"Grand Central-42 St (S,4,5,6,7)",40.751778,-73.976845,1275.0,1,72
2024-09-04,610,"Grand Central-42 St (S,4,5,6,7)",40.751778,-73.976845,21113.0,1,72
2024-09-05,610,"Grand Central-42 St (S,4,5,6,7)",40.751778,-73.976845,19081.0,1,72
2024-09-13,610,"Grand Central-42 St (S,4,5,6,7)",40.751778,-73.976845,13339.0,1,72
2024-09-28,610,"Grand Central-42 St (S,4,5,6,7)",40.751778,-73.976845,2179.0,1,72
2024-11-16,610,"Grand Central-42 St (S,4,5,6,7)",40.751778,-73.976845,68.0,0,72
2024-11-21,610,"Grand Central-42 St (S,4,5,6,7)",40.751778,-73.976845,8000.0,1,72
2024-11-22,610,"Grand Central-42 St (S,4,5,6,7)",40.751778,-73.976845,8807.0,1,72
2024-12-03,610,"Grand Central-42 St (S,4,5,6,7)",40.751778,-73.976845,6684.0,1,72
2024-12-13,610,"Grand Central-42 St (S,4,5,6,7)",40.751778,-73.976845,2857.0,1,72
2024-12-24,610,"Grand Central-42 St (S,4,5,6,7)",40.751778,-73.976845,15.0,0,72
2024-12-26,610,"Grand Central-42 St (S,4,5,6,7)",40.751778,-73.976845,7116.0,1,72
2024-12-31,610,"Grand Central-42 St (S,4,5,6,7)",40.751778,-73.976845,8536.0,1,72
2021-05-21,611,"Times Sq-42 St (N,Q,R,W,S,1,2,3,7)/42 St (A,C,E)",40.75731,-73.986755,163.0,0,86
2021-05-21,611,"Times Sq-42 St (N,Q,R,W,S,1,2,3,7)/42 St (A,C,E)",40.75731,-73.986755,163.0,0,83
2021-05-21,611,"Times Sq-42 St (N,Q,R,W,S,1,2,3,7)/42 St (A,C,E)",40.75731,-73.986755,163.0,0,99
2021-05-21,611,"Times Sq-42 St (N,Q,R,W,S,1,2,3,7)/42 St (A,C,E)",40.75731,-73.986755,163.0,0,79
2021-05-21,611,"Times Sq-42 St (N,Q,R,W,S,1,2,3,7)/42 St (A,C,E)",40.75731,-73.986755,163.0,0,103
2021-05-26,611,"Times Sq-42 St (N,Q,R,W,S,1,2,3,7)/42 St (A,C,E)",40.75731,-73.987495,47.0,0,86
2021-05-26,611,"Times Sq-42 St (N,Q,R,W,S,1,2,3,7)/42 St (A,C,E)",40.75731,-73.987495,47.0,0,83
2021-05-26,611,"Times Sq-42 St (N,Q,R,W,S,1,2,3,7)/42 St (A,C,E)",40.75731,-73.987495,47.0,0,99
2021-05-26,611,"Times Sq-42 St (N,Q,R,W,S,1,2,3,7)/42 St (A,C,E)",40.75731,-73.987495,47.0,0,79
2021-05-26,611,"Times Sq-42 St (N,Q,R,W,S,1,2,3,7)/42 St (A,C,E)",40.75731,-73.987495,47.0,0,103
2021-05-26,611,"Times Sq-42 St (N,Q,R,W,S,1,2,3,7)/42 St (A,C,E)",40.75731,-73.986755,7505.0,1,86
2021-05-26,611,"Times Sq-42 St (N,Q,R,W,S,1,2,3,7)/42 St (A,C,E)",40.75731,-73.986755,7505.0,1,83
2021-05-26,611,"Times Sq-42 St (N,Q,R,W,S,1,2,3,7)/42 St (A,C,E)",40.75731,-73.986755,7505.0,1,99
2021-05-26,611,"Times Sq-42 St (N,Q,R,W,S,1,2,3,7)/42 St (A,C,E)",40.75731,-73.986755,7505.0,1,79
2021-05-26,611,"Times Sq-42 St (N,Q,R,W,S,1,2,3,7)/42 St (A,C,E)",40.75731,-73.986755,7505.0,1,103
2021-06-10,611,"Times Sq-42 St (N,Q,R,W,S,1,2,3,7)/42 St (A,C,E)",40.75731,-73.986755,609.0,0,86
2021-06-10,611,"Times Sq-42 St (N,Q,R,W,S,1,2,3,7)/42 St (A,C,E)",40.75731,-73.986755,609.0,0,83
2021-06-10,611,"Times Sq-42 St (N,Q,R,W,S,1,2,3,7)/42 St (A,C,E)",40.75731,-73.986755,609.0,0,99
2021-06-10,611,"Times Sq-42 St (N,Q,R,W,S,1,2,3,7)/42 St (A,C,E)",40.75731,-73.986755,609.0,0,79
2021-06-10,611,"Times Sq-42 St (N,Q,R,W,S,1,2,3,7)/42 St (A,C,E)",40.75731,-73.986755,609.0,0,103
2021-06-21,611,"Times Sq-42 St (N,Q,R,W,S,1,2,3,7)/42 St (A,C,E)",40.75731,-73.987495,72.0,0,86
2021-06-21,611,"Times Sq-42 St (N,Q,R,W,S,1,2,3,7)/42 St (A,C,E)",40.75731,-73.987495,72.0,0,83
2021-06-21,611,"Times Sq-42 St (N,Q,R,W,S,1,2,3,7)/42 St (A,C,E)",40.75731,-73.987495,72.0,0,99
2021-06-21,611,"Times Sq-42 St (N,Q,R,W,S,1,2,3,7)/42 St (A,C,E)",40.75731,-73.987495,72.0,0,79
2021-06-21,611,"Times Sq-42 St (N,Q,R,W,S,1,2,3,7)/42 St (A,C,E)",40.75731,-73.987495,72.0,0,103
2021-06-21,611,"Times Sq-42 St (N,Q,R,W,S,1,2,3,7)/42 St (A,C,E)",40.75731,-73.986755,15248.0,1,86
2021-06-21,611,"Times Sq-42 St (N,Q,R,W,S,1,2,3,7)/42 St (A,C,E)",40.75731,-73.986755,15248.0,1,83
2021-06-21,611,"Times Sq-42 St (N,Q,R,W,S,1,2,3,7)/42 St (A,C,E)",40.75731,-73.986755,15248.0,1,99
2021-06-21,611,"Times Sq-42 St (N,Q,R,W,S,1,2,3,7)/42 St (A,C,E)",40.75731,-73.986755,15248.0,1,79
2021-06-21,611,"Times Sq-42 St (N,Q,R,W,S,1,2,3,7)/42 St (A,C,E)",40.75731,-73.986755,15248.0,1,103
2021-06-30,611,"Times Sq-42 St (N,Q,R,W,S,1,2,3,7)/42 St (A,C,E)",40.75731,-73.987495,19.0,0,86
2021-06-30,611,"Times Sq-42 St (N,Q,R,W,S,1,2,3,7)/42 St (A,C,E)",40.75731,-73.987495,19.0,0,83
2021-06-30,611,"Times Sq-42 St (N,Q,R,W,S,1,2,3,7)/42 St (A,C,E)",40.75731,-73.987495,19.0,0,99
2021-06-30,611,"Times Sq-42 St (N,Q,R,W,S,1,2,3,7)/42 St (A,C,E)",40.75731,-73.987495,19.0,0,79
2021-06-30,611,"Times Sq-42 St (N,Q,R,W,S,1,2,3,7)/42 St (A,C,E)",40.75731,-73.987495,19.0,0,103
2021-06-30,611,"Times Sq-42 St (N,Q,R,W,S,1,2,3,7)/42 St (A,C,E)",40.75731,-73.986755,10802.0,1,86
2021-06-30,611,"Times Sq-42 St (N,Q,R,W,S,1,2,3,7)/42 St (A,C,E)",40.75731,-73.986755,10802.0,1,83
2021-06-30,611,"Times Sq-42 St (N,Q,R,W,S,1,2,3,7)/42 St (A,C,E)",40.75731,-73.986755,10802.0,1,99
2021-06-30,611,"Times Sq-42 St (N,Q,R,W,S,1,2,3,7)/42 St (A,C,E)",40.75731,-73.986755,10802.0,1,79
2021-06-30,611,"Times Sq-42 St (N,Q,R,W,S,1,2,3,7)/42 St (A,C,E)",40.75731,-73.986755,10802.0,1,103
2021-08-25,611,"Times Sq-42 St (N,Q,R,W,S,1,2,3,7)/42 St (A,C,E)",40.75731,-73.986755,4599.0,1,86
2021-08-25,611,"Times Sq-42 St (N,Q,R,W,S,1,2,3,7)/42 St (A,C,E)",40.75731,-73.986755,4599.0,1,83
2021-08-25,611,"Times Sq-42 St (N,Q,R,W,S,1,2,3,7)/42 St (A,C,E)",40.75731,-73.986755,4599.0,1,99
2021-08-25,611,"Times Sq-42 St (N,Q,R,W,S,1,2,3,7)/42 St (A,C,E)",40.75731,-73.986755,4599.0,1,79
2021-08-25,611,"Times Sq-42 St (N,Q,R,W,S,1,2,3,7)/42 St (A,C,E)",40.75731,-73.986755,4599.0,1,103
2021-10-26,611,"Times Sq-42 St (N,Q,R,W,S,1,2,3,7)/42 St (A,C,E)",40.75731,-73.987495,157.0,0,86
2021-10-26,611,"Times Sq-42 St (N,Q,R,W,S,1,2,3,7)/42 St (A,C,E)",40.75731,-73.987495,157.0,0,83
2021-10-26,611,"Times Sq-42 St (N,Q,R,W,S,1,2,3,7)/42 St (A,C,E)",40.75731,-73.987495,157.0,0,99
2021-10-26,611,"Times Sq-42 St (N,Q,R,W,S,1,2,3,7)/42 St (A,C,E)",40.75731,-73.987495,157.0,0,79
2021-10-26,611,"Times Sq-42 St (N,Q,R,W,S,1,2,3,7)/42 St (A,C,E)",40.75731,-73.987495,157.0,0,103
2021-10-26,611,"Times Sq-42 St (N,Q,R,W,S,1,2,3,7)/42 St (A,C,E)",40.75731,-73.986755,17856.0,1,86
2021-10-26,611,"Times Sq-42 St (N,Q,R,W,S,1,2,3,7)/42 St (A,C,E)",40.75731,-73.986755,17856.0,1,83
2021-10-26,611,"Times Sq-42 St (N,Q,R,W,S,1,2,3,7)/42 St (A,C,E)",40.75731,-73.986755,17856.0,1,99
2021-10-26,611,"Times Sq-42 St (N,Q,R,W,S,1,2,3,7)/42 St (A,C,E)",40.75731,-73.986755,17856.0,1,79
2021-10-26,611,"Times Sq-42 St (N,Q,R,W,S,1,2,3,7)/42 St (A,C,E)",40.75731,-73.986755,17856.0,1,103
2021-10-27,611,"Times Sq-42 St (N,Q,R,W,S,1,2,3,7)/42 St (A,C,E)",40.75731,-73.986755,28.0,0,86
2021-10-27,611,"Times Sq-42 St (N,Q,R,W,S,1,2,3,7)/42 St (A,C,E)",40.75731,-73.986755,28.0,0,83
2021-10-27,611,"Times Sq-42 St (N,Q,R,W,S,1,2,3,7)/42 St (A,C,E)",40.75731,-73.986755,28.0,0,99
2021-10-27,611,"Times Sq-42 St (N,Q,R,W,S,1,2,3,7)/42 St (A,C,E)",40.75731,-73.986755,28.0,0,79
2021-10-27,611,"Times Sq-42 St (N,Q,R,W,S,1,2,3,7)/42 St (A,C,E)",40.75731,-73.986755,28.0,0,103
2021-11-17,611,"Times Sq-42 St (N,Q,R,W,S,1,2,3,7)/42 St (A,C,E)",40.75731,-73.986755,315.0,0,86
2021-11-17,611,"Times Sq-42 St (N,Q,R,W,S,1,2,3,7)/42 St (A,C,E)",40.75731,-73.986755,315.0,0,83
2021-11-17,611,"Times Sq-42 St (N,Q,R,W,S,1,2,3,7)/42 St (A,C,E)",40.75731,-73.986755,315.0,0,99
2021-11-17,611,"Times Sq-42 St (N,Q,R,W,S,1,2,3,7)/42 St (A,C,E)",40.75731,-73.986755,315.0,0,79
2021-11-17,611,"Times Sq-42 St (N,Q,R,W,S,1,2,3,7)/42 St (A,C,E)",40.75731,-73.986755,315.0,0,103
2021-11-18,611,"Times Sq-42 St (N,Q,R,W,S,1,2,3,7)/42 St (A,C,E)",40.75731,-73.986755,9827.0,1,86
2021-11-18,611,"Times Sq-42 St (N,Q,R,W,S,1,2,3,7)/42 St (A,C,E)",40.75731,-73.986755,9827.0,1,83
2021-11-18,611,"Times Sq-42 St (N,Q,R,W,S,1,2,3,7)/42 St (A,C,E)",40.75731,-73.986755,9827.0,1,99
2021-11-18,611,"Times Sq-42 St (N,Q,R,W,S,1,2,3,7)/42 St (A,C,E)",40.75731,-73.986755,9827.0,1,79
2021-11-18,611,"Times Sq-42 St (N,Q,R,W,S,1,2,3,7)/42 St (A,C,E)",40.75731,-73.986755,9827.0,1,103
2021-12-02,611,"Times Sq-42 St (N,Q,R,W,S,1,2,3,7)/42 St (A,C,E)",40.75731,-73.986755,1755.0,1,86
2021-12-02,611,"Times Sq-42 St (N,Q,R,W,S,1,2,3,7)/42 St (A,C,E)",40.75731,-73.986755,1755.0,1,83
2021-12-02,611,"Times Sq-42 St (N,Q,R,W,S,1,2,3,7)/42 St (A,C,E)",40.75731,-73.986755,1755.0,1,99
2021-12-02,611,"Times Sq-42 St (N,Q,R,W,S,1,2,3,7)/42 St (A,C,E)",40.75731,-73.986755,1755.0,1,79
2021-12-02,611,"Times Sq-42 St (N,Q,R,W,S,1,2,3,7)/42 St (A,C,E)",40.75731,-73.986755,1755.0,1,103
2021-12-16,611,"Times Sq-42 St (N,Q,R,W,S,1,2,3,7)/42 St (A,C,E)",40.75731,-73.986755,460.0,0,86
2021-12-16,611,"Times Sq-42 St (N,Q,R,W,S,1,2,3,7)/42 St (A,C,E)",40.75731,-73.986755,460.0,0,83
2021-12-16,611,"Times Sq-42 St (N,Q,R,W,S,1,2,3,7)/42 St (A,C,E)",40.75731,-73.986755,460.0,0,99
2021-12-16,611,"Times Sq-42 St (N,Q,R,W,S,1,2,3,7)/42 St (A,C,E)",40.75731,-73.986755,460.0,0,79
2021-12-16,611,"Times Sq-42 St (N,Q,R,W,S,1,2,3,7)/42 St (A,C,E)",40.75731,-73.986755,460.0,0,103
2021-12-22,611,"Times Sq-42 St (N,Q,R,W,S,1,2,3,7)/42 St (A,C,E)",40.75731,-73.986755,2754.0,1,86
2021-12-22,611,"Times Sq-42 St (N,Q,R,W,S,1,2,3,7)/42 St (A,C,E)",40.75731,-73.986755,2754.0,1,83
2021-12-22,611,"Times Sq-42 St (N,Q,R,W,S,1,2,3,7)/42 St (A,C,E)",40.75731,-73.986755,2754.0,1,99
2021-12-22,611,"Times Sq-42 St (N,Q,R,W,S,1,2,3,7)/42 St (A,C,E)",40.75731,-73.986755,2754.0,1,79
2021-12-22,611,"Times Sq-42 St (N,Q,R,W,S,1,2,3,7)/42 St (A,C,E)",40.75731,-73.986755,2754.0,1,103
2022-01-04,611,"Times Sq-42 St (N,Q,R,W,S,1,2,3,7)/42 St (A,C,E)",40.75731,-73.986755,2918.0,1,86
2022-01-04,611,"Times Sq-42 St (N,Q,R,W,S,1,2,3,7)/42 St (A,C,E)",40.75731,-73.986755,2918.0,1,83
2022-01-04,611,"Times Sq-42 St (N,Q,R,W,S,1,2,3,7)/42 St (A,C,E)",40.75731,-73.986755,2918.0,1,99
2022-01-04,611,"Times Sq-42 St (N,Q,R,W,S,1,2,3,7)/42 St (A,C,E)",40.75731,-73.986755,2918.0,1,79
2022-01-04,611,"Times Sq-42 St (N,Q,R,W,S,1,2,3,7)/42 St (A,C,E)",40.75731,-73.986755,2918.0,1,103
2022-01-26,611,"Times Sq-42 St (N,Q,R,W,S,1,2,3,7)/42 St (A,C,E)",40.75731,-73.987495,116.0,0,86
2022-01-26,611,"Times Sq-42 St (N,Q,R,W,S,1,2,3,7)/42 St (A,C,E)",40.75731,-73.987495,116.0,0,83
2022-01-26,611,"Times Sq-42 St (N,Q,R,W,S,1,2,3,7)/42 St (A,C,E)",40.75731,-73.987495,116.0,0,99
2022-01-26,611,"Times Sq-42 St (N,Q,R,W,S,1,2,3,7)/42 St (A,C,E)",40.75731,-73.987495,116.0,0,79
2022-01-26,611,"Times Sq-42 St (N,Q,R,W,S,1,2,3,7)/42 St (A,C,E)",40.75731,-73.987495,116.0,0,103
2022-01-26,611,"Times Sq-42 St (N,Q,R,W,S,1,2,3,7)/42 St (A,C,E)",40.75731,-73.986755,5538.0,1,86
2022-01-26,611,"Times Sq-42 St (N,Q,R,W,S,1,2,3,7)/42 St (A,C,E)",40.75731,-73.986755,5538.0,1,83
2022-01-26,611,"Times Sq-42 St (N,Q,R,W,S,1,2,3,7)/42 St (A,C,E)",40.75731,-73.986755,5538.0,1,99
2022-01-26,611,"Times Sq-42 St (N,Q,R,W,S,1,2,3,7)/42 St (A,C,E)",40.75731,-73.986755,5538.0,1,79
2022-01-26,611,"Times Sq-42 St (N,Q,R,W,S,1,2,3,7)/42 St (A,C,E)",40.75731,-73.986755,5538.0,1,103
2022-02-07,611,"Times Sq-42 St (N,Q,R,W,S,1,2,3,7)/42 St (A,C,E)",40.75731,-73.986755,8572.0,1,86
2022-02-07,611,"Times Sq-42 St (N,Q,R,W,S,1,2,3,7)/42 St (A,C,E)",40.75731,-73.986755,8572.0,1,83
2022-02-07,611,"Times Sq-42 St (N,Q,R,W,S,1,2,3,7)/42 St (A,C,E)",40.75731,-73.986755,8572.0,1,99
2022-02-07,611,"Times Sq-42 St (N,Q,R,W,S,1,2,3,7)/42 St (A,C,E)",40.75731,-73.986755,8572.0,1,79
2022-02-07,611,"Times Sq-42 St (N,Q,R,W,S,1,2,3,7)/42 St (A,C,E)",40.75731,-73.986755,8572.0,1,103
2022-02-08,611,"Times Sq-42 St (N,Q,R,W,S,1,2,3,7)/42 St (A,C,E)",40.75731,-73.986755,15876.0,1,86
2022-02-08,611,"Times Sq-42 St (N,Q,R,W,S,1,2,3,7)/42 St (A,C,E)",40.75731,-73.986755,15876.0,1,83
2022-02-08,611,"Times Sq-42 St (N,Q,R,W,S,1,2,3,7)/42 St (A,C,E)",40.75731,-73.986755,15876.0,1,99
2022-02-08,611,"Times Sq-42 St (N,Q,R,W,S,1,2,3,7)/42 St (A,C,E)",40.75731,-73.986755,15876.0,1,79
2022-02-08,611,"Times Sq-42 St (N,Q,R,W,S,1,2,3,7)/42 St (A,C,E)",40.75731,-73.986755,15876.0,1,103
2022-02-09,611,"Times Sq-42 St (N,Q,R,W,S,1,2,3,7)/42 St (A,C,E)",40.75731,-73.986755,5631.0,1,86
2022-02-09,611,"Times Sq-42 St (N,Q,R,W,S,1,2,3,7)/42 St (A,C,E)",40.75731,-73.986755,5631.0,1,83
2022-02-09,611,"Times Sq-42 St (N,Q,R,W,S,1,2,3,7)/42 St (A,C,E)",40.75731,-73.986755,5631.0,1,99
2022-02-09,611,"Times Sq-42 St (N,Q,R,W,S,1,2,3,7)/42 St (A,C,E)",40.75731,-73.986755,5631.0,1,79
2022-02-09,611,"Times Sq-42 St (N,Q,R,W,S,1,2,3,7)/42 St (A,C,E)",40.75731,-73.986755,5631.0,1,103
2022-02-10,611,"Times Sq-42 St (N,Q,R,W,S,1,2,3,7)/42 St (A,C,E)",40.75731,-73.986755,1330.0,1,86
2022-02-10,611,"Times Sq-42 St (N,Q,R,W,S,1,2,3,7)/42 St (A,C,E)",40.75731,-73.986755,1330.0,1,83
2022-02-10,611,"Times Sq-42 St (N,Q,R,W,S,1,2,3,7)/42 St (A,C,E)",40.75731,-73.986755,1330.0,1,99
2022-02-10,611,"Times Sq-42 St (N,Q,R,W,S,1,2,3,7)/42 St (A,C,E)",40.75731,-73.986755,1330.0,1,79
2022-02-10,611,"Times Sq-42 St (N,Q,R,W,S,1,2,3,7)/42 St (A,C,E)",40.75731,-73.986755,1330.0,1,103
2022-02-18,611,"Times Sq-42 St (N,Q,R,W,S,1,2,3,7)/42 St (A,C,E)",40.75731,-73.986755,12479.0,1,86
2022-02-18,611,"Times Sq-42 St (N,Q,R,W,S,1,2,3,7)/42 St (A,C,E)",40.75731,-73.986755,12479.0,1,83
2022-02-18,611,"Times Sq-42 St (N,Q,R,W,S,1,2,3,7)/42 St (A,C,E)",40.75731,-73.986755,12479.0,1,99
2022-02-18,611,"Times Sq-42 St (N,Q,R,W,S,1,2,3,7)/42 St (A,C,E)",40.75731,-73.986755,12479.0,1,79
2022-02-18,611,"Times Sq-42 St (N,Q,R,W,S,1,2,3,7)/42 St (A,C,E)",40.75731,-73.986755,12479.0,1,103
2022-03-02,611,"Times Sq-42 St (N,Q,R,W,S,1,2,3,7)/42 St (A,C,E)",40.75529,-73.987495,2.0,0,86
2022-03-02,611,"Times Sq-42 St (N,Q,R,W,S,1,2,3,7)/42 St (A,C,E)",40.75529,-73.987495,2.0,0,83
2022-03-02,611,"Times Sq-42 St (N,Q,R,W,S,1,2,3,7)/42 St (A,C,E)",40.75529,-73.987495,2.0,0,99
2022-03-02,611,"Times Sq-42 St (N,Q,R,W,S,1,2,3,7)/42 St (A,C,E)",40.75529,-73.987495,2.0,0,79
2022-03-02,611,"Times Sq-42 St (N,Q,R,W,S,1,2,3,7)/42 St (A,C,E)",40.75529,-73.987495,2.0,0,103
2022-03-02,611,"Times Sq-42 St (N,Q,R,W,S,1,2,3,7)/42 St (A,C,E)",40.75731,-73.98974,1.0,0,86
2022-03-02,611,"Times Sq-42 St (N,Q,R,W,S,1,2,3,7)/42 St (A,C,E)",40.75731,-73.98974,1.0,0,83
2022-03-02,611,"Times Sq-42 St (N,Q,R,W,S,1,2,3,7)/42 St (A,C,E)",40.75731,-73.98974,1.0,0,99
2022-03-02,611,"Times Sq-42 St (N,Q,R,W,S,1,2,3,7)/42 St (A,C,E)",40.75731,-73.98974,1.0,0,79
2022-03-02,611,"Times Sq-42 St (N,Q,R,W,S,1,2,3,7)/42 St (A,C,E)",40.75731,-73.98974,1.0,0,103
2022-03-02,611,"Times Sq-42 St (N,Q,R,W,S,1,2,3,7)/42 St (A,C,E)",40.75731,-73.986755,19836.0,1,86
2022-03-02,611,"Times Sq-42 St (N,Q,R,W,S,1,2,3,7)/42 St (A,C,E)",40.75731,-73.986755,19836.0,1,83
2022-03-02,611,"Times Sq-42 St (N,Q,R,W,S,1,2,3,7)/42 St (A,C,E)",40.75731,-73.986755,19836.0,1,99
2022-03-02,611,"Times Sq-42 St (N,Q,R,W,S,1,2,3,7)/42 St (A,C,E)",40.75731,-73.986755,19836.0,1,79
2022-03-02,611,"Times Sq-42 St (N,Q,R,W,S,1,2,3,7)/42 St (A,C,E)",40.75731,-73.986755,19836.0,1,103
2022-03-08,611,"Times Sq-42 St (N,Q,R,W,S,1,2,3,7)/42 St (A,C,E)",40.75731,-73.987495,120.0,0,86
2022-03-08,611,"Times Sq-42 St (N,Q,R,W,S,1,2,3,7)/42 St (A,C,E)",40.75731,-73.987495,120.0,0,83
2022-03-08,611,"Times Sq-42 St (N,Q,R,W,S,1,2,3,7)/42 St (A,C,E)",40.75731,-73.987495,120.0,0,99
2022-03-08,611,"Times Sq-42 St (N,Q,R,W,S,1,2,3,7)/42 St (A,C,E)",40.75731,-73.987495,120.0,0,79
2022-03-08,611,"Times Sq-42 St (N,Q,R,W,S,1,2,3,7)/42 St (A,C,E)",40.75731,-73.987495,120.0,0,103
2022-03-08,611,"Times Sq-42 St (N,Q,R,W,S,1,2,3,7)/42 St (A,C,E)",40.75731,-73.986755,22827.0,1,86
2022-03-08,611,"Times Sq-42 St (N,Q,R,W,S,1,2,3,7)/42 St (A,C,E)",40.75731,-73.986755,22827.0,1,83
2022-03-08,611,"Times Sq-42 St (N,Q,R,W,S,1,2,3,7)/42 St (A,C,E)",40.75731,-73.986755,22827.0,1,99
2022-03-08,611,"Times Sq-42 St (N,Q,R,W,S,1,2,3,7)/42 St (A,C,E)",40.75731,-73.986755,22827.0,1,79
2022-03-08,611,"Times Sq-42 St (N,Q,R,W,S,1,2,3,7)/42 St (A,C,E)",40.75731,-73.986755,22827.0,1,103
2022-03-15,611,"Times Sq-42 St (N,Q,R,W,S,1,2,3,7)/42 St (A,C,E)",40.75731,-73.98974,1.0,0,86
2022-03-15,611,"Times Sq-42 St (N,Q,R,W,S,1,2,3,7)/42 St (A,C,E)",40.75731,-73.98974,1.0,0,83
2022-03-15,611,"Times Sq-42 St (N,Q,R,W,S,1,2,3,7)/42 St (A,C,E)",40.75731,-73.98974,1.0,0,99
2022-03-15,611,"Times Sq-42 St (N,Q,R,W,S,1,2,3,7)/42 St (A,C,E)",40.75731,-73.98974,1.0,0,79
2022-03-15,611,"Times Sq-42 St (N,Q,R,W,S,1,2,3,7)/42 St (A,C,E)",40.75731,-73.98974,1.0,0,103
2022-03-15,611,"Times Sq-42 St (N,Q,R,W,S,1,2,3,7)/42 St (A,C,E)",40.75731,-73.987495,6.0,0,86
2022-03-15,611,"Times Sq-42 St (N,Q,R,W,S,1,2,3,7)/42 St (A,C,E)",40.75731,-73.987495,6.0,0,83
2022-03-15,611,"Times Sq-42 St (N,Q,R,W,S,1,2,3,7)/42 St (A,C,E)",40.75731,-73.987495,6.0,0,99
2022-03-15,611,"Times Sq-42 St (N,Q,R,W,S,1,2,3,7)/42 St (A,C,E)",40.75731,-73.987495,6.0,0,79
2022-03-15,611,"Times Sq-42 St (N,Q,R,W,S,1,2,3,7)/42 St (A,C,E)",40.75731,-73.987495,6.0,0,103
2022-03-15,611,"Times Sq-42 St (N,Q,R,W,S,1,2,3,7)/42 St (A,C,E)",40.75731,-73.986755,20592.0,1,86
2022-03-15,611,"Times Sq-42 St (N,Q,R,W,S,1,2,3,7)/42 St (A,C,E)",40.75731,-73.986755,20592.0,1,83
2022-03-15,611,"Times Sq-42 St (N,Q,R,W,S,1,2,3,7)/42 St (A,C,E)",40.75731,-73.986755,20592.0,1,99
2022-03-15,611,"Times Sq-42 St (N,Q,R,W,S,1,2,3,7)/42 St (A,C,E)",40.75731,-73.986755,20592.0,1,79
2022-03-15,611,"Times Sq-42 St (N,Q,R,W,S,1,2,3,7)/42 St (A,C,E)",40.75731,-73.986755,20592.0,1,103
2022-03-29,611,"Times Sq-42 St (N,Q,R,W,S,1,2,3,7)/42 St (A,C,E)",40.75731,-73.987495,56.0,0,86
2022-03-29,611,"Times Sq-42 St (N,Q,R,W,S,1,2,3,7)/42 St (A,C,E)",40.75731,-73.987495,56.0,0,83
2022-03-29,611,"Times Sq-42 St (N,Q,R,W,S,1,2,3,7)/42 St (A,C,E)",40.75731,-73.987495,56.0,0,99
2022-03-29,611,"Times Sq-42 St (N,Q,R,W,S,1,2,3,7)/42 St (A,C,E)",40.75731,-73.987495,56.0,0,79
2022-03-29,611,"Times Sq-42 St (N,Q,R,W,S,1,2,3,7)/42 St (A,C,E)",40.75731,-73.987495,56.0,0,103
2022-03-29,611,"Times Sq-42 St (N,Q,R,W,S,1,2,3,7)/42 St (A,C,E)",40.75731,-73.986755,14479.0,1,86
2022-03-29,611,"Times Sq-42 St (N,Q,R,W,S,1,2,3,7)/42 St (A,C,E)",40.75731,-73.986755,14479.0,1,83
2022-03-29,611,"Times Sq-42 St (N,Q,R,W,S,1,2,3,7)/42 St (A,C,E)",40.75731,-73.986755,14479.0,1,99
2022-03-29,611,"Times Sq-42 St (N,Q,R,W,S,1,2,3,7)/42 St (A,C,E)",40.75731,-73.986755,14479.0,1,79
2022-03-29,611,"Times Sq-42 St (N,Q,R,W,S,1,2,3,7)/42 St (A,C,E)",40.75731,-73.986755,14479.0,1,103
2022-04-07,611,"Times Sq-42 St (N,Q,R,W,S,1,2,3,7)/42 St (A,C,E)",40.75529,-73.987495,1.0,0,86
2022-04-07,611,"Times Sq-42 St (N,Q,R,W,S,1,2,3,7)/42 St (A,C,E)",40.75529,-73.987495,1.0,0,83
2022-04-07,611,"Times Sq-42 St (N,Q,R,W,S,1,2,3,7)/42 St (A,C,E)",40.75529,-73.987495,1.0,0,99
2022-04-07,611,"Times Sq-42 St (N,Q,R,W,S,1,2,3,7)/42 St (A,C,E)",40.75529,-73.987495,1.0,0,79
2022-04-07,611,"Times Sq-42 St (N,Q,R,W,S,1,2,3,7)/42 St (A,C,E)",40.75529,-73.987495,1.0,0,103
2022-04-07,611,"Times Sq-42 St (N,Q,R,W,S,1,2,3,7)/42 St (A,C,E)",40.75731,-73.986755,5143.0,1,86
2022-04-07,611,"Times Sq-42 St (N,Q,R,W,S,1,2,3,7)/42 St (A,C,E)",40.75731,-73.986755,5143.0,1,83
2022-04-07,611,"Times Sq-42 St (N,Q,R,W,S,1,2,3,7)/42 St (A,C,E)",40.75731,-73.986755,5143.0,1,99
2022-04-07,611,"Times Sq-42 St (N,Q,R,W,S,1,2,3,7)/42 St (A,C,E)",40.75731,-73.986755,5143.0,1,79
2022-04-07,611,"Times Sq-42 St (N,Q,R,W,S,1,2,3,7)/42 St (A,C,E)",40.75731,-73.986755,5143.0,1,103
2022-04-20,611,"Times Sq-42 St (N,Q,R,W,S,1,2,3,7)/42 St (A,C,E)",40.75731,-73.986755,518.0,0,86
2022-04-20,611,"Times Sq-42 St (N,Q,R,W,S,1,2,3,7)/42 St (A,C,E)",40.75731,-73.986755,518.0,0,83
2022-04-20,611,"Times Sq-42 St (N,Q,R,W,S,1,2,3,7)/42 St (A,C,E)",40.75731,-73.986755,518.0,0,99
2022-04-20,611,"Times Sq-42 St (N,Q,R,W,S,1,2,3,7)/42 St (A,C,E)",40.75731,-73.986755,518.0,0,79
2022-04-20,611,"Times Sq-42 St (N,Q,R,W,S,1,2,3,7)/42 St (A,C,E)",40.75731,-73.986755,518.0,0,103
2022-04-27,611,"Times Sq-42 St (N,Q,R,W,S,1,2,3,7)/42 St (A,C,E)",40.75731,-73.98974,1.0,0,86
2022-04-27,611,"Times Sq-42 St (N,Q,R,W,S,1,2,3,7)/42 St (A,C,E)",40.75731,-73.98974,1.0,0,83
2022-04-27,611,"Times Sq-42 St (N,Q,R,W,S,1,2,3,7)/42 St (A,C,E)",40.75731,-73.98974,1.0,0,99
2022-04-27,611,"Times Sq-42 St (N,Q,R,W,S,1,2,3,7)/42 St (A,C,E)",40.75731,-73.98974,1.0,0,79
2022-04-27,611,"Times Sq-42 St (N,Q,R,W,S,1,2,3,7)/42 St (A,C,E)",40.75731,-73.98974,1.0,0,103
2022-04-27,611,"Times Sq-42 St (N,Q,R,W,S,1,2,3,7)/42 St (A,C,E)",40.75731,-73.986755,14095.0,1,86
2022-04-27,611,"Times Sq-42 St (N,Q,R,W,S,1,2,3,7)/42 St (A,C,E)",40.75731,-73.986755,14095.0,1,83
2022-04-27,611,"Times Sq-42 St (N,Q,R,W,S,1,2,3,7)/42 St (A,C,E)",40.75731,-73.986755,14095.0,1,99
2022-04-27,611,"Times Sq-42 St (N,Q,R,W,S,1,2,3,7)/42 St (A,C,E)",40.75731,-73.986755,14095.0,1,79
2022-04-27,611,"Times Sq-42 St (N,Q,R,W,S,1,2,3,7)/42 St (A,C,E)",40.75731,-73.986755,14095.0,1,103
2022-05-31,611,"Times Sq-42 St (N,Q,R,W,S,1,2,3,7)/42 St (A,C,E)",40.75731,-73.98974,1.0,0,86
2022-05-31,611,"Times Sq-42 St (N,Q,R,W,S,1,2,3,7)/42 St (A,C,E)",40.75731,-73.98974,1.0,0,83
2022-05-31,611,"Times Sq-42 St (N,Q,R,W,S,1,2,3,7)/42 St (A,C,E)",40.75731,-73.98974,1.0,0,99
2022-05-31,611,"Times Sq-42 St (N,Q,R,W,S,1,2,3,7)/42 St (A,C,E)",40.75731,-73.98974,1.0,0,79
2022-05-31,611,"Times Sq-42 St (N,Q,R,W,S,1,2,3,7)/42 St (A,C,E)",40.75731,-73.98974,1.0,0,103
2022-05-31,611,"Times Sq-42 St (N,Q,R,W,S,1,2,3,7)/42 St (A,C,E)",40.75731,-73.986755,2062.0,1,86
2022-05-31,611,"Times Sq-42 St (N,Q,R,W,S,1,2,3,7)/42 St (A,C,E)",40.75731,-73.986755,2062.0,1,83
2022-05-31,611,"Times Sq-42 St (N,Q,R,W,S,1,2,3,7)/42 St (A,C,E)",40.75731,-73.986755,2062.0,1,99
2022-05-31,611,"Times Sq-42 St (N,Q,R,W,S,1,2,3,7)/42 St (A,C,E)",40.75731,-73.986755,2062.0,1,79
2022-05-31,611,"Times Sq-42 St (N,Q,R,W,S,1,2,3,7)/42 St (A,C,E)",40.75731,-73.986755,2062.0,1,103
2022-06-01,611,"Times Sq-42 St (N,Q,R,W,S,1,2,3,7)/42 St (A,C,E)",40.75529,-73.987495,1.0,0,86
2022-06-01,611,"Times Sq-42 St (N,Q,R,W,S,1,2,3,7)/42 St (A,C,E)",40.75529,-73.987495,1.0,0,83
2022-06-01,611,"Times Sq-42 St (N,Q,R,W,S,1,2,3,7)/42 St (A,C,E)",40.75529,-73.987495,1.0,0,99
2022-06-01,611,"Times Sq-42 St (N,Q,R,W,S,1,2,3,7)/42 St (A,C,E)",40.75529,-73.987495,1.0,0,79
2022-06-01,611,"Times Sq-42 St (N,Q,R,W,S,1,2,3,7)/42 St (A,C,E)",40.75529,-73.987495,1.0,0,103
2022-06-01,611,"Times Sq-42 St (N,Q,R,W,S,1,2,3,7)/42 St (A,C,E)",40.75731,-73.986755,23553.0,1,86
2022-06-01,611,"Times Sq-42 St (N,Q,R,W,S,1,2,3,7)/42 St (A,C,E)",40.75731,-73.986755,23553.0,1,83
2022-06-01,611,"Times Sq-42 St (N,Q,R,W,S,1,2,3,7)/42 St (A,C,E)",40.75731,-73.986755,23553.0,1,99
2022-06-01,611,"Times Sq-42 St (N,Q,R,W,S,1,2,3,7)/42 St (A,C,E)",40.75731,-73.986755,23553.0,1,79
2022-06-01,611,"Times Sq-42 St (N,Q,R,W,S,1,2,3,7)/42 St (A,C,E)",40.75731,-73.986755,23553.0,1,103
2022-07-18,611,"Times Sq-42 St (N,Q,R,W,S,1,2,3,7)/42 St (A,C,E)",40.75731,-73.98974,1.0,0,86
2022-07-18,611,"Times Sq-42 St (N,Q,R,W,S,1,2,3,7)/42 St (A,C,E)",40.75731,-73.98974,1.0,0,83
2022-07-18,611,"Times Sq-42 St (N,Q,R,W,S,1,2,3,7)/42 St (A,C,E)",40.75731,-73.98974,1.0,0,99
2022-07-18,611,"Times Sq-42 St (N,Q,R,W,S,1,2,3,7)/42 St (A,C,E)",40.75731,-73.98974,1.0,0,79
2022-07-18,611,"Times Sq-42 St (N,Q,R,W,S,1,2,3,7)/42 St (A,C,E)",40.75731,-73.98974,1.0,0,103
2022-07-18,611,"Times Sq-42 St (N,Q,R,W,S,1,2,3,7)/42 St (A,C,E)",40.75731,-73.987495,38.0,0,86
2022-07-18,611,"Times Sq-42 St (N,Q,R,W,S,1,2,3,7)/42 St (A,C,E)",40.75731,-73.987495,38.0,0,83
2022-07-18,611,"Times Sq-42 St (N,Q,R,W,S,1,2,3,7)/42 St (A,C,E)",40.75731,-73.987495,38.0,0,99
2022-07-18,611,"Times Sq-42 St (N,Q,R,W,S,1,2,3,7)/42 St (A,C,E)",40.75731,-73.987495,38.0,0,79
2022-07-18,611,"Times Sq-42 St (N,Q,R,W,S,1,2,3,7)/42 St (A,C,E)",40.75731,-73.987495,38.0,0,103
2022-07-18,611,"Times Sq-42 St (N,Q,R,W,S,1,2,3,7)/42 St (A,C,E)",40.75731,-73.986755,14229.0,1,86
2022-07-18,611,"Times Sq-42 St (N,Q,R,W,S,1,2,3,7)/42 St (A,C,E)",40.75731,-73.986755,14229.0,1,83
2022-07-18,611,"Times Sq-42 St (N,Q,R,W,S,1,2,3,7)/42 St (A,C,E)",40.75731,-73.986755,14229.0,1,99
2022-07-18,611,"Times Sq-42 St (N,Q,R,W,S,1,2,3,7)/42 St (A,C,E)",40.75731,-73.986755,14229.0,1,79
2022-07-18,611,"Times Sq-42 St (N,Q,R,W,S,1,2,3,7)/42 St (A,C,E)",40.75731,-73.986755,14229.0,1,103
2022-08-05,611,"Times Sq-42 St (N,Q,R,W,S,1,2,3,7)/42 St (A,C,E)",40.75731,-73.986755,5422.0,1,86
2022-08-05,611,"Times Sq-42 St (N,Q,R,W,S,1,2,3,7)/42 St (A,C,E)",40.75731,-73.986755,5422.0,1,83
2022-08-05,611,"Times Sq-42 St (N,Q,R,W,S,1,2,3,7)/42 St (A,C,E)",40.75731,-73.986755,5422.0,1,99
2022-08-05,611,"Times Sq-42 St (N,Q,R,W,S,1,2,3,7)/42 St (A,C,E)",40.75731,-73.986755,5422.0,1,79
2022-08-05,611,"Times Sq-42 St (N,Q,R,W,S,1,2,3,7)/42 St (A,C,E)",40.75731,-73.986755,5422.0,1,103
2022-08-08,611,"Times Sq-42 St (N,Q,R,W,S,1,2,3,7)/42 St (A,C,E)",40.75731,-73.987495,24.0,0,86
2022-08-08,611,"Times Sq-42 St (N,Q,R,W,S,1,2,3,7)/42 St (A,C,E)",40.75731,-73.987495,24.0,0,83
2022-08-08,611,"Times Sq-42 St (N,Q,R,W,S,1,2,3,7)/42 St (A,C,E)",40.75731,-73.987495,24.0,0,99
2022-08-08,611,"Times Sq-42 St (N,Q,R,W,S,1,2,3,7)/42 St (A,C,E)",40.75731,-73.987495,24.0,0,79
2022-08-08,611,"Times Sq-42 St (N,Q,R,W,S,1,2,3,7)/42 St (A,C,E)",40.75731,-73.987495,24.0,0,103
2022-08-08,611,"Times Sq-42 St (N,Q,R,W,S,1,2,3,7)/42 St (A,C,E)",40.75731,-73.986755,3423.0,1,86
2022-08-08,611,"Times Sq-42 St (N,Q,R,W,S,1,2,3,7)/42 St (A,C,E)",40.75731,-73.986755,3423.0,1,83
2022-08-08,611,"Times Sq-42 St (N,Q,R,W,S,1,2,3,7)/42 St (A,C,E)",40.75731,-73.986755,3423.0,1,99
2022-08-08,611,"Times Sq-42 St (N,Q,R,W,S,1,2,3,7)/42 St (A,C,E)",40.75731,-73.986755,3423.0,1,79
2022-08-08,611,"Times Sq-42 St (N,Q,R,W,S,1,2,3,7)/42 St (A,C,E)",40.75731,-73.986755,3423.0,1,103
2022-08-09,611,"Times Sq-42 St (N,Q,R,W,S,1,2,3,7)/42 St (A,C,E)",40.75731,-73.987495,27.0,0,86
2022-08-09,611,"Times Sq-42 St (N,Q,R,W,S,1,2,3,7)/42 St (A,C,E)",40.75731,-73.987495,27.0,0,83
2022-08-09,611,"Times Sq-42 St (N,Q,R,W,S,1,2,3,7)/42 St (A,C,E)",40.75731,-73.987495,27.0,0,99
2022-08-09,611,"Times Sq-42 St (N,Q,R,W,S,1,2,3,7)/42 St (A,C,E)",40.75731,-73.987495,27.0,0,79
2022-08-09,611,"Times Sq-42 St (N,Q,R,W,S,1,2,3,7)/42 St (A,C,E)",40.75731,-73.987495,27.0,0,103
2022-08-09,611,"Times Sq-42 St (N,Q,R,W,S,1,2,3,7)/42 St (A,C,E)",40.75731,-73.986755,14939.0,1,86
2022-08-09,611,"Times Sq-42 St (N,Q,R,W,S,1,2,3,7)/42 St (A,C,E)",40.75731,-73.986755,14939.0,1,83
2022-08-09,611,"Times Sq-42 St (N,Q,R,W,S,1,2,3,7)/42 St (A,C,E)",40.75731,-73.986755,14939.0,1,99
2022-08-09,611,"Times Sq-42 St (N,Q,R,W,S,1,2,3,7)/42 St (A,C,E)",40.75731,-73.986755,14939.0,1,79
2022-08-09,611,"Times Sq-42 St (N,Q,R,W,S,1,2,3,7)/42 St (A,C,E)",40.75731,-73.986755,14939.0,1,103
2022-08-30,611,"Times Sq-42 St (N,Q,R,W,S,1,2,3,7)/42 St (A,C,E)",40.75731,-73.987495,18.0,0,86
2022-08-30,611,"Times Sq-42 St (N,Q,R,W,S,1,2,3,7)/42 St (A,C,E)",40.75731,-73.987495,18.0,0,83
2022-08-30,611,"Times Sq-42 St (N,Q,R,W,S,1,2,3,7)/42 St (A,C,E)",40.75731,-73.987495,18.0,0,99
2022-08-30,611,"Times Sq-42 St (N,Q,R,W,S,1,2,3,7)/42 St (A,C,E)",40.75731,-73.987495,18.0,0,79
2022-08-30,611,"Times Sq-42 St (N,Q,R,W,S,1,2,3,7)/42 St (A,C,E)",40.75731,-73.987495,18.0,0,103
2022-08-30,611,"Times Sq-42 St (N,Q,R,W,S,1,2,3,7)/42 St (A,C,E)",40.75731,-73.986755,6765.0,1,86
2022-08-30,611,"Times Sq-42 St (N,Q,R,W,S,1,2,3,7)/42 St (A,C,E)",40.75731,-73.986755,6765.0,1,83
2022-08-30,611,"Times Sq-42 St (N,Q,R,W,S,1,2,3,7)/42 St (A,C,E)",40.75731,-73.986755,6765.0,1,99
2022-08-30,611,"Times Sq-42 St (N,Q,R,W,S,1,2,3,7)/42 St (A,C,E)",40.75731,-73.986755,6765.0,1,79
2022-08-30,611,"Times Sq-42 St (N,Q,R,W,S,1,2,3,7)/42 St (A,C,E)",40.75731,-73.986755,6765.0,1,103
2022-09-13,611,"Times Sq-42 St (N,Q,R,W,S,1,2,3,7)/42 St (A,C,E)",40.75529,-73.987495,3.0,0,86
2022-09-13,611,"Times Sq-42 St (N,Q,R,W,S,1,2,3,7)/42 St (A,C,E)",40.75529,-73.987495,3.0,0,83
2022-09-13,611,"Times Sq-42 St (N,Q,R,W,S,1,2,3,7)/42 St (A,C,E)",40.75529,-73.987495,3.0,0,99
2022-09-13,611,"Times Sq-42 St (N,Q,R,W,S,1,2,3,7)/42 St (A,C,E)",40.75529,-73.987495,3.0,0,79
2022-09-13,611,"Times Sq-42 St (N,Q,R,W,S,1,2,3,7)/42 St (A,C,E)",40.75529,-73.987495,3.0,0,103
2022-09-13,611,"Times Sq-42 St (N,Q,R,W,S,1,2,3,7)/42 St (A,C,E)",40.75731,-73.98974,1.0,0,86
2022-09-13,611,"Times Sq-42 St (N,Q,R,W,S,1,2,3,7)/42 St (A,C,E)",40.75731,-73.98974,1.0,0,83
2022-09-13,611,"Times Sq-42 St (N,Q,R,W,S,1,2,3,7)/42 St (A,C,E)",40.75731,-73.98974,1.0,0,99
2022-09-13,611,"Times Sq-42 St (N,Q,R,W,S,1,2,3,7)/42 St (A,C,E)",40.75731,-73.98974,1.0,0,79
2022-09-13,611,"Times Sq-42 St (N,Q,R,W,S,1,2,3,7)/42 St (A,C,E)",40.75731,-73.98974,1.0,0,103
2022-09-13,611,"Times Sq-42 St (N,Q,R,W,S,1,2,3,7)/42 St (A,C,E)",40.75731,-73.986755,18651.0,1,86
2022-09-13,611,"Times Sq-42 St (N,Q,R,W,S,1,2,3,7)/42 St (A,C,E)",40.75731,-73.986755,18651.0,1,83
2022-09-13,611,"Times Sq-42 St (N,Q,R,W,S,1,2,3,7)/42 St (A,C,E)",40.75731,-73.986755,18651.0,1,99
2022-09-13,611,"Times Sq-42 St (N,Q,R,W,S,1,2,3,7)/42 St (A,C,E)",40.75731,-73.986755,18651.0,1,79
2022-09-13,611,"Times Sq-42 St (N,Q,R,W,S,1,2,3,7)/42 St (A,C,E)",40.75731,-73.986755,18651.0,1,103
2023-05-11,611,"Times Sq-42 St (N,Q,R,W,S,1,2,3,7)/42 St (A,C,E)",40.75731,-73.986755,3301.0,1,86
2023-05-11,611,"Times Sq-42 St (N,Q,R,W,S,1,2,3,7)/42 St (A,C,E)",40.75731,-73.986755,3301.0,1,83
2023-05-11,611,"Times Sq-42 St (N,Q,R,W,S,1,2,3,7)/42 St (A,C,E)",40.75731,-73.986755,3301.0,1,99
2023-05-11,611,"Times Sq-42 St (N,Q,R,W,S,1,2,3,7)/42 St (A,C,E)",40.75731,-73.986755,3301.0,1,79
2023-05-11,611,"Times Sq-42 St (N,Q,R,W,S,1,2,3,7)/42 St (A,C,E)",40.75731,-73.986755,3301.0,1,103
2023-06-14,611,"Times Sq-42 St (N,Q,R,W,S,1,2,3,7)/42 St (A,C,E)",40.75529,-73.987495,1.0,0,86
2023-06-14,611,"Times Sq-42 St (N,Q,R,W,S,1,2,3,7)/42 St (A,C,E)",40.75529,-73.987495,1.0,0,83
2023-06-14,611,"Times Sq-42 St (N,Q,R,W,S,1,2,3,7)/42 St (A,C,E)",40.75529,-73.987495,1.0,0,99
2023-06-14,611,"Times Sq-42 St (N,Q,R,W,S,1,2,3,7)/42 St (A,C,E)",40.75529,-73.987495,1.0,0,79
2023-06-14,611,"Times Sq-42 St (N,Q,R,W,S,1,2,3,7)/42 St (A,C,E)",40.75529,-73.987495,1.0,0,103
2023-06-14,611,"Times Sq-42 St (N,Q,R,W,S,1,2,3,7)/42 St (A,C,E)",40.75731,-73.986755,10417.0,1,86
2023-06-14,611,"Times Sq-42 St (N,Q,R,W,S,1,2,3,7)/42 St (A,C,E)",40.75731,-73.986755,10417.0,1,83
2023-06-14,611,"Times Sq-42 St (N,Q,R,W,S,1,2,3,7)/42 St (A,C,E)",40.75731,-73.986755,10417.0,1,99
2023-06-14,611,"Times Sq-42 St (N,Q,R,W,S,1,2,3,7)/42 St (A,C,E)",40.75731,-73.986755,10417.0,1,79
2023-06-14,611,"Times Sq-42 St (N,Q,R,W,S,1,2,3,7)/42 St (A,C,E)",40.75731,-73.986755,10417.0,1,103
2023-09-27,611,"Times Sq-42 St (N,Q,R,W,S,1,2,3,7)/42 St (A,C,E)",40.75731,-73.987495,20.0,0,86
2023-09-27,611,"Times Sq-42 St (N,Q,R,W,S,1,2,3,7)/42 St (A,C,E)",40.75731,-73.987495,20.0,0,83
2023-09-27,611,"Times Sq-42 St (N,Q,R,W,S,1,2,3,7)/42 St (A,C,E)",40.75731,-73.987495,20.0,0,99
2023-09-27,611,"Times Sq-42 St (N,Q,R,W,S,1,2,3,7)/42 St (A,C,E)",40.75731,-73.987495,20.0,0,79
2023-09-27,611,"Times Sq-42 St (N,Q,R,W,S,1,2,3,7)/42 St (A,C,E)",40.75731,-73.987495,20.0,0,103
2023-09-27,611,"Times Sq-42 St (N,Q,R,W,S,1,2,3,7)/42 St (A,C,E)",40.75731,-73.986755,18373.0,1,86
2023-09-27,611,"Times Sq-42 St (N,Q,R,W,S,1,2,3,7)/42 St (A,C,E)",40.75731,-73.986755,18373.0,1,83
2023-09-27,611,"Times Sq-42 St (N,Q,R,W,S,1,2,3,7)/42 St (A,C,E)",40.75731,-73.986755,18373.0,1,99
2023-09-27,611,"Times Sq-42 St (N,Q,R,W,S,1,2,3,7)/42 St (A,C,E)",40.75731,-73.986755,18373.0,1,79
2023-09-27,611,"Times Sq-42 St (N,Q,R,W,S,1,2,3,7)/42 St (A,C,E)",40.75731,-73.986755,18373.0,1,103
2023-10-04,611,"Times Sq-42 St (N,Q,R,W,S,1,2,3,7)/42 St (A,C,E)",40.75731,-73.98974,2.0,0,86
2023-10-04,611,"Times Sq-42 St (N,Q,R,W,S,1,2,3,7)/42 St (A,C,E)",40.75731,-73.98974,2.0,0,83
2023-10-04,611,"Times Sq-42 St (N,Q,R,W,S,1,2,3,7)/42 St (A,C,E)",40.75731,-73.98974,2.0,0,99
2023-10-04,611,"Times Sq-42 St (N,Q,R,W,S,1,2,3,7)/42 St (A,C,E)",40.75731,-73.98974,2.0,0,79
2023-10-04,611,"Times Sq-42 St (N,Q,R,W,S,1,2,3,7)/42 St (A,C,E)",40.75731,-73.98974,2.0,0,103
2023-10-04,611,"Times Sq-42 St (N,Q,R,W,S,1,2,3,7)/42 St (A,C,E)",40.75731,-73.987495,11.0,0,86
2023-10-04,611,"Times Sq-42 St (N,Q,R,W,S,1,2,3,7)/42 St (A,C,E)",40.75731,-73.987495,11.0,0,83
2023-10-04,611,"Times Sq-42 St (N,Q,R,W,S,1,2,3,7)/42 St (A,C,E)",40.75731,-73.987495,11.0,0,99
2023-10-04,611,"Times Sq-42 St (N,Q,R,W,S,1,2,3,7)/42 St (A,C,E)",40.75731,-73.987495,11.0,0,79
2023-10-04,611,"Times Sq-42 St (N,Q,R,W,S,1,2,3,7)/42 St (A,C,E)",40.75731,-73.987495,11.0,0,103
2023-10-04,611,"Times Sq-42 St (N,Q,R,W,S,1,2,3,7)/42 St (A,C,E)",40.75731,-73.986755,7666.0,1,86
2023-10-04,611,"Times Sq-42 St (N,Q,R,W,S,1,2,3,7)/42 St (A,C,E)",40.75731,-73.986755,7666.0,1,83
2023-10-04,611,"Times Sq-42 St (N,Q,R,W,S,1,2,3,7)/42 St (A,C,E)",40.75731,-73.986755,7666.0,1,99
2023-10-04,611,"Times Sq-42 St (N,Q,R,W,S,1,2,3,7)/42 St (A,C,E)",40.75731,-73.986755,7666.0,1,79
2023-10-04,611,"Times Sq-42 St (N,Q,R,W,S,1,2,3,7)/42 St (A,C,E)",40.75731,-73.986755,7666.0,1,103
2023-10-17,611,"Times Sq-42 St (N,Q,R,W,S,1,2,3,7)/42 St (A,C,E)",40.75731,-73.987495,124.0,0,86
2023-10-17,611,"Times Sq-42 St (N,Q,R,W,S,1,2,3,7)/42 St (A,C,E)",40.75731,-73.987495,124.0,0,83
2023-10-17,611,"Times Sq-42 St (N,Q,R,W,S,1,2,3,7)/42 St (A,C,E)",40.75731,-73.987495,124.0,0,99
2023-10-17,611,"Times Sq-42 St (N,Q,R,W,S,1,2,3,7)/42 St (A,C,E)",40.75731,-73.987495,124.0,0,79
2023-10-17,611,"Times Sq-42 St (N,Q,R,W,S,1,2,3,7)/42 St (A,C,E)",40.75731,-73.987495,124.0,0,103
2023-10-17,611,"Times Sq-42 St (N,Q,R,W,S,1,2,3,7)/42 St (A,C,E)",40.75731,-73.986755,30627.0,1,86
2023-10-17,611,"Times Sq-42 St (N,Q,R,W,S,1,2,3,7)/42 St (A,C,E)",40.75731,-73.986755,30627.0,1,83
2023-10-17,611,"Times Sq-42 St (N,Q,R,W,S,1,2,3,7)/42 St (A,C,E)",40.75731,-73.986755,30627.0,1,99
2023-10-17,611,"Times Sq-42 St (N,Q,R,W,S,1,2,3,7)/42 St (A,C,E)",40.75731,-73.986755,30627.0,1,79
2023-10-17,611,"Times Sq-42 St (N,Q,R,W,S,1,2,3,7)/42 St (A,C,E)",40.75731,-73.986755,30627.0,1,103
2023-11-02,611,"Times Sq-42 St (N,Q,R,W,S,1,2,3,7)/42 St (A,C,E)",40.75731,-73.986755,8336.0,1,86
2023-11-02,611,"Times Sq-42 St (N,Q,R,W,S,1,2,3,7)/42 St (A,C,E)",40.75731,-73.986755,8336.0,1,83
2023-11-02,611,"Times Sq-42 St (N,Q,R,W,S,1,2,3,7)/42 St (A,C,E)",40.75731,-73.986755,8336.0,1,99
2023-11-02,611,"Times Sq-42 St (N,Q,R,W,S,1,2,3,7)/42 St (A,C,E)",40.75731,-73.986755,8336.0,1,79
2023-11-02,611,"Times Sq-42 St (N,Q,R,W,S,1,2,3,7)/42 St (A,C,E)",40.75731,-73.986755,8336.0,1,103
2023-11-03,611,"Times Sq-42 St (N,Q,R,W,S,1,2,3,7)/42 St (A,C,E)",40.75731,-73.986755,7149.0,1,86
2023-11-03,611,"Times Sq-42 St (N,Q,R,W,S,1,2,3,7)/42 St (A,C,E)",40.75731,-73.986755,7149.0,1,83
2023-11-03,611,"Times Sq-42 St (N,Q,R,W,S,1,2,3,7)/42 St (A,C,E)",40.75731,-73.986755,7149.0,1,99
2023-11-03,611,"Times Sq-42 St (N,Q,R,W,S,1,2,3,7)/42 St (A,C,E)",40.75731,-73.986755,7149.0,1,79
2023-11-03,611,"Times Sq-42 St (N,Q,R,W,S,1,2,3,7)/42 St (A,C,E)",40.75731,-73.986755,7149.0,1,103
2023-11-08,611,"Times Sq-42 St (N,Q,R,W,S,1,2,3,7)/42 St (A,C,E)",40.75731,-73.987495,74.0,0,86
2023-11-08,611,"Times Sq-42 St (N,Q,R,W,S,1,2,3,7)/42 St (A,C,E)",40.75731,-73.987495,74.0,0,83
2023-11-08,611,"Times Sq-42 St (N,Q,R,W,S,1,2,3,7)/42 St (A,C,E)",40.75731,-73.987495,74.0,0,99
2023-11-08,611,"Times Sq-42 St (N,Q,R,W,S,1,2,3,7)/42 St (A,C,E)",40.75731,-73.987495,74.0,0,79
2023-11-08,611,"Times Sq-42 St (N,Q,R,W,S,1,2,3,7)/42 St (A,C,E)",40.75731,-73.987495,74.0,0,103
2023-11-08,611,"Times Sq-42 St (N,Q,R,W,S,1,2,3,7)/42 St (A,C,E)",40.75731,-73.986755,7877.0,1,86
2023-11-08,611,"Times Sq-42 St (N,Q,R,W,S,1,2,3,7)/42 St (A,C,E)",40.75731,-73.986755,7877.0,1,83
2023-11-08,611,"Times Sq-42 St (N,Q,R,W,S,1,2,3,7)/42 St (A,C,E)",40.75731,-73.986755,7877.0,1,99
2023-11-08,611,"Times Sq-42 St (N,Q,R,W,S,1,2,3,7)/42 St (A,C,E)",40.75731,-73.986755,7877.0,1,79
2023-11-08,611,"Times Sq-42 St (N,Q,R,W,S,1,2,3,7)/42 St (A,C,E)",40.75731,-73.986755,7877.0,1,103
2023-11-23,611,"Times Sq-42 St (N,Q,R,W,S,1,2,3,7)/42 St (A,C,E)",40.75731,-73.986755,72.0,0,86
2023-11-23,611,"Times Sq-42 St (N,Q,R,W,S,1,2,3,7)/42 St (A,C,E)",40.75731,-73.986755,72.0,0,83
2023-11-23,611,"Times Sq-42 St (N,Q,R,W,S,1,2,3,7)/42 St (A,C,E)",40.75731,-73.986755,72.0,0,99
2023-11-23,611,"Times Sq-42 St (N,Q,R,W,S,1,2,3,7)/42 St (A,C,E)",40.75731,-73.986755,72.0,0,79
2023-11-23,611,"Times Sq-42 St (N,Q,R,W,S,1,2,3,7)/42 St (A,C,E)",40.75731,-73.986755,72.0,0,103
2024-01-15,611,"Times Sq-42 St (N,Q,R,W,S,1,2,3,7)/42 St (A,C,E)",40.75731,-73.987495,61.0,0,86
2024-01-15,611,"Times Sq-42 St (N,Q,R,W,S,1,2,3,7)/42 St (A,C,E)",40.75731,-73.987495,61.0,0,83
2024-01-15,611,"Times Sq-42 St (N,Q,R,W,S,1,2,3,7)/42 St (A,C,E)",40.75731,-73.987495,61.0,0,99
2024-01-15,611,"Times Sq-42 St (N,Q,R,W,S,1,2,3,7)/42 St (A,C,E)",40.75731,-73.987495,61.0,0,79
2024-01-15,611,"Times Sq-42 St (N,Q,R,W,S,1,2,3,7)/42 St (A,C,E)",40.75731,-73.987495,61.0,0,103
2024-01-15,611,"Times Sq-42 St (N,Q,R,W,S,1,2,3,7)/42 St (A,C,E)",40.75731,-73.986755,6288.0,1,86
2024-01-15,611,"Times Sq-42 St (N,Q,R,W,S,1,2,3,7)/42 St (A,C,E)",40.75731,-73.986755,6288.0,1,83
2024-01-15,611,"Times Sq-42 St (N,Q,R,W,S,1,2,3,7)/42 St (A,C,E)",40.75731,-73.986755,6288.0,1,99
2024-01-15,611,"Times Sq-42 St (N,Q,R,W,S,1,2,3,7)/42 St (A,C,E)",40.75731,-73.986755,6288.0,1,79
2024-01-15,611,"Times Sq-42 St (N,Q,R,W,S,1,2,3,7)/42 St (A,C,E)",40.75731,-73.986755,6288.0,1,103
2024-02-29,611,"Times Sq-42 St (N,Q,R,W,S,1,2,3,7)/42 St (A,C,E)",40.75529,-73.987495,3.0,0,86
2024-02-29,611,"Times Sq-42 St (N,Q,R,W,S,1,2,3,7)/42 St (A,C,E)",40.75529,-73.987495,3.0,0,83
2024-02-29,611,"Times Sq-42 St (N,Q,R,W,S,1,2,3,7)/42 St (A,C,E)",40.75529,-73.987495,3.0,0,99
2024-02-29,611,"Times Sq-42 St (N,Q,R,W,S,1,2,3,7)/42 St (A,C,E)",40.75529,-73.987495,3.0,0,79
2024-02-29,611,"Times Sq-42 St (N,Q,R,W,S,1,2,3,7)/42 St (A,C,E)",40.75529,-73.987495,3.0,0,103
2024-02-29,611,"Times Sq-42 St (N,Q,R,W,S,1,2,3,7)/42 St (A,C,E)",40.75731,-73.986755,12403.0,1,86
2024-02-29,611,"Times Sq-42 St (N,Q,R,W,S,1,2,3,7)/42 St (A,C,E)",40.75731,-73.986755,12403.0,1,83
2024-02-29,611,"Times Sq-42 St (N,Q,R,W,S,1,2,3,7)/42 St (A,C,E)",40.75731,-73.986755,12403.0,1,99
2024-02-29,611,"Times Sq-42 St (N,Q,R,W,S,1,2,3,7)/42 St (A,C,E)",40.75731,-73.986755,12403.0,1,79
2024-02-29,611,"Times Sq-42 St (N,Q,R,W,S,1,2,3,7)/42 St (A,C,E)",40.75731,-73.986755,12403.0,1,103
2024-03-05,611,"Times Sq-42 St (N,Q,R,W,S,1,2,3,7)/42 St (A,C,E)",40.75529,-73.986755,2.0,0,86
2024-03-05,611,"Times Sq-42 St (N,Q,R,W,S,1,2,3,7)/42 St (A,C,E)",40.75529,-73.986755,2.0,0,83
2024-03-05,611,"Times Sq-42 St (N,Q,R,W,S,1,2,3,7)/42 St (A,C,E)",40.75529,-73.986755,2.0,0,99
2024-03-05,611,"Times Sq-42 St (N,Q,R,W,S,1,2,3,7)/42 St (A,C,E)",40.75529,-73.986755,2.0,0,79
2024-03-05,611,"Times Sq-42 St (N,Q,R,W,S,1,2,3,7)/42 St (A,C,E)",40.75529,-73.986755,2.0,0,103
2024-03-05,611,"Times Sq-42 St (N,Q,R,W,S,1,2,3,7)/42 St (A,C,E)",40.75731,-73.98974,1.0,0,86
2024-03-05,611,"Times Sq-42 St (N,Q,R,W,S,1,2,3,7)/42 St (A,C,E)",40.75731,-73.98974,1.0,0,83
2024-03-05,611,"Times Sq-42 St (N,Q,R,W,S,1,2,3,7)/42 St (A,C,E)",40.75731,-73.98974,1.0,0,99
2024-03-05,611,"Times Sq-42 St (N,Q,R,W,S,1,2,3,7)/42 St (A,C,E)",40.75731,-73.98974,1.0,0,79
2024-03-05,611,"Times Sq-42 St (N,Q,R,W,S,1,2,3,7)/42 St (A,C,E)",40.75731,-73.98974,1.0,0,103
2024-03-05,611,"Times Sq-42 St (N,Q,R,W,S,1,2,3,7)/42 St (A,C,E)",40.75731,-73.987495,78.0,0,86
2024-03-05,611,"Times Sq-42 St (N,Q,R,W,S,1,2,3,7)/42 St (A,C,E)",40.75731,-73.987495,78.0,0,83
2024-03-05,611,"Times Sq-42 St (N,Q,R,W,S,1,2,3,7)/42 St (A,C,E)",40.75731,-73.987495,78.0,0,99
2024-03-05,611,"Times Sq-42 St (N,Q,R,W,S,1,2,3,7)/42 St (A,C,E)",40.75731,-73.987495,78.0,0,79
2024-03-05,611,"Times Sq-42 St (N,Q,R,W,S,1,2,3,7)/42 St (A,C,E)",40.75731,-73.987495,78.0,0,103
2024-03-05,611,"Times Sq-42 St (N,Q,R,W,S,1,2,3,7)/42 St (A,C,E)",40.75731,-73.986755,16944.0,1,86
2024-03-05,611,"Times Sq-42 St (N,Q,R,W,S,1,2,3,7)/42 St (A,C,E)",40.75731,-73.986755,16944.0,1,83
2024-03-05,611,"Times Sq-42 St (N,Q,R,W,S,1,2,3,7)/42 St (A,C,E)",40.75731,-73.986755,16944.0,1,99
2024-03-05,611,"Times Sq-42 St (N,Q,R,W,S,1,2,3,7)/42 St (A,C,E)",40.75731,-73.986755,16944.0,1,79
2024-03-05,611,"Times Sq-42 St (N,Q,R,W,S,1,2,3,7)/42 St (A,C,E)",40.75731,-73.986755,16944.0,1,103
2024-04-05,611,"Times Sq-42 St (N,Q,R,W,S,1,2,3,7)/42 St (A,C,E)",40.75731,-73.986755,3719.0,1,86
2024-04-05,611,"Times Sq-42 St (N,Q,R,W,S,1,2,3,7)/42 St (A,C,E)",40.75731,-73.986755,3719.0,1,83
2024-04-05,611,"Times Sq-42 St (N,Q,R,W,S,1,2,3,7)/42 St (A,C,E)",40.75731,-73.986755,3719.0,1,99
2024-04-05,611,"Times Sq-42 St (N,Q,R,W,S,1,2,3,7)/42 St (A,C,E)",40.75731,-73.986755,3719.0,1,79
2024-04-05,611,"Times Sq-42 St (N,Q,R,W,S,1,2,3,7)/42 St (A,C,E)",40.75731,-73.986755,3719.0,1,103
2024-04-16,611,"Times Sq-42 St (N,Q,R,W,S,1,2,3,7)/42 St (A,C,E)",40.75731,-73.986755,1773.0,1,86
2024-04-16,611,"Times Sq-42 St (N,Q,R,W,S,1,2,3,7)/42 St (A,C,E)",40.75731,-73.986755,1773.0,1,83
2024-04-16,611,"Times Sq-42 St (N,Q,R,W,S,1,2,3,7)/42 St (A,C,E)",40.75731,-73.986755,1773.0,1,99
2024-04-16,611,"Times Sq-42 St (N,Q,R,W,S,1,2,3,7)/42 St (A,C,E)",40.75731,-73.986755,1773.0,1,79
2024-04-16,611,"Times Sq-42 St (N,Q,R,W,S,1,2,3,7)/42 St (A,C,E)",40.75731,-73.986755,1773.0,1,103
2024-05-03,611,"Times Sq-42 St (N,Q,R,W,S,1,2,3,7)/42 St (A,C,E)",40.75731,-73.987495,10.0,0,86
2024-05-03,611,"Times Sq-42 St (N,Q,R,W,S,1,2,3,7)/42 St (A,C,E)",40.75731,-73.987495,10.0,0,83
2024-05-03,611,"Times Sq-42 St (N,Q,R,W,S,1,2,3,7)/42 St (A,C,E)",40.75731,-73.987495,10.0,0,99
2024-05-03,611,"Times Sq-42 St (N,Q,R,W,S,1,2,3,7)/42 St (A,C,E)",40.75731,-73.987495,10.0,0,79
2024-05-03,611,"Times Sq-42 St (N,Q,R,W,S,1,2,3,7)/42 St (A,C,E)",40.75731,-73.987495,10.0,0,103
2024-05-03,611,"Times Sq-42 St (N,Q,R,W,S,1,2,3,7)/42 St (A,C,E)",40.75731,-73.986755,2657.0,1,86
2024-05-03,611,"Times Sq-42 St (N,Q,R,W,S,1,2,3,7)/42 St (A,C,E)",40.75731,-73.986755,2657.0,1,83
2024-05-03,611,"Times Sq-42 St (N,Q,R,W,S,1,2,3,7)/42 St (A,C,E)",40.75731,-73.986755,2657.0,1,99
2024-05-03,611,"Times Sq-42 St (N,Q,R,W,S,1,2,3,7)/42 St (A,C,E)",40.75731,-73.986755,2657.0,1,79
2024-05-03,611,"Times Sq-42 St (N,Q,R,W,S,1,2,3,7)/42 St (A,C,E)",40.75731,-73.986755,2657.0,1,103
2024-05-07,611,"Times Sq-42 St (N,Q,R,W,S,1,2,3,7)/42 St (A,C,E)",40.75731,-73.987495,22.0,0,86
2024-05-07,611,"Times Sq-42 St (N,Q,R,W,S,1,2,3,7)/42 St (A,C,E)",40.75731,-73.987495,22.0,0,83
2024-05-07,611,"Times Sq-42 St (N,Q,R,W,S,1,2,3,7)/42 St (A,C,E)",40.75731,-73.987495,22.0,0,99
2024-05-07,611,"Times Sq-42 St (N,Q,R,W,S,1,2,3,7)/42 St (A,C,E)",40.75731,-73.987495,22.0,0,79
2024-05-07,611,"Times Sq-42 St (N,Q,R,W,S,1,2,3,7)/42 St (A,C,E)",40.75731,-73.987495,22.0,0,103
2024-05-07,611,"Times Sq-42 St (N,Q,R,W,S,1,2,3,7)/42 St (A,C,E)",40.75731,-73.986755,11186.0,1,86
2024-05-07,611,"Times Sq-42 St (N,Q,R,W,S,1,2,3,7)/42 St (A,C,E)",40.75731,-73.986755,11186.0,1,83
2024-05-07,611,"Times Sq-42 St (N,Q,R,W,S,1,2,3,7)/42 St (A,C,E)",40.75731,-73.986755,11186.0,1,99
2024-05-07,611,"Times Sq-42 St (N,Q,R,W,S,1,2,3,7)/42 St (A,C,E)",40.75731,-73.986755,11186.0,1,79
2024-05-07,611,"Times Sq-42 St (N,Q,R,W,S,1,2,3,7)/42 St (A,C,E)",40.75731,-73.986755,11186.0,1,103
2024-05-17,611,"Times Sq-42 St (N,Q,R,W,S,1,2,3,7)/42 St (A,C,E)",40.75731,-73.986755,3014.0,1,86
2024-05-17,611,"Times Sq-42 St (N,Q,R,W,S,1,2,3,7)/42 St (A,C,E)",40.75731,-73.986755,3014.0,1,83
2024-05-17,611,"Times Sq-42 St (N,Q,R,W,S,1,2,3,7)/42 St (A,C,E)",40.75731,-73.986755,3014.0,1,99
2024-05-17,611,"Times Sq-42 St (N,Q,R,W,S,1,2,3,7)/42 St (A,C,E)",40.75731,-73.986755,3014.0,1,79
2024-05-17,611,"Times Sq-42 St (N,Q,R,W,S,1,2,3,7)/42 St (A,C,E)",40.75731,-73.986755,3014.0,1,103
2024-05-24,611,"Times Sq-42 St (N,Q,R,W,S,1,2,3,7)/42 St (A,C,E)",40.75529,-73.986755,48.0,0,86
2024-05-24,611,"Times Sq-42 St (N,Q,R,W,S,1,2,3,7)/42 St (A,C,E)",40.75529,-73.986755,48.0,0,83
2024-05-24,611,"Times Sq-42 St (N,Q,R,W,S,1,2,3,7)/42 St (A,C,E)",40.75529,-73.986755,48.0,0,99
2024-05-24,611,"Times Sq-42 St (N,Q,R,W,S,1,2,3,7)/42 St (A,C,E)",40.75529,-73.986755,48.0,0,79
2024-05-24,611,"Times Sq-42 St (N,Q,R,W,S,1,2,3,7)/42 St (A,C,E)",40.75529,-73.986755,48.0,0,103
2024-05-24,611,"Times Sq-42 St (N,Q,R,W,S,1,2,3,7)/42 St (A,C,E)",40.75731,-73.987495,21.0,0,86
2024-05-24,611,"Times Sq-42 St (N,Q,R,W,S,1,2,3,7)/42 St (A,C,E)",40.75731,-73.987495,21.0,0,83
2024-05-24,611,"Times Sq-42 St (N,Q,R,W,S,1,2,3,7)/42 St (A,C,E)",40.75731,-73.987495,21.0,0,99
2024-05-24,611,"Times Sq-42 St (N,Q,R,W,S,1,2,3,7)/42 St (A,C,E)",40.75731,-73.987495,21.0,0,79
2024-05-24,611,"Times Sq-42 St (N,Q,R,W,S,1,2,3,7)/42 St (A,C,E)",40.75731,-73.987495,21.0,0,103
2024-05-24,611,"Times Sq-42 St (N,Q,R,W,S,1,2,3,7)/42 St (A,C,E)",40.75731,-73.986755,20500.0,1,86
2024-05-24,611,"Times Sq-42 St (N,Q,R,W,S,1,2,3,7)/42 St (A,C,E)",40.75731,-73.986755,20500.0,1,83
2024-05-24,611,"Times Sq-42 St (N,Q,R,W,S,1,2,3,7)/42 St (A,C,E)",40.75731,-73.986755,20500.0,1,99
2024-05-24,611,"Times Sq-42 St (N,Q,R,W,S,1,2,3,7)/42 St (A,C,E)",40.75731,-73.986755,20500.0,1,79
2024-05-24,611,"Times Sq-42 St (N,Q,R,W,S,1,2,3,7)/42 St (A,C,E)",40.75731,-73.986755,20500.0,1,103
2024-05-31,611,"Times Sq-42 St (N,Q,R,W,S,1,2,3,7)/42 St (A,C,E)",40.75529,-73.987495,24.0,0,86
2024-05-31,611,"Times Sq-42 St (N,Q,R,W,S,1,2,3,7)/42 St (A,C,E)",40.75529,-73.987495,24.0,0,83
2024-05-31,611,"Times Sq-42 St (N,Q,R,W,S,1,2,3,7)/42 St (A,C,E)",40.75529,-73.987495,24.0,0,99
2024-05-31,611,"Times Sq-42 St (N,Q,R,W,S,1,2,3,7)/42 St (A,C,E)",40.75529,-73.987495,24.0,0,79
2024-05-31,611,"Times Sq-42 St (N,Q,R,W,S,1,2,3,7)/42 St (A,C,E)",40.75529,-73.987495,24.0,0,103
2024-05-31,611,"Times Sq-42 St (N,Q,R,W,S,1,2,3,7)/42 St (A,C,E)",40.75731,-73.987495,10.0,0,86
2024-05-31,611,"Times Sq-42 St (N,Q,R,W,S,1,2,3,7)/42 St (A,C,E)",40.75731,-73.987495,10.0,0,83
2024-05-31,611,"Times Sq-42 St (N,Q,R,W,S,1,2,3,7)/42 St (A,C,E)",40.75731,-73.987495,10.0,0,99
2024-05-31,611,"Times Sq-42 St (N,Q,R,W,S,1,2,3,7)/42 St (A,C,E)",40.75731,-73.987495,10.0,0,79
2024-05-31,611,"Times Sq-42 St (N,Q,R,W,S,1,2,3,7)/42 St (A,C,E)",40.75731,-73.987495,10.0,0,103
2024-05-31,611,"Times Sq-42 St (N,Q,R,W,S,1,2,3,7)/42 St (A,C,E)",40.75731,-73.986755,2800.0,1,86
2024-05-31,611,"Times Sq-42 St (N,Q,R,W,S,1,2,3,7)/42 St (A,C,E)",40.75731,-73.986755,2800.0,1,83
2024-05-31,611,"Times Sq-42 St (N,Q,R,W,S,1,2,3,7)/42 St (A,C,E)",40.75731,-73.986755,2800.0,1,99
2024-05-31,611,"Times Sq-42 St (N,Q,R,W,S,1,2,3,7)/42 St (A,C,E)",40.75731,-73.986755,2800.0,1,79
2024-05-31,611,"Times Sq-42 St (N,Q,R,W,S,1,2,3,7)/42 St (A,C,E)",40.75731,-73.986755,2800.0,1,103
2024-06-03,611,"Times Sq-42 St (N,Q,R,W,S,1,2,3,7)/42 St (A,C,E)",40.75529,-73.987495,11.0,0,86
2024-06-03,611,"Times Sq-42 St (N,Q,R,W,S,1,2,3,7)/42 St (A,C,E)",40.75529,-73.987495,11.0,0,83
2024-06-03,611,"Times Sq-42 St (N,Q,R,W,S,1,2,3,7)/42 St (A,C,E)",40.75529,-73.987495,11.0,0,99
2024-06-03,611,"Times Sq-42 St (N,Q,R,W,S,1,2,3,7)/42 St (A,C,E)",40.75529,-73.987495,11.0,0,79
2024-06-03,611,"Times Sq-42 St (N,Q,R,W,S,1,2,3,7)/42 St (A,C,E)",40.75529,-73.987495,11.0,0,103
2024-06-03,611,"Times Sq-42 St (N,Q,R,W,S,1,2,3,7)/42 St (A,C,E)",40.75529,-73.986755,14.0,0,86
2024-06-03,611,"Times Sq-42 St (N,Q,R,W,S,1,2,3,7)/42 St (A,C,E)",40.75529,-73.986755,14.0,0,83
2024-06-03,611,"Times Sq-42 St (N,Q,R,W,S,1,2,3,7)/42 St (A,C,E)",40.75529,-73.986755,14.0,0,99
2024-06-03,611,"Times Sq-42 St (N,Q,R,W,S,1,2,3,7)/42 St (A,C,E)",40.75529,-73.986755,14.0,0,79
2024-06-03,611,"Times Sq-42 St (N,Q,R,W,S,1,2,3,7)/42 St (A,C,E)",40.75529,-73.986755,14.0,0,103
2024-06-03,611,"Times Sq-42 St (N,Q,R,W,S,1,2,3,7)/42 St (A,C,E)",40.75731,-73.987495,139.0,0,86
2024-06-03,611,"Times Sq-42 St (N,Q,R,W,S,1,2,3,7)/42 St (A,C,E)",40.75731,-73.987495,139.0,0,83
2024-06-03,611,"Times Sq-42 St (N,Q,R,W,S,1,2,3,7)/42 St (A,C,E)",40.75731,-73.987495,139.0,0,99
2024-06-03,611,"Times Sq-42 St (N,Q,R,W,S,1,2,3,7)/42 St (A,C,E)",40.75731,-73.987495,139.0,0,79
2024-06-03,611,"Times Sq-42 St (N,Q,R,W,S,1,2,3,7)/42 St (A,C,E)",40.75731,-73.987495,139.0,0,103
2024-06-03,611,"Times Sq-42 St (N,Q,R,W,S,1,2,3,7)/42 St (A,C,E)",40.75731,-73.986755,15344.0,1,86
2024-06-03,611,"Times Sq-42 St (N,Q,R,W,S,1,2,3,7)/42 St (A,C,E)",40.75731,-73.986755,15344.0,1,83
2024-06-03,611,"Times Sq-42 St (N,Q,R,W,S,1,2,3,7)/42 St (A,C,E)",40.75731,-73.986755,15344.0,1,99
2024-06-03,611,"Times Sq-42 St (N,Q,R,W,S,1,2,3,7)/42 St (A,C,E)",40.75731,-73.986755,15344.0,1,79
2024-06-03,611,"Times Sq-42 St (N,Q,R,W,S,1,2,3,7)/42 St (A,C,E)",40.75731,-73.986755,15344.0,1,103
2024-06-13,611,"Times Sq-42 St (N,Q,R,W,S,1,2,3,7)/42 St (A,C,E)",40.75529,-73.986755,23.0,0,86
2024-06-13,611,"Times Sq-42 St (N,Q,R,W,S,1,2,3,7)/42 St (A,C,E)",40.75529,-73.986755,23.0,0,83
2024-06-13,611,"Times Sq-42 St (N,Q,R,W,S,1,2,3,7)/42 St (A,C,E)",40.75529,-73.986755,23.0,0,99
2024-06-13,611,"Times Sq-42 St (N,Q,R,W,S,1,2,3,7)/42 St (A,C,E)",40.75529,-73.986755,23.0,0,79
2024-06-13,611,"Times Sq-42 St (N,Q,R,W,S,1,2,3,7)/42 St (A,C,E)",40.75529,-73.986755,23.0,0,103
2024-06-13,611,"Times Sq-42 St (N,Q,R,W,S,1,2,3,7)/42 St (A,C,E)",40.75731,-73.986755,6197.0,1,86
2024-06-13,611,"Times Sq-42 St (N,Q,R,W,S,1,2,3,7)/42 St (A,C,E)",40.75731,-73.986755,6197.0,1,83
2024-06-13,611,"Times Sq-42 St (N,Q,R,W,S,1,2,3,7)/42 St (A,C,E)",40.75731,-73.986755,6197.0,1,99
2024-06-13,611,"Times Sq-42 St (N,Q,R,W,S,1,2,3,7)/42 St (A,C,E)",40.75731,-73.986755,6197.0,1,79
2024-06-13,611,"Times Sq-42 St (N,Q,R,W,S,1,2,3,7)/42 St (A,C,E)",40.75731,-73.986755,6197.0,1,103
2024-06-18,611,"Times Sq-42 St (N,Q,R,W,S,1,2,3,7)/42 St (A,C,E)",40.75529,-73.986755,12.0,0,86
2024-06-18,611,"Times Sq-42 St (N,Q,R,W,S,1,2,3,7)/42 St (A,C,E)",40.75529,-73.986755,12.0,0,83
2024-06-18,611,"Times Sq-42 St (N,Q,R,W,S,1,2,3,7)/42 St (A,C,E)",40.75529,-73.986755,12.0,0,99
2024-06-18,611,"Times Sq-42 St (N,Q,R,W,S,1,2,3,7)/42 St (A,C,E)",40.75529,-73.986755,12.0,0,79
2024-06-18,611,"Times Sq-42 St (N,Q,R,W,S,1,2,3,7)/42 St (A,C,E)",40.75529,-73.986755,12.0,0,103
2024-06-18,611,"Times Sq-42 St (N,Q,R,W,S,1,2,3,7)/42 St (A,C,E)",40.75731,-73.986755,12195.0,1,86
2024-06-18,611,"Times Sq-42 St (N,Q,R,W,S,1,2,3,7)/42 St (A,C,E)",40.75731,-73.986755,12195.0,1,83
2024-06-18,611,"Times Sq-42 St (N,Q,R,W,S,1,2,3,7)/42 St (A,C,E)",40.75731,-73.986755,12195.0,1,99
2024-06-18,611,"Times Sq-42 St (N,Q,R,W,S,1,2,3,7)/42 St (A,C,E)",40.75731,-73.986755,12195.0,1,79
2024-06-18,611,"Times Sq-42 St (N,Q,R,W,S,1,2,3,7)/42 St (A,C,E)",40.75731,-73.986755,12195.0,1,103
2024-06-20,611,"Times Sq-42 St (N,Q,R,W,S,1,2,3,7)/42 St (A,C,E)",40.75731,-73.986755,5934.0,1,86
2024-06-20,611,"Times Sq-42 St (N,Q,R,W,S,1,2,3,7)/42 St (A,C,E)",40.75731,-73.986755,5934.0,1,83
2024-06-20,611,"Times Sq-42 St (N,Q,R,W,S,1,2,3,7)/42 St (A,C,E)",40.75731,-73.986755,5934.0,1,99
2024-06-20,611,"Times Sq-42 St (N,Q,R,W,S,1,2,3,7)/42 St (A,C,E)",40.75731,-73.986755,5934.0,1,79
2024-06-20,611,"Times Sq-42 St (N,Q,R,W,S,1,2,3,7)/42 St (A,C,E)",40.75731,-73.986755,5934.0,1,103
2024-06-21,611,"Times Sq-42 St (N,Q,R,W,S,1,2,3,7)/42 St (A,C,E)",40.75731,-73.987495,105.0,0,86
2024-06-21,611,"Times Sq-42 St (N,Q,R,W,S,1,2,3,7)/42 St (A,C,E)",40.75731,-73.987495,105.0,0,83
2024-06-21,611,"Times Sq-42 St (N,Q,R,W,S,1,2,3,7)/42 St (A,C,E)",40.75731,-73.987495,105.0,0,99
2024-06-21,611,"Times Sq-42 St (N,Q,R,W,S,1,2,3,7)/42 St (A,C,E)",40.75731,-73.987495,105.0,0,79
2024-06-21,611,"Times Sq-42 St (N,Q,R,W,S,1,2,3,7)/42 St (A,C,E)",40.75731,-73.987495,105.0,0,103
2024-06-21,611,"Times Sq-42 St (N,Q,R,W,S,1,2,3,7)/42 St (A,C,E)",40.75731,-73.986755,18029.0,1,86
2024-06-21,611,"Times Sq-42 St (N,Q,R,W,S,1,2,3,7)/42 St (A,C,E)",40.75731,-73.986755,18029.0,1,83
2024-06-21,611,"Times Sq-42 St (N,Q,R,W,S,1,2,3,7)/42 St (A,C,E)",40.75731,-73.986755,18029.0,1,99
2024-06-21,611,"Times Sq-42 St (N,Q,R,W,S,1,2,3,7)/42 St (A,C,E)",40.75731,-73.986755,18029.0,1,79
2024-06-21,611,"Times Sq-42 St (N,Q,R,W,S,1,2,3,7)/42 St (A,C,E)",40.75731,-73.986755,18029.0,1,103
2024-06-28,611,"Times Sq-42 St (N,Q,R,W,S,1,2,3,7)/42 St (A,C,E)",40.75731,-73.987495,53.0,0,86
2024-06-28,611,"Times Sq-42 St (N,Q,R,W,S,1,2,3,7)/42 St (A,C,E)",40.75731,-73.987495,53.0,0,83
2024-06-28,611,"Times Sq-42 St (N,Q,R,W,S,1,2,3,7)/42 St (A,C,E)",40.75731,-73.987495,53.0,0,99
2024-06-28,611,"Times Sq-42 St (N,Q,R,W,S,1,2,3,7)/42 St (A,C,E)",40.75731,-73.987495,53.0,0,79
2024-06-28,611,"Times Sq-42 St (N,Q,R,W,S,1,2,3,7)/42 St (A,C,E)",40.75731,-73.987495,53.0,0,103
2024-06-28,611,"Times Sq-42 St (N,Q,R,W,S,1,2,3,7)/42 St (A,C,E)",40.75731,-73.986755,10117.0,1,86
2024-06-28,611,"Times Sq-42 St (N,Q,R,W,S,1,2,3,7)/42 St (A,C,E)",40.75731,-73.986755,10117.0,1,83
2024-06-28,611,"Times Sq-42 St (N,Q,R,W,S,1,2,3,7)/42 St (A,C,E)",40.75731,-73.986755,10117.0,1,99
2024-06-28,611,"Times Sq-42 St (N,Q,R,W,S,1,2,3,7)/42 St (A,C,E)",40.75731,-73.986755,10117.0,1,79
2024-06-28,611,"Times Sq-42 St (N,Q,R,W,S,1,2,3,7)/42 St (A,C,E)",40.75731,-73.986755,10117.0,1,103
2024-08-28,611,"Times Sq-42 St (N,Q,R,W,S,1,2,3,7)/42 St (A,C,E)",40.75731,-73.986755,5927.0,1,86
2024-08-28,611,"Times Sq-42 St (N,Q,R,W,S,1,2,3,7)/42 St (A,C,E)",40.75731,-73.986755,5927.0,1,83
2024-08-28,611,"Times Sq-42 St (N,Q,R,W,S,1,2,3,7)/42 St (A,C,E)",40.75731,-73.986755,5927.0,1,99
2024-08-28,611,"Times Sq-42 St (N,Q,R,W,S,1,2,3,7)/42 St (A,C,E)",40.75731,-73.986755,5927.0,1,79
2024-08-28,611,"Times Sq-42 St (N,Q,R,W,S,1,2,3,7)/42 St (A,C,E)",40.75731,-73.986755,5927.0,1,103
2024-08-29,611,"Times Sq-42 St (N,Q,R,W,S,1,2,3,7)/42 St (A,C,E)",40.75731,-73.986755,11860.0,1,86
2024-08-29,611,"Times Sq-42 St (N,Q,R,W,S,1,2,3,7)/42 St (A,C,E)",40.75731,-73.986755,11860.0,1,83
2024-08-29,611,"Times Sq-42 St (N,Q,R,W,S,1,2,3,7)/42 St (A,C,E)",40.75731,-73.986755,11860.0,1,99
2024-08-29,611,"Times Sq-42 St (N,Q,R,W,S,1,2,3,7)/42 St (A,C,E)",40.75731,-73.986755,11860.0,1,79
2024-08-29,611,"Times Sq-42 St (N,Q,R,W,S,1,2,3,7)/42 St (A,C,E)",40.75731,-73.986755,11860.0,1,103
2024-09-04,611,"Times Sq-42 St (N,Q,R,W,S,1,2,3,7)/42 St (A,C,E)",40.75731,-73.987495,17.0,0,86
2024-09-04,611,"Times Sq-42 St (N,Q,R,W,S,1,2,3,7)/42 St (A,C,E)",40.75731,-73.987495,17.0,0,83
2024-09-04,611,"Times Sq-42 St (N,Q,R,W,S,1,2,3,7)/42 St (A,C,E)",40.75731,-73.987495,17.0,0,99
2024-09-04,611,"Times Sq-42 St (N,Q,R,W,S,1,2,3,7)/42 St (A,C,E)",40.75731,-73.987495,17.0,0,79
2024-09-04,611,"Times Sq-42 St (N,Q,R,W,S,1,2,3,7)/42 St (A,C,E)",40.75731,-73.987495,17.0,0,103
2024-09-04,611,"Times Sq-42 St (N,Q,R,W,S,1,2,3,7)/42 St (A,C,E)",40.75731,-73.986755,26353.0,1,86
2024-09-04,611,"Times Sq-42 St (N,Q,R,W,S,1,2,3,7)/42 St (A,C,E)",40.75731,-73.986755,26353.0,1,83
2024-09-04,611,"Times Sq-42 St (N,Q,R,W,S,1,2,3,7)/42 St (A,C,E)",40.75731,-73.986755,26353.0,1,99
2024-09-04,611,"Times Sq-42 St (N,Q,R,W,S,1,2,3,7)/42 St (A,C,E)",40.75731,-73.986755,26353.0,1,79
2024-09-04,611,"Times Sq-42 St (N,Q,R,W,S,1,2,3,7)/42 St (A,C,E)",40.75731,-73.986755,26353.0,1,103
2024-09-05,611,"Times Sq-42 St (N,Q,R,W,S,1,2,3,7)/42 St (A,C,E)",40.75731,-73.987495,75.0,0,86
2024-09-05,611,"Times Sq-42 St (N,Q,R,W,S,1,2,3,7)/42 St (A,C,E)",40.75731,-73.987495,75.0,0,83
2024-09-05,611,"Times Sq-42 St (N,Q,R,W,S,1,2,3,7)/42 St (A,C,E)",40.75731,-73.987495,75.0,0,99
2024-09-05,611,"Times Sq-42 St (N,Q,R,W,S,1,2,3,7)/42 St (A,C,E)",40.75731,-73.987495,75.0,0,79
2024-09-05,611,"Times Sq-42 St (N,Q,R,W,S,1,2,3,7)/42 St (A,C,E)",40.75731,-73.987495,75.0,0,103
2024-09-05,611,"Times Sq-42 St (N,Q,R,W,S,1,2,3,7)/42 St (A,C,E)",40.75731,-73.986755,29022.0,1,86
2024-09-05,611,"Times Sq-42 St (N,Q,R,W,S,1,2,3,7)/42 St (A,C,E)",40.75731,-73.986755,29022.0,1,83
2024-09-05,611,"Times Sq-42 St (N,Q,R,W,S,1,2,3,7)/42 St (A,C,E)",40.75731,-73.986755,29022.0,1,99
2024-09-05,611,"Times Sq-42 St (N,Q,R,W,S,1,2,3,7)/42 St (A,C,E)",40.75731,-73.986755,29022.0,1,79
2024-09-05,611,"Times Sq-42 St (N,Q,R,W,S,1,2,3,7)/42 St (A,C,E)",40.75731,-73.986755,29022.0,1,103
2024-09-13,611,"Times Sq-42 St (N,Q,R,W,S,1,2,3,7)/42 St (A,C,E)",40.75731,-73.987495,57.0,0,86
2024-09-13,611,"Times Sq-42 St (N,Q,R,W,S,1,2,3,7)/42 St (A,C,E)",40.75731,-73.987495,57.0,0,83
2024-09-13,611,"Times Sq-42 St (N,Q,R,W,S,1,2,3,7)/42 St (A,C,E)",40.75731,-73.987495,57.0,0,99
2024-09-13,611,"Times Sq-42 St (N,Q,R,W,S,1,2,3,7)/42 St (A,C,E)",40.75731,-73.987495,57.0,0,79
2024-09-13,611,"Times Sq-42 St (N,Q,R,W,S,1,2,3,7)/42 St (A,C,E)",40.75731,-73.987495,57.0,0,103
2024-09-13,611,"Times Sq-42 St (N,Q,R,W,S,1,2,3,7)/42 St (A,C,E)",40.75731,-73.986755,13808.0,1,86
2024-09-13,611,"Times Sq-42 St (N,Q,R,W,S,1,2,3,7)/42 St (A,C,E)",40.75731,-73.986755,13808.0,1,83
2024-09-13,611,"Times Sq-42 St (N,Q,R,W,S,1,2,3,7)/42 St (A,C,E)",40.75731,-73.986755,13808.0,1,99
2024-09-13,611,"Times Sq-42 St (N,Q,R,W,S,1,2,3,7)/42 St (A,C,E)",40.75731,-73.986755,13808.0,1,79
2024-09-13,611,"Times Sq-42 St (N,Q,R,W,S,1,2,3,7)/42 St (A,C,E)",40.75731,-73.986755,13808.0,1,103
2024-09-28,611,"Times Sq-42 St (N,Q,R,W,S,1,2,3,7)/42 St (A,C,E)",40.75731,-73.987495,115.0,0,86
2024-09-28,611,"Times Sq-42 St (N,Q,R,W,S,1,2,3,7)/42 St (A,C,E)",40.75731,-73.987495,115.0,0,83
2024-09-28,611,"Times Sq-42 St (N,Q,R,W,S,1,2,3,7)/42 St (A,C,E)",40.75731,-73.987495,115.0,0,99
2024-09-28,611,"Times Sq-42 St (N,Q,R,W,S,1,2,3,7)/42 St (A,C,E)",40.75731,-73.987495,115.0,0,79
2024-09-28,611,"Times Sq-42 St (N,Q,R,W,S,1,2,3,7)/42 St (A,C,E)",40.75731,-73.987495,115.0,0,103
2024-09-28,611,"Times Sq-42 St (N,Q,R,W,S,1,2,3,7)/42 St (A,C,E)",40.75731,-73.986755,3987.0,1,86
2024-09-28,611,"Times Sq-42 St (N,Q,R,W,S,1,2,3,7)/42 St (A,C,E)",40.75731,-73.986755,3987.0,1,83
2024-09-28,611,"Times Sq-42 St (N,Q,R,W,S,1,2,3,7)/42 St (A,C,E)",40.75731,-73.986755,3987.0,1,99
2024-09-28,611,"Times Sq-42 St (N,Q,R,W,S,1,2,3,7)/42 St (A,C,E)",40.75731,-73.986755,3987.0,1,79
2024-09-28,611,"Times Sq-42 St (N,Q,R,W,S,1,2,3,7)/42 St (A,C,E)",40.75731,-73.986755,3987.0,1,103
2024-10-14,611,"Times Sq-42 St (N,Q,R,W,S,1,2,3,7)/42 St (A,C,E)",40.75731,-73.987495,13.0,0,86
2024-10-14,611,"Times Sq-42 St (N,Q,R,W,S,1,2,3,7)/42 St (A,C,E)",40.75731,-73.987495,13.0,0,83
2024-10-14,611,"Times Sq-42 St (N,Q,R,W,S,1,2,3,7)/42 St (A,C,E)",40.75731,-73.987495,13.0,0,99
2024-10-14,611,"Times Sq-42 St (N,Q,R,W,S,1,2,3,7)/42 St (A,C,E)",40.75731,-73.987495,13.0,0,79
2024-10-14,611,"Times Sq-42 St (N,Q,R,W,S,1,2,3,7)/42 St (A,C,E)",40.75731,-73.987495,13.0,0,103
2024-11-16,611,"Times Sq-42 St (N,Q,R,W,S,1,2,3,7)/42 St (A,C,E)",40.75731,-73.986755,545.0,0,86
2024-11-16,611,"Times Sq-42 St (N,Q,R,W,S,1,2,3,7)/42 St (A,C,E)",40.75731,-73.986755,545.0,0,83
2024-11-16,611,"Times Sq-42 St (N,Q,R,W,S,1,2,3,7)/42 St (A,C,E)",40.75731,-73.986755,545.0,0,99
2024-11-16,611,"Times Sq-42 St (N,Q,R,W,S,1,2,3,7)/42 St (A,C,E)",40.75731,-73.986755,545.0,0,79
2024-11-16,611,"Times Sq-42 St (N,Q,R,W,S,1,2,3,7)/42 St (A,C,E)",40.75731,-73.986755,545.0,0,103
2024-11-21,611,"Times Sq-42 St (N,Q,R,W,S,1,2,3,7)/42 St (A,C,E)",40.75731,-73.987495,375.0,0,86
2024-11-21,611,"Times Sq-42 St (N,Q,R,W,S,1,2,3,7)/42 St (A,C,E)",40.75731,-73.987495,375.0,0,83
2024-11-21,611,"Times Sq-42 St (N,Q,R,W,S,1,2,3,7)/42 St (A,C,E)",40.75731,-73.987495,375.0,0,99
2024-11-21,611,"Times Sq-42 St (N,Q,R,W,S,1,2,3,7)/42 St (A,C,E)",40.75731,-73.987495,375.0,0,79
2024-11-21,611,"Times Sq-42 St (N,Q,R,W,S,1,2,3,7)/42 St (A,C,E)",40.75731,-73.987495,375.0,0,103
2024-11-21,611,"Times Sq-42 St (N,Q,R,W,S,1,2,3,7)/42 St (A,C,E)",40.75731,-73.986755,12904.0,1,86
2024-11-21,611,"Times Sq-42 St (N,Q,R,W,S,1,2,3,7)/42 St (A,C,E)",40.75731,-73.986755,12904.0,1,83
2024-11-21,611,"Times Sq-42 St (N,Q,R,W,S,1,2,3,7)/42 St (A,C,E)",40.75731,-73.986755,12904.0,1,99
2024-11-21,611,"Times Sq-42 St (N,Q,R,W,S,1,2,3,7)/42 St (A,C,E)",40.75731,-73.986755,12904.0,1,79
2024-11-21,611,"Times Sq-42 St (N,Q,R,W,S,1,2,3,7)/42 St (A,C,E)",40.75731,-73.986755,12904.0,1,103
2024-11-22,611,"Times Sq-42 St (N,Q,R,W,S,1,2,3,7)/42 St (A,C,E)",40.75731,-73.987495,389.0,0,86
2024-11-22,611,"Times Sq-42 St (N,Q,R,W,S,1,2,3,7)/42 St (A,C,E)",40.75731,-73.987495,389.0,0,83
2024-11-22,611,"Times Sq-42 St (N,Q,R,W,S,1,2,3,7)/42 St (A,C,E)",40.75731,-73.987495,389.0,0,99
2024-11-22,611,"Times Sq-42 St (N,Q,R,W,S,1,2,3,7)/42 St (A,C,E)",40.75731,-73.987495,389.0,0,79
2024-11-22,611,"Times Sq-42 St (N,Q,R,W,S,1,2,3,7)/42 St (A,C,E)",40.75731,-73.987495,389.0,0,103
2024-11-22,611,"Times Sq-42 St (N,Q,R,W,S,1,2,3,7)/42 St (A,C,E)",40.75731,-73.986755,18546.0,1,86
2024-11-22,611,"Times Sq-42 St (N,Q,R,W,S,1,2,3,7)/42 St (A,C,E)",40.75731,-73.986755,18546.0,1,83
2024-11-22,611,"Times Sq-42 St (N,Q,R,W,S,1,2,3,7)/42 St (A,C,E)",40.75731,-73.986755,18546.0,1,99
2024-11-22,611,"Times Sq-42 St (N,Q,R,W,S,1,2,3,7)/42 St (A,C,E)",40.75731,-73.986755,18546.0,1,79
2024-11-22,611,"Times Sq-42 St (N,Q,R,W,S,1,2,3,7)/42 St (A,C,E)",40.75731,-73.986755,18546.0,1,103
2024-12-03,611,"Times Sq-42 St (N,Q,R,W,S,1,2,3,7)/42 St (A,C,E)",40.75731,-73.986755,9232.0,1,86
2024-12-03,611,"Times Sq-42 St (N,Q,R,W,S,1,2,3,7)/42 St (A,C,E)",40.75731,-73.986755,9232.0,1,83
2024-12-03,611,"Times Sq-42 St (N,Q,R,W,S,1,2,3,7)/42 St (A,C,E)",40.75731,-73.986755,9232.0,1,99
2024-12-03,611,"Times Sq-42 St (N,Q,R,W,S,1,2,3,7)/42 St (A,C,E)",40.75731,-73.986755,9232.0,1,79
2024-12-03,611,"Times Sq-42 St (N,Q,R,W,S,1,2,3,7)/42 St (A,C,E)",40.75731,-73.986755,9232.0,1,103
2024-12-13,611,"Times Sq-42 St (N,Q,R,W,S,1,2,3,7)/42 St (A,C,E)",40.75731,-73.987495,22.0,0,86
2024-12-13,611,"Times Sq-42 St (N,Q,R,W,S,1,2,3,7)/42 St (A,C,E)",40.75731,-73.987495,22.0,0,83
2024-12-13,611,"Times Sq-42 St (N,Q,R,W,S,1,2,3,7)/42 St (A,C,E)",40.75731,-73.987495,22.0,0,99
2024-12-13,611,"Times Sq-42 St (N,Q,R,W,S,1,2,3,7)/42 St (A,C,E)",40.75731,-73.987495,22.0,0,79
2024-12-13,611,"Times Sq-42 St (N,Q,R,W,S,1,2,3,7)/42 St (A,C,E)",40.75731,-73.987495,22.0,0,103
2024-12-13,611,"Times Sq-42 St (N,Q,R,W,S,1,2,3,7)/42 St (A,C,E)",40.75731,-73.986755,12556.0,1,86
2024-12-13,611,"Times Sq-42 St (N,Q,R,W,S,1,2,3,7)/42 St (A,C,E)",40.75731,-73.986755,12556.0,1,83
2024-12-13,611,"Times Sq-42 St (N,Q,R,W,S,1,2,3,7)/42 St (A,C,E)",40.75731,-73.986755,12556.0,1,99
2024-12-13,611,"Times Sq-42 St (N,Q,R,W,S,1,2,3,7)/42 St (A,C,E)",40.75731,-73.986755,12556.0,1,79
2024-12-13,611,"Times Sq-42 St (N,Q,R,W,S,1,2,3,7)/42 St (A,C,E)",40.75731,-73.986755,12556.0,1,103
2024-12-26,611,"Times Sq-42 St (N,Q,R,W,S,1,2,3,7)/42 St (A,C,E)",40.75731,-73.987495,108.0,0,86
2024-12-26,611,"Times Sq-42 St (N,Q,R,W,S,1,2,3,7)/42 St (A,C,E)",40.75731,-73.987495,108.0,0,83
2024-12-26,611,"Times Sq-42 St (N,Q,R,W,S,1,2,3,7)/42 St (A,C,E)",40.75731,-73.987495,108.0,0,99
2024-12-26,611,"Times Sq-42 St (N,Q,R,W,S,1,2,3,7)/42 St (A,C,E)",40.75731,-73.987495,108.0,0,79
2024-12-26,611,"Times Sq-42 St (N,Q,R,W,S,1,2,3,7)/42 St (A,C,E)",40.75731,-73.987495,108.0,0,103
2024-12-26,611,"Times Sq-42 St (N,Q,R,W,S,1,2,3,7)/42 St (A,C,E)",40.75731,-73.986755,16037.0,1,86
2024-12-26,611,"Times Sq-42 St (N,Q,R,W,S,1,2,3,7)/42 St (A,C,E)",40.75731,-73.986755,16037.0,1,83
2024-12-26,611,"Times Sq-42 St (N,Q,R,W,S,1,2,3,7)/42 St (A,C,E)",40.75731,-73.986755,16037.0,1,99
2024-12-26,611,"Times Sq-42 St (N,Q,R,W,S,1,2,3,7)/42 St (A,C,E)",40.75731,-73.986755,16037.0,1,79
2024-12-26,611,"Times Sq-42 St (N,Q,R,W,S,1,2,3,7)/42 St (A,C,E)",40.75731,-73.986755,16037.0,1,103
2024-12-31,611,"Times Sq-42 St (N,Q,R,W,S,1,2,3,7)/42 St (A,C,E)",40.75731,-73.987495,265.0,0,86
2024-12-31,611,"Times Sq-42 St (N,Q,R,W,S,1,2,3,7)/42 St (A,C,E)",40.75731,-73.987495,265.0,0,83
2024-12-31,611,"Times Sq-42 St (N,Q,R,W,S,1,2,3,7)/42 St (A,C,E)",40.75731,-73.987495,265.0,0,99
2024-12-31,611,"Times Sq-42 St (N,Q,R,W,S,1,2,3,7)/42 St (A,C,E)",40.75731,-73.987495,265.0,0,79
2024-12-31,611,"Times Sq-42 St (N,Q,R,W,S,1,2,3,7)/42 St (A,C,E)",40.75731,-73.987495,265.0,0,103
2024-12-31,611,"Times Sq-42 St (N,Q,R,W,S,1,2,3,7)/42 St (A,C,E)",40.75731,-73.986755,6864.0,1,86
2024-12-31,611,"Times Sq-42 St (N,Q,R,W,S,1,2,3,7)/42 St (A,C,E)",40.75731,-73.986755,6864.0,1,83
2024-12-31,611,"Times Sq-42 St (N,Q,R,W,S,1,2,3,7)/42 St (A,C,E)",40.75731,-73.986755,6864.0,1,99
2024-12-31,611,"Times Sq-42 St (N,Q,R,W,S,1,2,3,7)/42 St (A,C,E)",40.75731,-73.986755,6864.0,1,79
2024-12-31,611,"Times Sq-42 St (N,Q,R,W,S,1,2,3,7)/42 St (A,C,E)",40.75731,-73.986755,6864.0,1,103
2021-05-21,612,"Lexington Av-53 St (E,M)/51 St (6)",40.757553,-73.969055,65.0,0,55
2021-05-21,612,"Lexington Av-53 St (E,M)/51 St (6)",40.757553,-73.969055,65.0,0,67
2021-05-26,612,"Lexington Av-53 St (E,M)/51 St (6)",40.757553,-73.969055,1445.0,1,55
2021-05-26,612,"Lexington Av-53 St (E,M)/51 St (6)",40.757553,-73.969055,1445.0,1,67
2021-06-10,612,"Lexington Av-53 St (E,M)/51 St (6)",40.757553,-73.969055,217.0,0,55
2021-06-10,612,"Lexington Av-53 St (E,M)/51 St (6)",40.757553,-73.969055,217.0,0,67
2021-06-21,612,"Lexington Av-53 St (E,M)/51 St (6)",40.757107,-73.97192,2.0,0,55
2021-06-21,612,"Lexington Av-53 St (E,M)/51 St (6)",40.757107,-73.97192,2.0,0,67
2021-06-21,612,"Lexington Av-53 St (E,M)/51 St (6)",40.757553,-73.969055,1488.0,1,55
2021-06-21,612,"Lexington Av-53 St (E,M)/51 St (6)",40.757553,-73.969055,1488.0,1,67
2021-06-30,612,"Lexington Av-53 St (E,M)/51 St (6)",40.757553,-73.969055,1527.0,1,55
2021-06-30,612,"Lexington Av-53 St (E,M)/51 St (6)",40.757553,-73.969055,1527.0,1,67
2021-10-15,612,"Lexington Av-53 St (E,M)/51 St (6)",40.757553,-73.969055,202.0,0,55
2021-10-15,612,"Lexington Av-53 St (E,M)/51 St (6)",40.757553,-73.969055,202.0,0,67
2021-10-19,612,"Lexington Av-53 St (E,M)/51 St (6)",40.757553,-73.969055,55.0,0,55
2021-10-19,612,"Lexington Av-53 St (E,M)/51 St (6)",40.757553,-73.969055,55.0,0,67
2021-10-26,612,"Lexington Av-53 St (E,M)/51 St (6)",40.757553,-73.969055,1837.0,1,55
2021-10-26,612,"Lexington Av-53 St (E,M)/51 St (6)",40.757553,-73.969055,1837.0,1,67
2021-10-27,612,"Lexington Av-53 St (E,M)/51 St (6)",40.757553,-73.969055,558.0,0,55
2021-10-27,612,"Lexington Av-53 St (E,M)/51 St (6)",40.757553,-73.969055,558.0,0,67
2021-11-17,612,"Lexington Av-53 St (E,M)/51 St (6)",40.757553,-73.969055,812.0,0,55
2021-11-17,612,"Lexington Av-53 St (E,M)/51 St (6)",40.757553,-73.969055,812.0,0,67
2021-11-18,612,"Lexington Av-53 St (E,M)/51 St (6)",40.757553,-73.969055,2155.0,1,55
2021-11-18,612,"Lexington Av-53 St (E,M)/51 St (6)",40.757553,-73.969055,2155.0,1,67
2021-12-02,612,"Lexington Av-53 St (E,M)/51 St (6)",40.757553,-73.969055,121.0,0,55
2021-12-02,612,"Lexington Av-53 St (E,M)/51 St (6)",40.757553,-73.969055,121.0,0,67
2021-12-16,612,"Lexington Av-53 St (E,M)/51 St (6)",40.757553,-73.969055,293.0,0,55
2021-12-16,612,"Lexington Av-53 St (E,M)/51 St (6)",40.757553,-73.969055,293.0,0,67
2021-12-22,612,"Lexington Av-53 St (E,M)/51 St (6)",40.757553,-73.969055,97.0,0,55
2021-12-22,612,"Lexington Av-53 St (E,M)/51 St (6)",40.757553,-73.969055,97.0,0,67
2022-01-04,612,"Lexington Av-53 St (E,M)/51 St (6)",40.757553,-73.969055,89.0,0,55
2022-01-04,612,"Lexington Av-53 St (E,M)/51 St (6)",40.757553,-73.969055,89.0,0,67
2022-01-26,612,"Lexington Av-53 St (E,M)/51 St (6)",40.757553,-73.969055,1383.0,1,55
2022-01-26,612,"Lexington Av-53 St (E,M)/51 St (6)",40.757553,-73.969055,1383.0,1,67
2022-02-07,612,"Lexington Av-53 St (E,M)/51 St (6)",40.757553,-73.969055,1125.0,0,55
2022-02-07,612,"Lexington Av-53 St (E,M)/51 St (6)",40.757553,-73.969055,1125.0,0,67
2022-02-08,612,"Lexington Av-53 St (E,M)/51 St (6)",40.757107,-73.97192,1.0,0,55
2022-02-08,612,"Lexington Av-53 St (E,M)/51 St (6)",40.757107,-73.97192,1.0,0,67
2022-02-08,612,"Lexington Av-53 St (E,M)/51 St (6)",40.757553,-73.969055,1725.0,1,55
2022-02-08,612,"Lexington Av-53 St (E,M)/51 St (6)",40.757553,-73.969055,1725.0,1,67
2022-02-09,612,"Lexington Av-53 St (E,M)/51 St (6)",40.757553,-73.969055,1150.0,0,55
2022-02-09,612,"Lexington Av-53 St (E,M)/51 St (6)",40.757553,-73.969055,1150.0,0,67
2022-02-10,612,"Lexington Av-53 St (E,M)/51 St (6)",40.757553,-73.969055,264.0,0,55
2022-02-10,612,"Lexington Av-53 St (E,M)/51 St (6)",40.757553,-73.969055,264.0,0,67
2022-02-18,612,"Lexington Av-53 St (E,M)/51 St (6)",40.757553,-73.969055,1698.0,1,55
2022-02-18,612,"Lexington Av-53 St (E,M)/51 St (6)",40.757553,-73.969055,1698.0,1,67
2022-03-02,612,"Lexington Av-53 St (E,M)/51 St (6)",40.757553,-73.969055,2606.0,1,55
2022-03-02,612,"Lexington Av-53 St (E,M)/51 St (6)",40.757553,-73.969055,2606.0,1,67
2022-03-08,612,"Lexington Av-53 St (E,M)/51 St (6)",40.757553,-73.969055,2211.0,1,55
2022-03-08,612,"Lexington Av-53 St (E,M)/51 St (6)",40.757553,-73.969055,2211.0,1,67
2022-03-15,612,"Lexington Av-53 St (E,M)/51 St (6)",40.757553,-73.969055,2247.0,1,55
2022-03-15,612,"Lexington Av-53 St (E,M)/51 St (6)",40.757553,-73.969055,2247.0,1,67
2022-03-29,612,"Lexington Av-53 St (E,M)/51 St (6)",40.757553,-73.969055,2706.0,1,55
2022-03-29,612,"Lexington Av-53 St (E,M)/51 St (6)",40.757553,-73.969055,2706.0,1,67
2022-04-07,612,"Lexington Av-53 St (E,M)/51 St (6)",40.757553,-73.969055,20.0,0,55
2022-04-07,612,"Lexington Av-53 St (E,M)/51 St (6)",40.757553,-73.969055,20.0,0,67
2022-04-20,612,"Lexington Av-53 St (E,M)/51 St (6)",40.757553,-73.969055,489.0,0,55
2022-04-20,612,"Lexington Av-53 St (E,M)/51 St (6)",40.757553,-73.969055,489.0,0,67
2022-04-27,612,"Lexington Av-53 St (E,M)/51 St (6)",40.757553,-73.969055,1868.0,1,55
2022-04-27,612,"Lexington Av-53 St (E,M)/51 St (6)",40.757553,-73.969055,1868.0,1,67
2022-05-31,612,"Lexington Av-53 St (E,M)/51 St (6)",40.757553,-73.969055,481.0,0,55
2022-05-31,612,"Lexington Av-53 St (E,M)/51 St (6)",40.757553,-73.969055,481.0,0,67
2022-06-01,612,"Lexington Av-53 St (E,M)/51 St (6)",40.757553,-73.969055,2917.0,1,55
2022-06-01,612,"Lexington Av-53 St (E,M)/51 St (6)",40.757553,-73.969055,2917.0,1,67
2022-07-18,612,"Lexington Av-53 St (E,M)/51 St (6)",40.757107,-73.97192,4.0,0,55
2022-07-18,612,"Lexington Av-53 St (E,M)/51 St (6)",40.757107,-73.97192,4.0,0,67
2022-07-18,612,"Lexington Av-53 St (E,M)/51 St (6)",40.757553,-73.969055,2074.0,1,55
2022-07-18,612,"Lexington Av-53 St (E,M)/51 St (6)",40.757553,-73.969055,2074.0,1,67
2022-08-05,612,"Lexington Av-53 St (E,M)/51 St (6)",40.757553,-73.969055,713.0,0,55
2022-08-05,612,"Lexington Av-53 St (E,M)/51 St (6)",40.757553,-73.969055,713.0,0,67
2022-08-08,612,"Lexington Av-53 St (E,M)/51 St (6)",40.757553,-73.969055,800.0,0,55
2022-08-08,612,"Lexington Av-53 St (E,M)/51 St (6)",40.757553,-73.969055,800.0,0,67
2022-08-09,612,"Lexington Av-53 St (E,M)/51 St (6)",40.757553,-73.969055,2690.0,1,55
2022-08-09,612,"Lexington Av-53 St (E,M)/51 St (6)",40.757553,-73.969055,2690.0,1,67
2022-08-30,612,"Lexington Av-53 St (E,M)/51 St (6)",40.757553,-73.969055,790.0,0,55
2022-08-30,612,"Lexington Av-53 St (E,M)/51 St (6)",40.757553,-73.969055,790.0,0,67
2022-09-13,612,"Lexington Av-53 St (E,M)/51 St (6)",40.757553,-73.969055,3356.0,1,55
2022-09-13,612,"Lexington Av-53 St (E,M)/51 St (6)",40.757553,-73.969055,3356.0,1,67
2023-05-11,612,"Lexington Av-53 St (E,M)/51 St (6)",40.757553,-73.969055,197.0,0,55
2023-05-11,612,"Lexington Av-53 St (E,M)/51 St (6)",40.757553,-73.969055,197.0,0,67
2023-06-14,612,"Lexington Av-53 St (E,M)/51 St (6)",40.757553,-73.969055,1246.0,1,55
2023-06-14,612,"Lexington Av-53 St (E,M)/51 St (6)",40.757553,-73.969055,1246.0,1,67
2023-09-27,612,"Lexington Av-53 St (E,M)/51 St (6)",40.757553,-73.969055,696.0,0,55
2023-09-27,612,"Lexington Av-53 St (E,M)/51 St (6)",40.757553,-73.969055,696.0,0,67
2023-10-04,612,"Lexington Av-53 St (E,M)/51 St (6)",40.757553,-73.969055,534.0,0,55
2023-10-04,612,"Lexington Av-53 St (E,M)/51 St (6)",40.757553,-73.969055,534.0,0,67
2023-10-17,612,"Lexington Av-53 St (E,M)/51 St (6)",40.757553,-73.969055,3279.0,1,55
2023-10-17,612,"Lexington Av-53 St (E,M)/51 St (6)",40.757553,-73.969055,3279.0,1,67
2023-11-02,612,"Lexington Av-53 St (E,M)/51 St (6)",40.757553,-73.969055,2500.0,1,55
2023-11-02,612,"Lexington Av-53 St (E,M)/51 St (6)",40.757553,-73.969055,2500.0,1,67
2023-11-03,612,"Lexington Av-53 St (E,M)/51 St (6)",40.757553,-73.969055,1062.0,0,55
2023-11-03,612,"Lexington Av-53 St (E,M)/51 St (6)",40.757553,-73.969055,1062.0,0,67
2023-11-08,612,"Lexington Av-53 St (E,M)/51 St (6)",40.757553,-73.969055,2287.0,1,55
2023-11-08,612,"Lexington Av-53 St (E,M)/51 St (6)",40.757553,-73.969055,2287.0,1,67
2023-11-17,612,"Lexington Av-53 St (E,M)/51 St (6)",40.757553,-73.969055,168.0,0,55
2023-11-17,612,"Lexington Av-53 St (E,M)/51 St (6)",40.757553,-73.969055,168.0,0,67
2023-11-23,612,"Lexington Av-53 St (E,M)/51 St (6)",40.757553,-73.969055,14.0,0,55
2023-11-23,612,"Lexington Av-53 St (E,M)/51 St (6)",40.757553,-73.969055,14.0,0,67
2024-01-15,612,"Lexington Av-53 St (E,M)/51 St (6)",40.757553,-73.969055,1566.0,1,55
2024-01-15,612,"Lexington Av-53 St (E,M)/51 St (6)",40.757553,-73.969055,1566.0,1,67
2024-02-29,612,"Lexington Av-53 St (E,M)/51 St (6)",40.757553,-73.969055,1387.0,1,55
2024-02-29,612,"Lexington Av-53 St (E,M)/51 St (6)",40.757553,-73.969055,1387.0,1,67
2024-03-05,612,"Lexington Av-53 St (E,M)/51 St (6)",40.757553,-73.969055,2520.0,1,55
2024-03-05,612,"Lexington Av-53 St (E,M)/51 St (6)",40.757553,-73.969055,2520.0,1,67
2024-04-05,612,"Lexington Av-53 St (E,M)/51 St (6)",40.757553,-73.969055,1096.0,0,55
2024-04-05,612,"Lexington Av-53 St (E,M)/51 St (6)",40.757553,-73.969055,1096.0,0,67
2024-04-16,612,"Lexington Av-53 St (E,M)/51 St (6)",40.757553,-73.969055,1184.0,1,55
2024-04-16,612,"Lexington Av-53 St (E,M)/51 St (6)",40.757553,-73.969055,1184.0,1,67
2024-05-03,612,"Lexington Av-53 St (E,M)/51 St (6)",40.757553,-73.969055,1967.0,1,55
2024-05-03,612,"Lexington Av-53 St (E,M)/51 St (6)",40.757553,-73.969055,1967.0,1,67
2024-05-07,612,"Lexington Av-53 St (E,M)/51 St (6)",40.757553,-73.969055,3065.0,1,55
2024-05-07,612,"Lexington Av-53 St (E,M)/51 St (6)",40.757553,-73.969055,3065.0,1,67
2024-05-17,612,"Lexington Av-53 St (E,M)/51 St (6)",40.757553,-73.969055,156.0,0,55
2024-05-17,612,"Lexington Av-53 St (E,M)/51 St (6)",40.757553,-73.969055,156.0,0,67
2024-05-24,612,"Lexington Av-53 St (E,M)/51 St (6)",40.757553,-73.969055,1540.0,1,55
2024-05-24,612,"Lexington Av-53 St (E,M)/51 St (6)",40.757553,-73.969055,1540.0,1,67
2024-05-31,612,"Lexington Av-53 St (E,M)/51 St (6)",40.757553,-73.969055,2354.0,1,55
2024-05-31,612,"Lexington Av-53 St (E,M)/51 St (6)",40.757553,-73.969055,2354.0,1,67
2024-06-03,612,"Lexington Av-53 St (E,M)/51 St (6)",40.757553,-73.969055,4180.0,1,55
2024-06-03,612,"Lexington Av-53 St (E,M)/51 St (6)",40.757553,-73.969055,4180.0,1,67
2024-06-13,612,"Lexington Av-53 St (E,M)/51 St (6)",40.757553,-73.969055,3586.0,1,55
2024-06-13,612,"Lexington Av-53 St (E,M)/51 St (6)",40.757553,-73.969055,3586.0,1,67
2024-06-18,612,"Lexington Av-53 St (E,M)/51 St (6)",40.757553,-73.969055,589.0,0,55
2024-06-18,612,"Lexington Av-53 St (E,M)/51 St (6)",40.757553,-73.969055,589.0,0,67
2024-06-20,612,"Lexington Av-53 St (E,M)/51 St (6)",40.757553,-73.969055,2617.0,1,55
2024-06-20,612,"Lexington Av-53 St (E,M)/51 St (6)",40.757553,-73.969055,2617.0,1,67
2024-06-21,612,"Lexington Av-53 St (E,M)/51 St (6)",40.757553,-73.969055,2606.0,1,55
2024-06-21,612,"Lexington Av-53 St (E,M)/51 St (6)",40.757553,-73.969055,2606.0,1,67
2024-06-28,612,"Lexington Av-53 St (E,M)/51 St (6)",40.757553,-73.969055,1018.0,0,55
2024-06-28,612,"Lexington Av-53 St (E,M)/51 St (6)",40.757553,-73.969055,1018.0,0,67
2024-08-28,612,"Lexington Av-53 St (E,M)/51 St (6)",40.757553,-73.969055,466.0,0,55
2024-08-28,612,"Lexington Av-53 St (E,M)/51 St (6)",40.757553,-73.969055,466.0,0,67
2024-08-29,612,"Lexington Av-53 St (E,M)/51 St (6)",40.757553,-73.969055,208.0,0,55
2024-08-29,612,"Lexington Av-53 St (E,M)/51 St (6)",40.757553,-73.969055,208.0,0,67
2024-09-04,612,"Lexington Av-53 St (E,M)/51 St (6)",40.757107,-73.97192,4.0,0,55
2024-09-04,612,"Lexington Av-53 St (E,M)/51 St (6)",40.757107,-73.97192,4.0,0,67
2024-09-04,612,"Lexington Av-53 St (E,M)/51 St (6)",40.757553,-73.969055,2664.0,1,55
2024-09-04,612,"Lexington Av-53 St (E,M)/51 St (6)",40.757553,-73.969055,2664.0,1,67
2024-09-05,612,"Lexington Av-53 St (E,M)/51 St (6)",40.757553,-73.969055,2783.0,1,55
2024-09-05,612,"Lexington Av-53 St (E,M)/51 St (6)",40.757553,-73.969055,2783.0,1,67
2024-09-13,612,"Lexington Av-53 St (E,M)/51 St (6)",40.757553,-73.969055,4372.0,1,55
2024-09-13,612,"Lexington Av-53 St (E,M)/51 St (6)",40.757553,-73.969055,4372.0,1,67
2024-09-28,612,"Lexington Av-53 St (E,M)/51 St (6)",40.757553,-73.969055,603.0,0,55
2024-09-28,612,"Lexington Av-53 St (E,M)/51 St (6)",40.757553,-73.969055,603.0,0,67
2024-11-16,612,"Lexington Av-53 St (E,M)/51 St (6)",40.757553,-73.969055,62.0,0,55
2024-11-16,612,"Lexington Av-53 St (E,M)/51 St (6)",40.757553,-73.969055,62.0,0,67
2024-11-21,612,"Lexington Av-53 St (E,M)/51 St (6)",40.757553,-73.969055,1972.0,1,55
2024-11-21,612,"Lexington Av-53 St (E,M)/51 St (6)",40.757553,-73.969055,1972.0,1,67
2024-11-22,612,"Lexington Av-53 St (E,M)/51 St (6)",40.757553,-73.969055,554.0,0,55
2024-11-22,612,"Lexington Av-53 St (E,M)/51 St (6)",40.757553,-73.969055,554.0,0,67
2024-12-03,612,"Lexington Av-53 St (E,M)/51 St (6)",40.757553,-73.969055,224.0,0,55
2024-12-03,612,"Lexington Av-53 St (E,M)/51 St (6)",40.757553,-73.969055,224.0,0,67
2024-12-13,612,"Lexington Av-53 St (E,M)/51 St (6)",40.757553,-73.969055,3185.0,1,55
2024-12-13,612,"Lexington Av-53 St (E,M)/51 St (6)",40.757553,-73.969055,3185.0,1,67
2024-12-26,612,"Lexington Av-53 St (E,M)/51 St (6)",40.757107,-73.97192,9.0,0,55
2024-12-26,612,"Lexington Av-53 St (E,M)/51 St (6)",40.757107,-73.97192,9.0,0,67
2024-12-26,612,"Lexington Av-53 St (E,M)/51 St (6)",40.757553,-73.969055,1909.0,1,55
2024-12-26,612,"Lexington Av-53 St (E,M)/51 St (6)",40.757553,-73.969055,1909.0,1,67
2024-12-31,612,"Lexington Av-53 St (E,M)/51 St (6)",40.757553,-73.969055,2098.0,1,55
2024-12-31,612,"Lexington Av-53 St (E,M)/51 St (6)",40.757553,-73.969055,2098.0,1,67
2021-05-21,613,"Lexington Av (N,R,W)/59 St (4,5,6)",40.76266,-73.967255,242.0,0,32
2021-05-21,613,"Lexington Av (N,R,W)/59 St (4,5,6)",40.76266,-73.967255,242.0,0,37
2021-05-26,613,"Lexington Av (N,R,W)/59 St (4,5,6)",40.76266,-73.967255,1677.0,1,32
2021-05-26,613,"Lexington Av (N,R,W)/59 St (4,5,6)",40.76266,-73.967255,1677.0,1,37
2021-06-21,613,"Lexington Av (N,R,W)/59 St (4,5,6)",40.762527,-73.967964,11.0,0,32
2021-06-21,613,"Lexington Av (N,R,W)/59 St (4,5,6)",40.762527,-73.967964,11.0,0,37
2021-06-21,613,"Lexington Av (N,R,W)/59 St (4,5,6)",40.76266,-73.967255,1255.0,1,32
2021-06-21,613,"Lexington Av (N,R,W)/59 St (4,5,6)",40.76266,-73.967255,1255.0,1,37
2021-06-30,613,"Lexington Av (N,R,W)/59 St (4,5,6)",40.762527,-73.967964,1.0,0,32
2021-06-30,613,"Lexington Av (N,R,W)/59 St (4,5,6)",40.762527,-73.967964,1.0,0,37
2021-06-30,613,"Lexington Av (N,R,W)/59 St (4,5,6)",40.76266,-73.967255,1082.0,0,32
2021-06-30,613,"Lexington Av (N,R,W)/59 St (4,5,6)",40.76266,-73.967255,1082.0,0,37
2021-08-25,613,"Lexington Av (N,R,W)/59 St (4,5,6)",40.76266,-73.967255,542.0,0,32
2021-08-25,613,"Lexington Av (N,R,W)/59 St (4,5,6)",40.76266,-73.967255,542.0,0,37
2021-10-26,613,"Lexington Av (N,R,W)/59 St (4,5,6)",40.76266,-73.967255,2778.0,1,32
2021-10-26,613,"Lexington Av (N,R,W)/59 St (4,5,6)",40.76266,-73.967255,2778.0,1,37
2021-11-17,613,"Lexington Av (N,R,W)/59 St (4,5,6)",40.76266,-73.967255,326.0,0,32
2021-11-17,613,"Lexington Av (N,R,W)/59 St (4,5,6)",40.76266,-73.967255,326.0,0,37
2021-11-18,613,"Lexington Av (N,R,W)/59 St (4,5,6)",40.76266,-73.967255,2521.0,1,32
2021-11-18,613,"Lexington Av (N,R,W)/59 St (4,5,6)",40.76266,-73.967255,2521.0,1,37
2021-12-02,613,"Lexington Av (N,R,W)/59 St (4,5,6)",40.76266,-73.967255,155.0,0,32
2021-12-02,613,"Lexington Av (N,R,W)/59 St (4,5,6)",40.76266,-73.967255,155.0,0,37
2021-12-16,613,"Lexington Av (N,R,W)/59 St (4,5,6)",40.76266,-73.967255,255.0,0,32
2021-12-16,613,"Lexington Av (N,R,W)/59 St (4,5,6)",40.76266,-73.967255,255.0,0,37
2021-12-22,613,"Lexington Av (N,R,W)/59 St (4,5,6)",40.76266,-73.967255,330.0,0,32
2021-12-22,613,"Lexington Av (N,R,W)/59 St (4,5,6)",40.76266,-73.967255,330.0,0,37
2022-01-04,613,"Lexington Av (N,R,W)/59 St (4,5,6)",40.76266,-73.967255,473.0,0,32
2022-01-04,613,"Lexington Av (N,R,W)/59 St (4,5,6)",40.76266,-73.967255,473.0,0,37
2022-01-26,613,"Lexington Av (N,R,W)/59 St (4,5,6)",40.76266,-73.967255,1901.0,1,32
2022-01-26,613,"Lexington Av (N,R,W)/59 St (4,5,6)",40.76266,-73.967255,1901.0,1,37
2022-02-07,613,"Lexington Av (N,R,W)/59 St (4,5,6)",40.76266,-73.967255,2008.0,1,32
2022-02-07,613,"Lexington Av (N,R,W)/59 St (4,5,6)",40.76266,-73.967255,2008.0,1,37
2022-02-08,613,"Lexington Av (N,R,W)/59 St (4,5,6)",40.76266,-73.967255,2042.0,1,32
2022-02-08,613,"Lexington Av (N,R,W)/59 St (4,5,6)",40.76266,-73.967255,2042.0,1,37
2022-02-09,613,"Lexington Av (N,R,W)/59 St (4,5,6)",40.76266,-73.967255,1760.0,1,32
2022-02-09,613,"Lexington Av (N,R,W)/59 St (4,5,6)",40.76266,-73.967255,1760.0,1,37
2022-02-10,613,"Lexington Av (N,R,W)/59 St (4,5,6)",40.76266,-73.967255,719.0,0,32
2022-02-10,613,"Lexington Av (N,R,W)/59 St (4,5,6)",40.76266,-73.967255,719.0,0,37
2022-02-18,613,"Lexington Av (N,R,W)/59 St (4,5,6)",40.76266,-73.967255,2701.0,1,32
2022-02-18,613,"Lexington Av (N,R,W)/59 St (4,5,6)",40.76266,-73.967255,2701.0,1,37
2022-03-02,613,"Lexington Av (N,R,W)/59 St (4,5,6)",40.76266,-73.967255,2377.0,1,32
2022-03-02,613,"Lexington Av (N,R,W)/59 St (4,5,6)",40.76266,-73.967255,2377.0,1,37
2022-03-08,613,"Lexington Av (N,R,W)/59 St (4,5,6)",40.76266,-73.967255,2657.0,1,32
2022-03-08,613,"Lexington Av (N,R,W)/59 St (4,5,6)",40.76266,-73.967255,2657.0,1,37
2022-03-15,613,"Lexington Av (N,R,W)/59 St (4,5,6)",40.762527,-73.967964,1.0,0,32
2022-03-15,613,"Lexington Av (N,R,W)/59 St (4,5,6)",40.762527,-73.967964,1.0,0,37
2022-03-15,613,"Lexington Av (N,R,W)/59 St (4,5,6)",40.76266,-73.967255,2678.0,1,32
2022-03-15,613,"Lexington Av (N,R,W)/59 St (4,5,6)",40.76266,-73.967255,2678.0,1,37
2022-03-29,613,"Lexington Av (N,R,W)/59 St (4,5,6)",40.762527,-73.967964,1.0,0,32
2022-03-29,613,"Lexington Av (N,R,W)/59 St (4,5,6)",40.762527,-73.967964,1.0,0,37
2022-03-29,613,"Lexington Av (N,R,W)/59 St (4,5,6)",40.76266,-73.967255,3378.0,1,32
2022-03-29,613,"Lexington Av (N,R,W)/59 St (4,5,6)",40.76266,-73.967255,3378.0,1,37
2022-04-07,613,"Lexington Av (N,R,W)/59 St (4,5,6)",40.76266,-73.967255,204.0,0,32
2022-04-07,613,"Lexington Av (N,R,W)/59 St (4,5,6)",40.76266,-73.967255,204.0,0,37
2022-04-20,613,"Lexington Av (N,R,W)/59 St (4,5,6)",40.76266,-73.967255,306.0,0,32
2022-04-20,613,"Lexington Av (N,R,W)/59 St (4,5,6)",40.76266,-73.967255,306.0,0,37
2022-04-21,613,"Lexington Av (N,R,W)/59 St (4,5,6)",40.76266,-73.967255,26.0,0,32
2022-04-21,613,"Lexington Av (N,R,W)/59 St (4,5,6)",40.76266,-73.967255,26.0,0,37
2022-04-27,613,"Lexington Av (N,R,W)/59 St (4,5,6)",40.76266,-73.967255,2986.0,1,32
2022-04-27,613,"Lexington Av (N,R,W)/59 St (4,5,6)",40.76266,-73.967255,2986.0,1,37
2022-05-31,613,"Lexington Av (N,R,W)/59 St (4,5,6)",40.76266,-73.967255,1321.0,1,32
2022-05-31,613,"Lexington Av (N,R,W)/59 St (4,5,6)",40.76266,-73.967255,1321.0,1,37
2022-06-01,613,"Lexington Av (N,R,W)/59 St (4,5,6)",40.76266,-73.967255,2758.0,1,32
2022-06-01,613,"Lexington Av (N,R,W)/59 St (4,5,6)",40.76266,-73.967255,2758.0,1,37
2022-07-18,613,"Lexington Av (N,R,W)/59 St (4,5,6)",40.762527,-73.967964,1.0,0,32
2022-07-18,613,"Lexington Av (N,R,W)/59 St (4,5,6)",40.762527,-73.967964,1.0,0,37
2022-07-18,613,"Lexington Av (N,R,W)/59 St (4,5,6)",40.76266,-73.967255,2018.0,1,32
2022-07-18,613,"Lexington Av (N,R,W)/59 St (4,5,6)",40.76266,-73.967255,2018.0,1,37
2022-08-05,613,"Lexington Av (N,R,W)/59 St (4,5,6)",40.762527,-73.967964,3.0,0,32
2022-08-05,613,"Lexington Av (N,R,W)/59 St (4,5,6)",40.762527,-73.967964,3.0,0,37
2022-08-05,613,"Lexington Av (N,R,W)/59 St (4,5,6)",40.76266,-73.967255,288.0,0,32
2022-08-05,613,"Lexington Av (N,R,W)/59 St (4,5,6)",40.76266,-73.967255,288.0,0,37
2022-08-08,613,"Lexington Av (N,R,W)/59 St (4,5,6)",40.76266,-73.967255,310.0,0,32
2022-08-08,613,"Lexington Av (N,R,W)/59 St (4,5,6)",40.76266,-73.967255,310.0,0,37
2022-08-09,613,"Lexington Av (N,R,W)/59 St (4,5,6)",40.762527,-73.967964,3.0,0,32
2022-08-09,613,"Lexington Av (N,R,W)/59 St (4,5,6)",40.762527,-73.967964,3.0,0,37
2022-08-09,613,"Lexington Av (N,R,W)/59 St (4,5,6)",40.76266,-73.967255,1633.0,1,32
2022-08-09,613,"Lexington Av (N,R,W)/59 St (4,5,6)",40.76266,-73.967255,1633.0,1,37
2022-08-30,613,"Lexington Av (N,R,W)/59 St (4,5,6)",40.76266,-73.967255,1494.0,1,32
2022-08-30,613,"Lexington Av (N,R,W)/59 St (4,5,6)",40.76266,-73.967255,1494.0,1,37
2022-09-13,613,"Lexington Av (N,R,W)/59 St (4,5,6)",40.762527,-73.967964,2.0,0,32
2022-09-13,613,"Lexington Av (N,R,W)/59 St (4,5,6)",40.762527,-73.967964,2.0,0,37
2022-09-13,613,"Lexington Av (N,R,W)/59 St (4,5,6)",40.76266,-73.967255,4137.0,1,32
2022-09-13,613,"Lexington Av (N,R,W)/59 St (4,5,6)",40.76266,-73.967255,4137.0,1,37
2023-05-11,613,"Lexington Av (N,R,W)/59 St (4,5,6)",40.76266,-73.967255,1117.0,0,32
2023-05-11,613,"Lexington Av (N,R,W)/59 St (4,5,6)",40.76266,-73.967255,1117.0,0,37
2023-06-14,613,"Lexington Av (N,R,W)/59 St (4,5,6)",40.762527,-73.967964,1.0,0,32
2023-06-14,613,"Lexington Av (N,R,W)/59 St (4,5,6)",40.762527,-73.967964,1.0,0,37
2023-06-14,613,"Lexington Av (N,R,W)/59 St (4,5,6)",40.76266,-73.967255,2218.0,1,32
2023-06-14,613,"Lexington Av (N,R,W)/59 St (4,5,6)",40.76266,-73.967255,2218.0,1,37
2023-09-27,613,"Lexington Av (N,R,W)/59 St (4,5,6)",40.762527,-73.967964,4.0,0,32
2023-09-27,613,"Lexington Av (N,R,W)/59 St (4,5,6)",40.762527,-73.967964,4.0,0,37
2023-09-27,613,"Lexington Av (N,R,W)/59 St (4,5,6)",40.76266,-73.967255,4250.0,1,32
2023-09-27,613,"Lexington Av (N,R,W)/59 St (4,5,6)",40.76266,-73.967255,4250.0,1,37
2023-10-04,613,"Lexington Av (N,R,W)/59 St (4,5,6)",40.76266,-73.967255,427.0,0,32
2023-10-04,613,"Lexington Av (N,R,W)/59 St (4,5,6)",40.76266,-73.967255,427.0,0,37
2023-10-17,613,"Lexington Av (N,R,W)/59 St (4,5,6)",40.76266,-73.967255,4425.0,1,32
2023-10-17,613,"Lexington Av (N,R,W)/59 St (4,5,6)",40.76266,-73.967255,4425.0,1,37
2023-11-02,613,"Lexington Av (N,R,W)/59 St (4,5,6)",40.76266,-73.967255,1711.0,1,32
2023-11-02,613,"Lexington Av (N,R,W)/59 St (4,5,6)",40.76266,-73.967255,1711.0,1,37
2023-11-03,613,"Lexington Av (N,R,W)/59 St (4,5,6)",40.76266,-73.967255,1163.0,0,32
2023-11-03,613,"Lexington Av (N,R,W)/59 St (4,5,6)",40.76266,-73.967255,1163.0,0,37
2023-11-08,613,"Lexington Av (N,R,W)/59 St (4,5,6)",40.76266,-73.967255,2232.0,1,32
2023-11-08,613,"Lexington Av (N,R,W)/59 St (4,5,6)",40.76266,-73.967255,2232.0,1,37
2023-11-23,613,"Lexington Av (N,R,W)/59 St (4,5,6)",40.76266,-73.967255,15.0,0,32
2023-11-23,613,"Lexington Av (N,R,W)/59 St (4,5,6)",40.76266,-73.967255,15.0,0,37
2024-01-15,613,"Lexington Av (N,R,W)/59 St (4,5,6)",40.76266,-73.967255,1273.0,1,32
2024-01-15,613,"Lexington Av (N,R,W)/59 St (4,5,6)",40.76266,-73.967255,1273.0,1,37
2024-02-29,613,"Lexington Av (N,R,W)/59 St (4,5,6)",40.76266,-73.967255,3230.0,1,32
2024-02-29,613,"Lexington Av (N,R,W)/59 St (4,5,6)",40.76266,-73.967255,3230.0,1,37
2024-03-05,613,"Lexington Av (N,R,W)/59 St (4,5,6)",40.76266,-73.967255,2626.0,1,32
2024-03-05,613,"Lexington Av (N,R,W)/59 St (4,5,6)",40.76266,-73.967255,2626.0,1,37
2024-04-05,613,"Lexington Av (N,R,W)/59 St (4,5,6)",40.76266,-73.967255,645.0,0,32
2024-04-05,613,"Lexington Av (N,R,W)/59 St (4,5,6)",40.76266,-73.967255,645.0,0,37
2024-04-16,613,"Lexington Av (N,R,W)/59 St (4,5,6)",40.76266,-73.967255,1480.0,1,32
2024-04-16,613,"Lexington Av (N,R,W)/59 St (4,5,6)",40.76266,-73.967255,1480.0,1,37
2024-05-03,613,"Lexington Av (N,R,W)/59 St (4,5,6)",40.762527,-73.967964,1.0,0,32
2024-05-03,613,"Lexington Av (N,R,W)/59 St (4,5,6)",40.762527,-73.967964,1.0,0,37
2024-05-03,613,"Lexington Av (N,R,W)/59 St (4,5,6)",40.76266,-73.967255,795.0,0,32
2024-05-03,613,"Lexington Av (N,R,W)/59 St (4,5,6)",40.76266,-73.967255,795.0,0,37
2024-05-07,613,"Lexington Av (N,R,W)/59 St (4,5,6)",40.76266,-73.967255,2333.0,1,32
2024-05-07,613,"Lexington Av (N,R,W)/59 St (4,5,6)",40.76266,-73.967255,2333.0,1,37
2024-05-17,613,"Lexington Av (N,R,W)/59 St (4,5,6)",40.76266,-73.967255,306.0,0,32
2024-05-17,613,"Lexington Av (N,R,W)/59 St (4,5,6)",40.76266,-73.967255,306.0,0,37
2024-05-24,613,"Lexington Av (N,R,W)/59 St (4,5,6)",40.76266,-73.967255,1338.0,1,32
2024-05-24,613,"Lexington Av (N,R,W)/59 St (4,5,6)",40.76266,-73.967255,1338.0,1,37
2024-05-31,613,"Lexington Av (N,R,W)/59 St (4,5,6)",40.76266,-73.967255,2412.0,1,32
2024-05-31,613,"Lexington Av (N,R,W)/59 St (4,5,6)",40.76266,-73.967255,2412.0,1,37
2024-06-03,613,"Lexington Av (N,R,W)/59 St (4,5,6)",40.76266,-73.967255,3278.0,1,32
2024-06-03,613,"Lexington Av (N,R,W)/59 St (4,5,6)",40.76266,-73.967255,3278.0,1,37
2024-06-13,613,"Lexington Av (N,R,W)/59 St (4,5,6)",40.76266,-73.967255,1805.0,1,32
2024-06-13,613,"Lexington Av (N,R,W)/59 St (4,5,6)",40.76266,-73.967255,1805.0,1,37
2024-06-18,613,"Lexington Av (N,R,W)/59 St (4,5,6)",40.76266,-73.967255,188.0,0,32
2024-06-18,613,"Lexington Av (N,R,W)/59 St (4,5,6)",40.76266,-73.967255,188.0,0,37
2024-06-20,613,"Lexington Av (N,R,W)/59 St (4,5,6)",40.76266,-73.967255,170.0,0,32
2024-06-20,613,"Lexington Av (N,R,W)/59 St (4,5,6)",40.76266,-73.967255,170.0,0,37
2024-06-21,613,"Lexington Av (N,R,W)/59 St (4,5,6)",40.76266,-73.967255,2488.0,1,32
2024-06-21,613,"Lexington Av (N,R,W)/59 St (4,5,6)",40.76266,-73.967255,2488.0,1,37
2024-06-28,613,"Lexington Av (N,R,W)/59 St (4,5,6)",40.76266,-73.967255,949.0,0,32
2024-06-28,613,"Lexington Av (N,R,W)/59 St (4,5,6)",40.76266,-73.967255,949.0,0,37
2024-08-28,613,"Lexington Av (N,R,W)/59 St (4,5,6)",40.762527,-73.967964,4.0,0,32
2024-08-28,613,"Lexington Av (N,R,W)/59 St (4,5,6)",40.762527,-73.967964,4.0,0,37
2024-08-28,613,"Lexington Av (N,R,W)/59 St (4,5,6)",40.76266,-73.967255,1926.0,1,32
2024-08-28,613,"Lexington Av (N,R,W)/59 St (4,5,6)",40.76266,-73.967255,1926.0,1,37
2024-08-29,613,"Lexington Av (N,R,W)/59 St (4,5,6)",40.76266,-73.967255,243.0,0,32
2024-08-29,613,"Lexington Av (N,R,W)/59 St (4,5,6)",40.76266,-73.967255,243.0,0,37
2024-09-04,613,"Lexington Av (N,R,W)/59 St (4,5,6)",40.762527,-73.967964,4.0,0,32
2024-09-04,613,"Lexington Av (N,R,W)/59 St (4,5,6)",40.762527,-73.967964,4.0,0,37
2024-09-04,613,"Lexington Av (N,R,W)/59 St (4,5,6)",40.76266,-73.967255,4774.0,1,32
2024-09-04,613,"Lexington Av (N,R,W)/59 St (4,5,6)",40.76266,-73.967255,4774.0,1,37
2024-09-05,613,"Lexington Av (N,R,W)/59 St (4,5,6)",40.762527,-73.967964,4.0,0,32
2024-09-05,613,"Lexington Av (N,R,W)/59 St (4,5,6)",40.762527,-73.967964,4.0,0,37
2024-09-05,613,"Lexington Av (N,R,W)/59 St (4,5,6)",40.76266,-73.967255,4803.0,1,32
2024-09-05,613,"Lexington Av (N,R,W)/59 St (4,5,6)",40.76266,-73.967255,4803.0,1,37
2024-09-13,613,"Lexington Av (N,R,W)/59 St (4,5,6)",40.76266,-73.967255,2027.0,1,32
2024-09-13,613,"Lexington Av (N,R,W)/59 St (4,5,6)",40.76266,-73.967255,2027.0,1,37
2024-09-28,613,"Lexington Av (N,R,W)/59 St (4,5,6)",40.762527,-73.967964,2.0,0,32
2024-09-28,613,"Lexington Av (N,R,W)/59 St (4,5,6)",40.762527,-73.967964,2.0,0,37
2024-09-28,613,"Lexington Av (N,R,W)/59 St (4,5,6)",40.76266,-73.967255,523.0,0,32
2024-09-28,613,"Lexington Av (N,R,W)/59 St (4,5,6)",40.76266,-73.967255,523.0,0,37
2024-11-21,613,"Lexington Av (N,R,W)/59 St (4,5,6)",40.76266,-73.967255,323.0,0,32
2024-11-21,613,"Lexington Av (N,R,W)/59 St (4,5,6)",40.76266,-73.967255,323.0,0,37
2024-11-22,613,"Lexington Av (N,R,W)/59 St (4,5,6)",40.76266,-73.967255,2644.0,1,32
2024-11-22,613,"Lexington Av (N,R,W)/59 St (4,5,6)",40.76266,-73.967255,2644.0,1,37
2024-12-03,613,"Lexington Av (N,R,W)/59 St (4,5,6)",40.76266,-73.967255,402.0,0,32
2024-12-03,613,"Lexington Av (N,R,W)/59 St (4,5,6)",40.76266,-73.967255,402.0,0,37
2024-12-13,613,"Lexington Av (N,R,W)/59 St (4,5,6)",40.762527,-73.967964,1.0,0,32
2024-12-13,613,"Lexington Av (N,R,W)/59 St (4,5,6)",40.762527,-73.967964,1.0,0,37
2024-12-13,613,"Lexington Av (N,R,W)/59 St (4,5,6)",40.76266,-73.967255,2189.0,1,32
2024-12-13,613,"Lexington Av (N,R,W)/59 St (4,5,6)",40.76266,-73.967255,2189.0,1,37
2024-12-26,613,"Lexington Av (N,R,W)/59 St (4,5,6)",40.76266,-73.967255,985.0,0,32
2024-12-26,613,"Lexington Av (N,R,W)/59 St (4,5,6)",40.76266,-73.967255,985.0,0,37
2024-12-31,613,"Lexington Av (N,R,W)/59 St (4,5,6)",40.76266,-73.967255,1459.0,1,32
2024-12-31,613,"Lexington Av (N,R,W)/59 St (4,5,6)",40.76266,-73.967255,1459.0,1,37
2021-05-21,614,"59 St-Columbus Circle (A,B,C,D,1)",40.768295,-73.981735,225.0,0,36
2021-05-21,614,"59 St-Columbus Circle (A,B,C,D,1)",40.768295,-73.981735,225.0,0,38
2021-05-26,614,"59 St-Columbus Circle (A,B,C,D,1)",40.768295,-73.981735,2091.0,1,36
2021-05-26,614,"59 St-Columbus Circle (A,B,C,D,1)",40.768295,-73.981735,2091.0,1,38
2021-06-10,614,"59 St-Columbus Circle (A,B,C,D,1)",40.768295,-73.981735,20.0,0,36
2021-06-10,614,"59 St-Columbus Circle (A,B,C,D,1)",40.768295,-73.981735,20.0,0,38
2021-06-21,614,"59 St-Columbus Circle (A,B,C,D,1)",40.768295,-73.981735,2606.0,1,36
2021-06-21,614,"59 St-Columbus Circle (A,B,C,D,1)",40.768295,-73.981735,2606.0,1,38
2021-06-30,614,"59 St-Columbus Circle (A,B,C,D,1)",40.768295,-73.981735,2805.0,1,36
2021-06-30,614,"59 St-Columbus Circle (A,B,C,D,1)",40.768295,-73.981735,2805.0,1,38
2021-08-25,614,"59 St-Columbus Circle (A,B,C,D,1)",40.768295,-73.981735,928.0,0,36
2021-08-25,614,"59 St-Columbus Circle (A,B,C,D,1)",40.768295,-73.981735,928.0,0,38
2021-10-19,614,"59 St-Columbus Circle (A,B,C,D,1)",40.768295,-73.981735,166.0,0,36
2021-10-19,614,"59 St-Columbus Circle (A,B,C,D,1)",40.768295,-73.981735,166.0,0,38
2021-10-26,614,"59 St-Columbus Circle (A,B,C,D,1)",40.768295,-73.981735,3169.0,1,36
2021-10-26,614,"59 St-Columbus Circle (A,B,C,D,1)",40.768295,-73.981735,3169.0,1,38
2021-10-27,614,"59 St-Columbus Circle (A,B,C,D,1)",40.768295,-73.981735,577.0,0,36
2021-10-27,614,"59 St-Columbus Circle (A,B,C,D,1)",40.768295,-73.981735,577.0,0,38
2021-11-17,614,"59 St-Columbus Circle (A,B,C,D,1)",40.768295,-73.981735,1243.0,1,36
2021-11-17,614,"59 St-Columbus Circle (A,B,C,D,1)",40.768295,-73.981735,1243.0,1,38
2021-11-18,614,"59 St-Columbus Circle (A,B,C,D,1)",40.768295,-73.981735,3958.0,1,36
2021-11-18,614,"59 St-Columbus Circle (A,B,C,D,1)",40.768295,-73.981735,3958.0,1,38
2021-12-02,614,"59 St-Columbus Circle (A,B,C,D,1)",40.768295,-73.981735,547.0,0,36
2021-12-02,614,"59 St-Columbus Circle (A,B,C,D,1)",40.768295,-73.981735,547.0,0,38
2021-12-16,614,"59 St-Columbus Circle (A,B,C,D,1)",40.768295,-73.981735,348.0,0,36
2021-12-16,614,"59 St-Columbus Circle (A,B,C,D,1)",40.768295,-73.981735,348.0,0,38
2021-12-22,614,"59 St-Columbus Circle (A,B,C,D,1)",40.768295,-73.981735,1098.0,0,36
2021-12-22,614,"59 St-Columbus Circle (A,B,C,D,1)",40.768295,-73.981735,1098.0,0,38
2022-01-04,614,"59 St-Columbus Circle (A,B,C,D,1)",40.768295,-73.981735,610.0,0,36
2022-01-04,614,"59 St-Columbus Circle (A,B,C,D,1)",40.768295,-73.981735,610.0,0,38
2022-01-26,614,"59 St-Columbus Circle (A,B,C,D,1)",40.768295,-73.981735,2842.0,1,36
2022-01-26,614,"59 St-Columbus Circle (A,B,C,D,1)",40.768295,-73.981735,2842.0,1,38
2022-02-07,614,"59 St-Columbus Circle (A,B,C,D,1)",40.768295,-73.981735,2941.0,1,36
2022-02-07,614,"59 St-Columbus Circle (A,B,C,D,1)",40.768295,-73.981735,2941.0,1,38
2022-02-08,614,"59 St-Columbus Circle (A,B,C,D,1)",40.768295,-73.981735,2125.0,1,36
2022-02-08,614,"59 St-Columbus Circle (A,B,C,D,1)",40.768295,-73.981735,2125.0,1,38
2022-02-09,614,"59 St-Columbus Circle (A,B,C,D,1)",40.768295,-73.981735,1846.0,1,36
2022-02-09,614,"59 St-Columbus Circle (A,B,C,D,1)",40.768295,-73.981735,1846.0,1,38
2022-02-10,614,"59 St-Columbus Circle (A,B,C,D,1)",40.768295,-73.981735,1455.0,1,36
2022-02-10,614,"59 St-Columbus Circle (A,B,C,D,1)",40.768295,-73.981735,1455.0,1,38
2022-02-18,614,"59 St-Columbus Circle (A,B,C,D,1)",40.768295,-73.981735,4066.0,1,36
2022-02-18,614,"59 St-Columbus Circle (A,B,C,D,1)",40.768295,-73.981735,4066.0,1,38
2022-03-02,614,"59 St-Columbus Circle (A,B,C,D,1)",40.768295,-73.981735,3451.0,1,36
2022-03-02,614,"59 St-Columbus Circle (A,B,C,D,1)",40.768295,-73.981735,3451.0,1,38
2022-03-08,614,"59 St-Columbus Circle (A,B,C,D,1)",40.768295,-73.981735,4037.0,1,36
2022-03-08,614,"59 St-Columbus Circle (A,B,C,D,1)",40.768295,-73.981735,4037.0,1,38
2022-03-15,614,"59 St-Columbus Circle (A,B,C,D,1)",40.768295,-73.981735,4317.0,1,36
2022-03-15,614,"59 St-Columbus Circle (A,B,C,D,1)",40.768295,-73.981735,4317.0,1,38
2022-03-29,614,"59 St-Columbus Circle (A,B,C,D,1)",40.768246,-73.981926,5.0,0,36
2022-03-29,614,"59 St-Columbus Circle (A,B,C,D,1)",40.768246,-73.981926,5.0,0,38
2022-03-29,614,"59 St-Columbus Circle (A,B,C,D,1)",40.768295,-73.981735,4230.0,1,36
2022-03-29,614,"59 St-Columbus Circle (A,B,C,D,1)",40.768295,-73.981735,4230.0,1,38
2022-04-07,614,"59 St-Columbus Circle (A,B,C,D,1)",40.768295,-73.981735,182.0,0,36
2022-04-07,614,"59 St-Columbus Circle (A,B,C,D,1)",40.768295,-73.981735,182.0,0,38
2022-04-20,614,"59 St-Columbus Circle (A,B,C,D,1)",40.768295,-73.981735,101.0,0,36
2022-04-20,614,"59 St-Columbus Circle (A,B,C,D,1)",40.768295,-73.981735,101.0,0,38
2022-04-21,614,"59 St-Columbus Circle (A,B,C,D,1)",40.768295,-73.981735,122.0,0,36
2022-04-21,614,"59 St-Columbus Circle (A,B,C,D,1)",40.768295,-73.981735,122.0,0,38
2022-04-27,614,"59 St-Columbus Circle (A,B,C,D,1)",40.768295,-73.981735,3250.0,1,36
2022-04-27,614,"59 St-Columbus Circle (A,B,C,D,1)",40.768295,-73.981735,3250.0,1,38
2022-05-31,614,"59 St-Columbus Circle (A,B,C,D,1)",40.768295,-73.981735,506.0,0,36
2022-05-31,614,"59 St-Columbus Circle (A,B,C,D,1)",40.768295,-73.981735,506.0,0,38
2022-06-01,614,"59 St-Columbus Circle (A,B,C,D,1)",40.768295,-73.981735,2814.0,1,36
2022-06-01,614,"59 St-Columbus Circle (A,B,C,D,1)",40.768295,-73.981735,2814.0,1,38
2022-07-18,614,"59 St-Columbus Circle (A,B,C,D,1)",40.768295,-73.981735,1895.0,1,36
2022-07-18,614,"59 St-Columbus Circle (A,B,C,D,1)",40.768295,-73.981735,1895.0,1,38
2022-08-05,614,"59 St-Columbus Circle (A,B,C,D,1)",40.768295,-73.981735,1648.0,1,36
2022-08-05,614,"59 St-Columbus Circle (A,B,C,D,1)",40.768295,-73.981735,1648.0,1,38
2022-08-09,614,"59 St-Columbus Circle (A,B,C,D,1)",40.768295,-73.981735,2841.0,1,36
2022-08-09,614,"59 St-Columbus Circle (A,B,C,D,1)",40.768295,-73.981735,2841.0,1,38
2022-08-30,614,"59 St-Columbus Circle (A,B,C,D,1)",40.768246,-73.981926,1.0,0,36
2022-08-30,614,"59 St-Columbus Circle (A,B,C,D,1)",40.768246,-73.981926,1.0,0,38
2022-08-30,614,"59 St-Columbus Circle (A,B,C,D,1)",40.768295,-73.981735,1459.0,1,36
2022-08-30,614,"59 St-Columbus Circle (A,B,C,D,1)",40.768295,-73.981735,1459.0,1,38
2022-09-13,614,"59 St-Columbus Circle (A,B,C,D,1)",40.768246,-73.981926,1.0,0,36
2022-09-13,614,"59 St-Columbus Circle (A,B,C,D,1)",40.768246,-73.981926,1.0,0,38
2022-09-13,614,"59 St-Columbus Circle (A,B,C,D,1)",40.768295,-73.981735,5253.0,1,36
2022-09-13,614,"59 St-Columbus Circle (A,B,C,D,1)",40.768295,-73.981735,5253.0,1,38
2023-05-11,614,"59 St-Columbus Circle (A,B,C,D,1)",40.768295,-73.981735,113.0,0,36
2023-05-11,614,"59 St-Columbus Circle (A,B,C,D,1)",40.768295,-73.981735,113.0,0,38
2023-06-14,614,"59 St-Columbus Circle (A,B,C,D,1)",40.768295,-73.981735,4028.0,1,36
2023-06-14,614,"59 St-Columbus Circle (A,B,C,D,1)",40.768295,-73.981735,4028.0,1,38
2023-09-27,614,"59 St-Columbus Circle (A,B,C,D,1)",40.768295,-73.981735,2200.0,1,36
2023-09-27,614,"59 St-Columbus Circle (A,B,C,D,1)",40.768295,-73.981735,2200.0,1,38
2023-10-04,614,"59 St-Columbus Circle (A,B,C,D,1)",40.768295,-73.981735,623.0,0,36
2023-10-04,614,"59 St-Columbus Circle (A,B,C,D,1)",40.768295,-73.981735,623.0,0,38
2023-10-17,614,"59 St-Columbus Circle (A,B,C,D,1)",40.768295,-73.981735,6758.0,1,36
2023-10-17,614,"59 St-Columbus Circle (A,B,C,D,1)",40.768295,-73.981735,6758.0,1,38
2023-11-02,614,"59 St-Columbus Circle (A,B,C,D,1)",40.768295,-73.981735,4780.0,1,36
2023-11-02,614,"59 St-Columbus Circle (A,B,C,D,1)",40.768295,-73.981735,4780.0,1,38
2023-11-03,614,"59 St-Columbus Circle (A,B,C,D,1)",40.768295,-73.981735,1579.0,1,36
2023-11-03,614,"59 St-Columbus Circle (A,B,C,D,1)",40.768295,-73.981735,1579.0,1,38
2023-11-08,614,"59 St-Columbus Circle (A,B,C,D,1)",40.768295,-73.981735,5061.0,1,36
2023-11-08,614,"59 St-Columbus Circle (A,B,C,D,1)",40.768295,-73.981735,5061.0,1,38
2023-11-17,614,"59 St-Columbus Circle (A,B,C,D,1)",40.768295,-73.981735,184.0,0,36
2023-11-17,614,"59 St-Columbus Circle (A,B,C,D,1)",40.768295,-73.981735,184.0,0,38
2023-11-23,614,"59 St-Columbus Circle (A,B,C,D,1)",40.768295,-73.981735,166.0,0,36
2023-11-23,614,"59 St-Columbus Circle (A,B,C,D,1)",40.768295,-73.981735,166.0,0,38
2024-01-15,614,"59 St-Columbus Circle (A,B,C,D,1)",40.768295,-73.981735,1131.0,0,36
2024-01-15,614,"59 St-Columbus Circle (A,B,C,D,1)",40.768295,-73.981735,1131.0,0,38
2024-02-29,614,"59 St-Columbus Circle (A,B,C,D,1)",40.768295,-73.981735,2731.0,1,36
2024-02-29,614,"59 St-Columbus Circle (A,B,C,D,1)",40.768295,-73.981735,2731.0,1,38
2024-03-05,614,"59 St-Columbus Circle (A,B,C,D,1)",40.768295,-73.981735,5182.0,1,36
2024-03-05,614,"59 St-Columbus Circle (A,B,C,D,1)",40.768295,-73.981735,5182.0,1,38
2024-04-05,614,"59 St-Columbus Circle (A,B,C,D,1)",40.768295,-73.981735,2041.0,1,36
2024-04-05,614,"59 St-Columbus Circle (A,B,C,D,1)",40.768295,-73.981735,2041.0,1,38
2024-04-16,614,"59 St-Columbus Circle (A,B,C,D,1)",40.768295,-73.981735,231.0,0,36
2024-04-16,614,"59 St-Columbus Circle (A,B,C,D,1)",40.768295,-73.981735,231.0,0,38
2024-05-03,614,"59 St-Columbus Circle (A,B,C,D,1)",40.768295,-73.981735,1990.0,1,36
2024-05-03,614,"59 St-Columbus Circle (A,B,C,D,1)",40.768295,-73.981735,1990.0,1,38
2024-05-07,614,"59 St-Columbus Circle (A,B,C,D,1)",40.768295,-73.981735,6764.0,1,36
2024-05-07,614,"59 St-Columbus Circle (A,B,C,D,1)",40.768295,-73.981735,6764.0,1,38
2024-05-17,614,"59 St-Columbus Circle (A,B,C,D,1)",40.768246,-73.981926,1.0,0,36
2024-05-17,614,"59 St-Columbus Circle (A,B,C,D,1)",40.768246,-73.981926,1.0,0,38
2024-05-17,614,"59 St-Columbus Circle (A,B,C,D,1)",40.768295,-73.981735,1341.0,1,36
2024-05-17,614,"59 St-Columbus Circle (A,B,C,D,1)",40.768295,-73.981735,1341.0,1,38
2024-05-24,614,"59 St-Columbus Circle (A,B,C,D,1)",40.768295,-73.981735,2598.0,1,36
2024-05-24,614,"59 St-Columbus Circle (A,B,C,D,1)",40.768295,-73.981735,2598.0,1,38
2024-05-31,614,"59 St-Columbus Circle (A,B,C,D,1)",40.768295,-73.981735,1432.0,1,36
2024-05-31,614,"59 St-Columbus Circle (A,B,C,D,1)",40.768295,-73.981735,1432.0,1,38
2024-06-03,614,"59 St-Columbus Circle (A,B,C,D,1)",40.768295,-73.981735,5162.0,1,36
2024-06-03,614,"59 St-Columbus Circle (A,B,C,D,1)",40.768295,-73.981735,5162.0,1,38
2024-06-13,614,"59 St-Columbus Circle (A,B,C,D,1)",40.768295,-73.981735,2817.0,1,36
2024-06-13,614,"59 St-Columbus Circle (A,B,C,D,1)",40.768295,-73.981735,2817.0,1,38
2024-06-18,614,"59 St-Columbus Circle (A,B,C,D,1)",40.768295,-73.981735,258.0,0,36
2024-06-18,614,"59 St-Columbus Circle (A,B,C,D,1)",40.768295,-73.981735,258.0,0,38
2024-06-20,614,"59 St-Columbus Circle (A,B,C,D,1)",40.768295,-73.981735,1276.0,1,36
2024-06-20,614,"59 St-Columbus Circle (A,B,C,D,1)",40.768295,-73.981735,1276.0,1,38
2024-06-21,614,"59 St-Columbus Circle (A,B,C,D,1)",40.768295,-73.981735,4948.0,1,36
2024-06-21,614,"59 St-Columbus Circle (A,B,C,D,1)",40.768295,-73.981735,4948.0,1,38
2024-06-28,614,"59 St-Columbus Circle (A,B,C,D,1)",40.768295,-73.981735,1116.0,0,36
2024-06-28,614,"59 St-Columbus Circle (A,B,C,D,1)",40.768295,-73.981735,1116.0,0,38
2024-08-28,614,"59 St-Columbus Circle (A,B,C,D,1)",40.768295,-73.981735,3343.0,1,36
2024-08-28,614,"59 St-Columbus Circle (A,B,C,D,1)",40.768295,-73.981735,3343.0,1,38
2024-08-29,614,"59 St-Columbus Circle (A,B,C,D,1)",40.768295,-73.981735,103.0,0,36
2024-08-29,614,"59 St-Columbus Circle (A,B,C,D,1)",40.768295,-73.981735,103.0,0,38
2024-09-04,614,"59 St-Columbus Circle (A,B,C,D,1)",40.768295,-73.981735,6521.0,1,36
2024-09-04,614,"59 St-Columbus Circle (A,B,C,D,1)",40.768295,-73.981735,6521.0,1,38
2024-09-05,614,"59 St-Columbus Circle (A,B,C,D,1)",40.768295,-73.981735,6836.0,1,36
2024-09-05,614,"59 St-Columbus Circle (A,B,C,D,1)",40.768295,-73.981735,6836.0,1,38
2024-09-13,614,"59 St-Columbus Circle (A,B,C,D,1)",40.768246,-73.981926,1.0,0,36
2024-09-13,614,"59 St-Columbus Circle (A,B,C,D,1)",40.768246,-73.981926,1.0,0,38
2024-09-13,614,"59 St-Columbus Circle (A,B,C,D,1)",40.768295,-73.981735,4576.0,1,36
2024-09-13,614,"59 St-Columbus Circle (A,B,C,D,1)",40.768295,-73.981735,4576.0,1,38
2024-09-28,614,"59 St-Columbus Circle (A,B,C,D,1)",40.768295,-73.981735,471.0,0,36
2024-09-28,614,"59 St-Columbus Circle (A,B,C,D,1)",40.768295,-73.981735,471.0,0,38
2024-11-16,614,"59 St-Columbus Circle (A,B,C,D,1)",40.768295,-73.981735,8.0,0,36
2024-11-16,614,"59 St-Columbus Circle (A,B,C,D,1)",40.768295,-73.981735,8.0,0,38
2024-11-21,614,"59 St-Columbus Circle (A,B,C,D,1)",40.768295,-73.981735,582.0,0,36
2024-11-21,614,"59 St-Columbus Circle (A,B,C,D,1)",40.768295,-73.981735,582.0,0,38
2024-11-22,614,"59 St-Columbus Circle (A,B,C,D,1)",40.768295,-73.981735,4193.0,1,36
2024-11-22,614,"59 St-Columbus Circle (A,B,C,D,1)",40.768295,-73.981735,4193.0,1,38
2024-12-03,614,"59 St-Columbus Circle (A,B,C,D,1)",40.768295,-73.981735,1739.0,1,36
2024-12-03,614,"59 St-Columbus Circle (A,B,C,D,1)",40.768295,-73.981735,1739.0,1,38
2024-12-13,614,"59 St-Columbus Circle (A,B,C,D,1)",40.768295,-73.981735,2954.0,1,36
2024-12-13,614,"59 St-Columbus Circle (A,B,C,D,1)",40.768295,-73.981735,2954.0,1,38
2024-12-26,614,"59 St-Columbus Circle (A,B,C,D,1)",40.768246,-73.981926,1.0,0,36
2024-12-26,614,"59 St-Columbus Circle (A,B,C,D,1)",40.768246,-73.981926,1.0,0,38
2024-12-26,614,"59 St-Columbus Circle (A,B,C,D,1)",40.768295,-73.981735,1967.0,1,36
2024-12-26,614,"59 St-Columbus Circle (A,B,C,D,1)",40.768295,-73.981735,1967.0,1,38
2024-12-31,614,"59 St-Columbus Circle (A,B,C,D,1)",40.768295,-73.981735,2016.0,1,36
2024-12-31,614,"59 St-Columbus Circle (A,B,C,D,1)",40.768295,-73.981735,2016.0,1,38
2021-05-21,618,"14 St (A,C,E)/8 Av (L)",40.740894,-74.00169,317.0,0,53
2021-05-21,618,"14 St (A,C,E)/8 Av (L)",40.740894,-74.00169,317.0,0,54
2021-05-26,618,"14 St (A,C,E)/8 Av (L)",40.740894,-74.00169,1207.0,1,53
2021-05-26,618,"14 St (A,C,E)/8 Av (L)",40.740894,-74.00169,1207.0,1,54
2021-06-10,618,"14 St (A,C,E)/8 Av (L)",40.740894,-74.00169,213.0,0,53
2021-06-10,618,"14 St (A,C,E)/8 Av (L)",40.740894,-74.00169,213.0,0,54
2021-06-21,618,"14 St (A,C,E)/8 Av (L)",40.740894,-74.00169,1211.0,1,53
2021-06-21,618,"14 St (A,C,E)/8 Av (L)",40.740894,-74.00169,1211.0,1,54
2021-06-30,618,"14 St (A,C,E)/8 Av (L)",40.740894,-74.00169,925.0,0,53
2021-06-30,618,"14 St (A,C,E)/8 Av (L)",40.740894,-74.00169,925.0,0,54
2021-08-25,618,"14 St (A,C,E)/8 Av (L)",40.740894,-74.00169,228.0,0,53
2021-08-25,618,"14 St (A,C,E)/8 Av (L)",40.740894,-74.00169,228.0,0,54
2021-10-15,618,"14 St (A,C,E)/8 Av (L)",40.740894,-74.00169,16.0,0,53
2021-10-15,618,"14 St (A,C,E)/8 Av (L)",40.740894,-74.00169,16.0,0,54
2021-10-26,618,"14 St (A,C,E)/8 Av (L)",40.740894,-74.00169,2059.0,1,53
2021-10-26,618,"14 St (A,C,E)/8 Av (L)",40.740894,-74.00169,2059.0,1,54
2021-11-17,618,"14 St (A,C,E)/8 Av (L)",40.740894,-74.00169,310.0,0,53
2021-11-17,618,"14 St (A,C,E)/8 Av (L)",40.740894,-74.00169,310.0,0,54
2021-11-18,618,"14 St (A,C,E)/8 Av (L)",40.740894,-74.00169,1827.0,1,53
2021-11-18,618,"14 St (A,C,E)/8 Av (L)",40.740894,-74.00169,1827.0,1,54
2021-12-02,618,"14 St (A,C,E)/8 Av (L)",40.740894,-74.00169,524.0,0,53
2021-12-02,618,"14 St (A,C,E)/8 Av (L)",40.740894,-74.00169,524.0,0,54
2021-12-16,618,"14 St (A,C,E)/8 Av (L)",40.740894,-74.00169,201.0,0,53
2021-12-16,618,"14 St (A,C,E)/8 Av (L)",40.740894,-74.00169,201.0,0,54
2021-12-22,618,"14 St (A,C,E)/8 Av (L)",40.740894,-74.00169,217.0,0,53
2021-12-22,618,"14 St (A,C,E)/8 Av (L)",40.740894,-74.00169,217.0,0,54
2022-01-04,618,"14 St (A,C,E)/8 Av (L)",40.740894,-74.00169,496.0,0,53
2022-01-04,618,"14 St (A,C,E)/8 Av (L)",40.740894,-74.00169,496.0,0,54
2022-01-26,618,"14 St (A,C,E)/8 Av (L)",40.740894,-74.00169,1557.0,1,53
2022-01-26,618,"14 St (A,C,E)/8 Av (L)",40.740894,-74.00169,1557.0,1,54
2022-02-07,618,"14 St (A,C,E)/8 Av (L)",40.740894,-74.00169,741.0,0,53
2022-02-07,618,"14 St (A,C,E)/8 Av (L)",40.740894,-74.00169,741.0,0,54
2022-02-08,618,"14 St (A,C,E)/8 Av (L)",40.740894,-74.00169,920.0,0,53
2022-02-08,618,"14 St (A,C,E)/8 Av (L)",40.740894,-74.00169,920.0,0,54
2022-02-09,618,"14 St (A,C,E)/8 Av (L)",40.740894,-74.00169,1464.0,1,53
2022-02-09,618,"14 St (A,C,E)/8 Av (L)",40.740894,-74.00169,1464.0,1,54
2022-02-10,618,"14 St (A,C,E)/8 Av (L)",40.740894,-74.00169,333.0,0,53
2022-02-10,618,"14 St (A,C,E)/8 Av (L)",40.740894,-74.00169,333.0,0,54
2022-02-18,618,"14 St (A,C,E)/8 Av (L)",40.740894,-74.00169,1670.0,1,53
2022-02-18,618,"14 St (A,C,E)/8 Av (L)",40.740894,-74.00169,1670.0,1,54
2022-03-02,618,"14 St (A,C,E)/8 Av (L)",40.740894,-74.00169,2237.0,1,53
2022-03-02,618,"14 St (A,C,E)/8 Av (L)",40.740894,-74.00169,2237.0,1,54
2022-03-08,618,"14 St (A,C,E)/8 Av (L)",40.740894,-74.00169,1864.0,1,53
2022-03-08,618,"14 St (A,C,E)/8 Av (L)",40.740894,-74.00169,1864.0,1,54
2022-03-15,618,"14 St (A,C,E)/8 Av (L)",40.740894,-74.00169,2381.0,1,53
2022-03-15,618,"14 St (A,C,E)/8 Av (L)",40.740894,-74.00169,2381.0,1,54
2022-03-29,618,"14 St (A,C,E)/8 Av (L)",40.740894,-74.00169,2796.0,1,53
2022-03-29,618,"14 St (A,C,E)/8 Av (L)",40.740894,-74.00169,2796.0,1,54
2022-04-07,618,"14 St (A,C,E)/8 Av (L)",40.740894,-74.00169,31.0,0,53
2022-04-07,618,"14 St (A,C,E)/8 Av (L)",40.740894,-74.00169,31.0,0,54
2022-04-20,618,"14 St (A,C,E)/8 Av (L)",40.740894,-74.00169,23.0,0,53
2022-04-20,618,"14 St (A,C,E)/8 Av (L)",40.740894,-74.00169,23.0,0,54
2022-04-27,618,"14 St (A,C,E)/8 Av (L)",40.740894,-74.00169,2767.0,1,53
2022-04-27,618,"14 St (A,C,E)/8 Av (L)",40.740894,-74.00169,2767.0,1,54
2022-05-31,618,"14 St (A,C,E)/8 Av (L)",40.740894,-74.00169,571.0,0,53
2022-05-31,618,"14 St (A,C,E)/8 Av (L)",40.740894,-74.00169,571.0,0,54
2022-06-01,618,"14 St (A,C,E)/8 Av (L)",40.740894,-74.00169,2050.0,1,53
2022-06-01,618,"14 St (A,C,E)/8 Av (L)",40.740894,-74.00169,2050.0,1,54
2022-07-18,618,"14 St (A,C,E)/8 Av (L)",40.740894,-74.00169,1991.0,1,53
2022-07-18,618,"14 St (A,C,E)/8 Av (L)",40.740894,-74.00169,1991.0,1,54
2022-08-05,618,"14 St (A,C,E)/8 Av (L)",40.740894,-74.00169,490.0,0,53
2022-08-05,618,"14 St (A,C,E)/8 Av (L)",40.740894,-74.00169,490.0,0,54
2022-08-08,618,"14 St (A,C,E)/8 Av (L)",40.740894,-74.00169,1470.0,1,53
2022-08-08,618,"14 St (A,C,E)/8 Av (L)",40.740894,-74.00169,1470.0,1,54
2022-08-09,618,"14 St (A,C,E)/8 Av (L)",40.740894,-74.00169,1534.0,1,53
2022-08-09,618,"14 St (A,C,E)/8 Av (L)",40.740894,-74.00169,1534.0,1,54
2022-08-30,618,"14 St (A,C,E)/8 Av (L)",40.739777,-74.00258,1.0,0,53
2022-08-30,618,"14 St (A,C,E)/8 Av (L)",40.739777,-74.00258,1.0,0,54
2022-08-30,618,"14 St (A,C,E)/8 Av (L)",40.740894,-74.00169,669.0,0,53
2022-08-30,618,"14 St (A,C,E)/8 Av (L)",40.740894,-74.00169,669.0,0,54
2022-09-13,618,"14 St (A,C,E)/8 Av (L)",40.739777,-74.00258,2.0,0,53
2022-09-13,618,"14 St (A,C,E)/8 Av (L)",40.739777,-74.00258,2.0,0,54
2022-09-13,618,"14 St (A,C,E)/8 Av (L)",40.740894,-74.00169,2395.0,1,53
2022-09-13,618,"14 St (A,C,E)/8 Av (L)",40.740894,-74.00169,2395.0,1,54
2023-05-11,618,"14 St (A,C,E)/8 Av (L)",40.740894,-74.00169,93.0,0,53
2023-05-11,618,"14 St (A,C,E)/8 Av (L)",40.740894,-74.00169,93.0,0,54
2023-06-14,618,"14 St (A,C,E)/8 Av (L)",40.740894,-74.00169,777.0,0,53
2023-06-14,618,"14 St (A,C,E)/8 Av (L)",40.740894,-74.00169,777.0,0,54
2023-09-27,618,"14 St (A,C,E)/8 Av (L)",40.739777,-74.00258,1.0,0,53
2023-09-27,618,"14 St (A,C,E)/8 Av (L)",40.739777,-74.00258,1.0,0,54
2023-09-27,618,"14 St (A,C,E)/8 Av (L)",40.740894,-74.00169,2812.0,1,53
2023-09-27,618,"14 St (A,C,E)/8 Av (L)",40.740894,-74.00169,2812.0,1,54
2023-10-04,618,"14 St (A,C,E)/8 Av (L)",40.739777,-74.00258,1.0,0,53
2023-10-04,618,"14 St (A,C,E)/8 Av (L)",40.739777,-74.00258,1.0,0,54
2023-10-04,618,"14 St (A,C,E)/8 Av (L)",40.740894,-74.00169,450.0,0,53
2023-10-04,618,"14 St (A,C,E)/8 Av (L)",40.740894,-74.00169,450.0,0,54
2023-10-17,618,"14 St (A,C,E)/8 Av (L)",40.739777,-74.00258,1.0,0,53
2023-10-17,618,"14 St (A,C,E)/8 Av (L)",40.739777,-74.00258,1.0,0,54
2023-10-17,618,"14 St (A,C,E)/8 Av (L)",40.740894,-74.00169,3136.0,1,53
2023-10-17,618,"14 St (A,C,E)/8 Av (L)",40.740894,-74.00169,3136.0,1,54
2023-11-02,618,"14 St (A,C,E)/8 Av (L)",40.739777,-74.00258,1.0,0,53
2023-11-02,618,"14 St (A,C,E)/8 Av (L)",40.739777,-74.00258,1.0,0,54
2023-11-02,618,"14 St (A,C,E)/8 Av (L)",40.740894,-74.00169,2990.0,1,53
2023-11-02,618,"14 St (A,C,E)/8 Av (L)",40.740894,-74.00169,2990.0,1,54
2023-11-03,618,"14 St (A,C,E)/8 Av (L)",40.740894,-74.00169,272.0,0,53
2023-11-03,618,"14 St (A,C,E)/8 Av (L)",40.740894,-74.00169,272.0,0,54
2023-11-08,618,"14 St (A,C,E)/8 Av (L)",40.740894,-74.00169,959.0,0,53
2023-11-08,618,"14 St (A,C,E)/8 Av (L)",40.740894,-74.00169,959.0,0,54
2023-11-23,618,"14 St (A,C,E)/8 Av (L)",40.740894,-74.00169,2.0,0,53
2023-11-23,618,"14 St (A,C,E)/8 Av (L)",40.740894,-74.00169,2.0,0,54
2024-01-15,618,"14 St (A,C,E)/8 Av (L)",40.740894,-74.00169,741.0,0,53
2024-01-15,618,"14 St (A,C,E)/8 Av (L)",40.740894,-74.00169,741.0,0,54
2024-02-29,618,"14 St (A,C,E)/8 Av (L)",40.739777,-74.00258,1.0,0,53
2024-02-29,618,"14 St (A,C,E)/8 Av (L)",40.739777,-74.00258,1.0,0,54
2024-02-29,618,"14 St (A,C,E)/8 Av (L)",40.740894,-74.00169,1816.0,1,53
2024-02-29,618,"14 St (A,C,E)/8 Av (L)",40.740894,-74.00169,1816.0,1,54
2024-03-05,618,"14 St (A,C,E)/8 Av (L)",40.740894,-74.00169,3012.0,1,53
2024-03-05,618,"14 St (A,C,E)/8 Av (L)",40.740894,-74.00169,3012.0,1,54
2024-04-05,618,"14 St (A,C,E)/8 Av (L)",40.740894,-74.00169,620.0,0,53
2024-04-05,618,"14 St (A,C,E)/8 Av (L)",40.740894,-74.00169,620.0,0,54
2024-04-16,618,"14 St (A,C,E)/8 Av (L)",40.740894,-74.00169,801.0,0,53
2024-04-16,618,"14 St (A,C,E)/8 Av (L)",40.740894,-74.00169,801.0,0,54
2024-05-03,618,"14 St (A,C,E)/8 Av (L)",40.740894,-74.00169,1045.0,0,53
2024-05-03,618,"14 St (A,C,E)/8 Av (L)",40.740894,-74.00169,1045.0,0,54
2024-05-07,618,"14 St (A,C,E)/8 Av (L)",40.739777,-74.00258,3.0,0,53
2024-05-07,618,"14 St (A,C,E)/8 Av (L)",40.739777,-74.00258,3.0,0,54
2024-05-07,618,"14 St (A,C,E)/8 Av (L)",40.740894,-74.00169,1478.0,1,53
2024-05-07,618,"14 St (A,C,E)/8 Av (L)",40.740894,-74.00169,1478.0,1,54
2024-05-17,618,"14 St (A,C,E)/8 Av (L)",40.740894,-74.00169,35.0,0,53
2024-05-17,618,"14 St (A,C,E)/8 Av (L)",40.740894,-74.00169,35.0,0,54
2024-05-24,618,"14 St (A,C,E)/8 Av (L)",40.739777,-74.00258,1.0,0,53
2024-05-24,618,"14 St (A,C,E)/8 Av (L)",40.739777,-74.00258,1.0,0,54
2024-05-24,618,"14 St (A,C,E)/8 Av (L)",40.740894,-74.00169,769.0,0,53
2024-05-24,618,"14 St (A,C,E)/8 Av (L)",40.740894,-74.00169,769.0,0,54
2024-05-31,618,"14 St (A,C,E)/8 Av (L)",40.739777,-74.00258,4.0,0,53
2024-05-31,618,"14 St (A,C,E)/8 Av (L)",40.739777,-74.00258,4.0,0,54
2024-05-31,618,"14 St (A,C,E)/8 Av (L)",40.740894,-74.00169,1622.0,1,53
2024-05-31,618,"14 St (A,C,E)/8 Av (L)",40.740894,-74.00169,1622.0,1,54
2024-06-03,618,"14 St (A,C,E)/8 Av (L)",40.740894,-74.00169,2042.0,1,53
2024-06-03,618,"14 St (A,C,E)/8 Av (L)",40.740894,-74.00169,2042.0,1,54
2024-06-13,618,"14 St (A,C,E)/8 Av (L)",40.740894,-74.00169,3134.0,1,53
2024-06-13,618,"14 St (A,C,E)/8 Av (L)",40.740894,-74.00169,3134.0,1,54
2024-06-18,618,"14 St (A,C,E)/8 Av (L)",40.740894,-74.00169,2017.0,1,53
2024-06-18,618,"14 St (A,C,E)/8 Av (L)",40.740894,-74.00169,2017.0,1,54
2024-06-20,618,"14 St (A,C,E)/8 Av (L)",40.740894,-74.00169,187.0,0,53
2024-06-20,618,"14 St (A,C,E)/8 Av (L)",40.740894,-74.00169,187.0,0,54
2024-06-21,618,"14 St (A,C,E)/8 Av (L)",40.739777,-74.00258,1.0,0,53
2024-06-21,618,"14 St (A,C,E)/8 Av (L)",40.739777,-74.00258,1.0,0,54
2024-06-21,618,"14 St (A,C,E)/8 Av (L)",40.740894,-74.00169,2422.0,1,53
2024-06-21,618,"14 St (A,C,E)/8 Av (L)",40.740894,-74.00169,2422.0,1,54
2024-06-28,618,"14 St (A,C,E)/8 Av (L)",40.740894,-74.00169,1220.0,1,53
2024-06-28,618,"14 St (A,C,E)/8 Av (L)",40.740894,-74.00169,1220.0,1,54
2024-08-28,618,"14 St (A,C,E)/8 Av (L)",40.739777,-74.00258,2.0,0,53
2024-08-28,618,"14 St (A,C,E)/8 Av (L)",40.739777,-74.00258,2.0,0,54
2024-08-28,618,"14 St (A,C,E)/8 Av (L)",40.740894,-74.00169,1521.0,1,53
2024-08-28,618,"14 St (A,C,E)/8 Av (L)",40.740894,-74.00169,1521.0,1,54
2024-08-29,618,"14 St (A,C,E)/8 Av (L)",40.740894,-74.00169,828.0,0,53
2024-08-29,618,"14 St (A,C,E)/8 Av (L)",40.740894,-74.00169,828.0,0,54
2024-09-04,618,"14 St (A,C,E)/8 Av (L)",40.739777,-74.00258,3.0,0,53
2024-09-04,618,"14 St (A,C,E)/8 Av (L)",40.739777,-74.00258,3.0,0,54
2024-09-04,618,"14 St (A,C,E)/8 Av (L)",40.740894,-74.00169,1895.0,1,53
2024-09-04,618,"14 St (A,C,E)/8 Av (L)",40.740894,-74.00169,1895.0,1,54
2024-09-05,618,"14 St (A,C,E)/8 Av (L)",40.740894,-74.00169,3424.0,1,53
2024-09-05,618,"14 St (A,C,E)/8 Av (L)",40.740894,-74.00169,3424.0,1,54
2024-09-13,618,"14 St (A,C,E)/8 Av (L)",40.739777,-74.00258,4.0,0,53
2024-09-13,618,"14 St (A,C,E)/8 Av (L)",40.739777,-74.00258,4.0,0,54
2024-09-13,618,"14 St (A,C,E)/8 Av (L)",40.740894,-74.00169,3087.0,1,53
2024-09-13,618,"14 St (A,C,E)/8 Av (L)",40.740894,-74.00169,3087.0,1,54
2024-09-28,618,"14 St (A,C,E)/8 Av (L)",40.739777,-74.00258,2.0,0,53
2024-09-28,618,"14 St (A,C,E)/8 Av (L)",40.739777,-74.00258,2.0,0,54
2024-09-28,618,"14 St (A,C,E)/8 Av (L)",40.740894,-74.00169,393.0,0,53
2024-09-28,618,"14 St (A,C,E)/8 Av (L)",40.740894,-74.00169,393.0,0,54
2024-11-16,618,"14 St (A,C,E)/8 Av (L)",40.740894,-74.00169,8.0,0,53
2024-11-16,618,"14 St (A,C,E)/8 Av (L)",40.740894,-74.00169,8.0,0,54
2024-11-21,618,"14 St (A,C,E)/8 Av (L)",40.739777,-74.00258,3.0,0,53
2024-11-21,618,"14 St (A,C,E)/8 Av (L)",40.739777,-74.00258,3.0,0,54
2024-11-21,618,"14 St (A,C,E)/8 Av (L)",40.740894,-74.00169,165.0,0,53
2024-11-21,618,"14 St (A,C,E)/8 Av (L)",40.740894,-74.00169,165.0,0,54
2024-11-22,618,"14 St (A,C,E)/8 Av (L)",40.740894,-74.00169,2572.0,1,53
2024-11-22,618,"14 St (A,C,E)/8 Av (L)",40.740894,-74.00169,2572.0,1,54
2024-12-03,618,"14 St (A,C,E)/8 Av (L)",40.740894,-74.00169,209.0,0,53
2024-12-03,618,"14 St (A,C,E)/8 Av (L)",40.740894,-74.00169,209.0,0,54
2024-12-13,618,"14 St (A,C,E)/8 Av (L)",40.739777,-74.00258,4.0,0,53
2024-12-13,618,"14 St (A,C,E)/8 Av (L)",40.739777,-74.00258,4.0,0,54
2024-12-13,618,"14 St (A,C,E)/8 Av (L)",40.740894,-74.00169,1216.0,1,53
2024-12-13,618,"14 St (A,C,E)/8 Av (L)",40.740894,-74.00169,1216.0,1,54
2024-12-26,618,"14 St (A,C,E)/8 Av (L)",40.739777,-74.00258,1.0,0,53
2024-12-26,618,"14 St (A,C,E)/8 Av (L)",40.739777,-74.00258,1.0,0,54
2024-12-26,618,"14 St (A,C,E)/8 Av (L)",40.740894,-74.00169,1156.0,0,53
2024-12-26,618,"14 St (A,C,E)/8 Av (L)",40.740894,-74.00169,1156.0,0,54
2024-12-31,618,"14 St (A,C,E)/8 Av (L)",40.739777,-74.00258,2.0,0,53
2024-12-31,618,"14 St (A,C,E)/8 Av (L)",40.739777,-74.00258,2.0,0,54
2024-12-31,618,"14 St (A,C,E)/8 Av (L)",40.740894,-74.00169,1024.0,0,53
2024-12-31,618,"14 St (A,C,E)/8 Av (L)",40.740894,-74.00169,1024.0,0,54
2021-05-21,619,"Broadway-Lafayette St (B,D,F,M)/Bleecker St (6)",40.725914,-73.99466,67.0,0,47
2021-05-21,619,"Broadway-Lafayette St (B,D,F,M)/Bleecker St (6)",40.725914,-73.99466,67.0,0,55
2021-05-26,619,"Broadway-Lafayette St (B,D,F,M)/Bleecker St (6)",40.725914,-73.99466,795.0,0,47
2021-05-26,619,"Broadway-Lafayette St (B,D,F,M)/Bleecker St (6)",40.725914,-73.99466,795.0,0,55
2021-06-10,619,"Broadway-Lafayette St (B,D,F,M)/Bleecker St (6)",40.725914,-73.99466,132.0,0,47
2021-06-10,619,"Broadway-Lafayette St (B,D,F,M)/Bleecker St (6)",40.725914,-73.99466,132.0,0,55
2021-06-21,619,"Broadway-Lafayette St (B,D,F,M)/Bleecker St (6)",40.725914,-73.99466,618.0,0,47
2021-06-21,619,"Broadway-Lafayette St (B,D,F,M)/Bleecker St (6)",40.725914,-73.99466,618.0,0,55
2021-06-30,619,"Broadway-Lafayette St (B,D,F,M)/Bleecker St (6)",40.725296,-73.9962,1.0,0,47
2021-06-30,619,"Broadway-Lafayette St (B,D,F,M)/Bleecker St (6)",40.725296,-73.9962,1.0,0,55
2021-06-30,619,"Broadway-Lafayette St (B,D,F,M)/Bleecker St (6)",40.725914,-73.99466,1279.0,1,47
2021-06-30,619,"Broadway-Lafayette St (B,D,F,M)/Bleecker St (6)",40.725914,-73.99466,1279.0,1,55
2021-08-25,619,"Broadway-Lafayette St (B,D,F,M)/Bleecker St (6)",40.725914,-73.99466,244.0,0,47
2021-08-25,619,"Broadway-Lafayette St (B,D,F,M)/Bleecker St (6)",40.725914,-73.99466,244.0,0,55
2021-10-15,619,"Broadway-Lafayette St (B,D,F,M)/Bleecker St (6)",40.725914,-73.99466,356.0,0,47
2021-10-15,619,"Broadway-Lafayette St (B,D,F,M)/Bleecker St (6)",40.725914,-73.99466,356.0,0,55
2021-10-26,619,"Broadway-Lafayette St (B,D,F,M)/Bleecker St (6)",40.725914,-73.99466,1797.0,1,47
2021-10-26,619,"Broadway-Lafayette St (B,D,F,M)/Bleecker St (6)",40.725914,-73.99466,1797.0,1,55
2021-11-17,619,"Broadway-Lafayette St (B,D,F,M)/Bleecker St (6)",40.725914,-73.99466,571.0,0,47
2021-11-17,619,"Broadway-Lafayette St (B,D,F,M)/Bleecker St (6)",40.725914,-73.99466,571.0,0,55
2021-11-18,619,"Broadway-Lafayette St (B,D,F,M)/Bleecker St (6)",40.725914,-73.99466,2372.0,1,47
2021-11-18,619,"Broadway-Lafayette St (B,D,F,M)/Bleecker St (6)",40.725914,-73.99466,2372.0,1,55
2021-12-02,619,"Broadway-Lafayette St (B,D,F,M)/Bleecker St (6)",40.725914,-73.99466,14.0,0,47
2021-12-02,619,"Broadway-Lafayette St (B,D,F,M)/Bleecker St (6)",40.725914,-73.99466,14.0,0,55
2021-12-16,619,"Broadway-Lafayette St (B,D,F,M)/Bleecker St (6)",40.725914,-73.99466,148.0,0,47
2021-12-16,619,"Broadway-Lafayette St (B,D,F,M)/Bleecker St (6)",40.725914,-73.99466,148.0,0,55
2021-12-22,619,"Broadway-Lafayette St (B,D,F,M)/Bleecker St (6)",40.725914,-73.99466,424.0,0,47
2021-12-22,619,"Broadway-Lafayette St (B,D,F,M)/Bleecker St (6)",40.725914,-73.99466,424.0,0,55
2022-01-04,619,"Broadway-Lafayette St (B,D,F,M)/Bleecker St (6)",40.725914,-73.99466,592.0,0,47
2022-01-04,619,"Broadway-Lafayette St (B,D,F,M)/Bleecker St (6)",40.725914,-73.99466,592.0,0,55
2022-01-26,619,"Broadway-Lafayette St (B,D,F,M)/Bleecker St (6)",40.725914,-73.99466,1429.0,1,47
2022-01-26,619,"Broadway-Lafayette St (B,D,F,M)/Bleecker St (6)",40.725914,-73.99466,1429.0,1,55
2022-02-07,619,"Broadway-Lafayette St (B,D,F,M)/Bleecker St (6)",40.725914,-73.99466,926.0,0,47
2022-02-07,619,"Broadway-Lafayette St (B,D,F,M)/Bleecker St (6)",40.725914,-73.99466,926.0,0,55
2022-02-08,619,"Broadway-Lafayette St (B,D,F,M)/Bleecker St (6)",40.725914,-73.99466,1276.0,1,47
2022-02-08,619,"Broadway-Lafayette St (B,D,F,M)/Bleecker St (6)",40.725914,-73.99466,1276.0,1,55
2022-02-09,619,"Broadway-Lafayette St (B,D,F,M)/Bleecker St (6)",40.725914,-73.99466,1150.0,0,47
2022-02-09,619,"Broadway-Lafayette St (B,D,F,M)/Bleecker St (6)",40.725914,-73.99466,1150.0,0,55
2022-02-10,619,"Broadway-Lafayette St (B,D,F,M)/Bleecker St (6)",40.725914,-73.99466,649.0,0,47
2022-02-10,619,"Broadway-Lafayette St (B,D,F,M)/Bleecker St (6)",40.725914,-73.99466,649.0,0,55
2022-02-18,619,"Broadway-Lafayette St (B,D,F,M)/Bleecker St (6)",40.725914,-73.99466,1347.0,1,47
2022-02-18,619,"Broadway-Lafayette St (B,D,F,M)/Bleecker St (6)",40.725914,-73.99466,1347.0,1,55
2022-03-02,619,"Broadway-Lafayette St (B,D,F,M)/Bleecker St (6)",40.725914,-73.99466,1463.0,1,47
2022-03-02,619,"Broadway-Lafayette St (B,D,F,M)/Bleecker St (6)",40.725914,-73.99466,1463.0,1,55
2022-03-08,619,"Broadway-Lafayette St (B,D,F,M)/Bleecker St (6)",40.725914,-73.99466,2352.0,1,47
2022-03-08,619,"Broadway-Lafayette St (B,D,F,M)/Bleecker St (6)",40.725914,-73.99466,2352.0,1,55
2022-03-15,619,"Broadway-Lafayette St (B,D,F,M)/Bleecker St (6)",40.725914,-73.99466,1530.0,1,47
2022-03-15,619,"Broadway-Lafayette St (B,D,F,M)/Bleecker St (6)",40.725914,-73.99466,1530.0,1,55
2022-03-29,619,"Broadway-Lafayette St (B,D,F,M)/Bleecker St (6)",40.725914,-73.99466,1754.0,1,47
2022-03-29,619,"Broadway-Lafayette St (B,D,F,M)/Bleecker St (6)",40.725914,-73.99466,1754.0,1,55
2022-04-20,619,"Broadway-Lafayette St (B,D,F,M)/Bleecker St (6)",40.725914,-73.99466,98.0,0,47
2022-04-20,619,"Broadway-Lafayette St (B,D,F,M)/Bleecker St (6)",40.725914,-73.99466,98.0,0,55
2022-04-21,619,"Broadway-Lafayette St (B,D,F,M)/Bleecker St (6)",40.725914,-73.99466,39.0,0,47
2022-04-21,619,"Broadway-Lafayette St (B,D,F,M)/Bleecker St (6)",40.725914,-73.99466,39.0,0,55
2022-04-27,619,"Broadway-Lafayette St (B,D,F,M)/Bleecker St (6)",40.725914,-73.99466,1016.0,0,47
2022-04-27,619,"Broadway-Lafayette St (B,D,F,M)/Bleecker St (6)",40.725914,-73.99466,1016.0,0,55
2022-05-31,619,"Broadway-Lafayette St (B,D,F,M)/Bleecker St (6)",40.725914,-73.99466,1103.0,0,47
2022-05-31,619,"Broadway-Lafayette St (B,D,F,M)/Bleecker St (6)",40.725914,-73.99466,1103.0,0,55
2022-06-01,619,"Broadway-Lafayette St (B,D,F,M)/Bleecker St (6)",40.725296,-73.9962,1.0,0,47
2022-06-01,619,"Broadway-Lafayette St (B,D,F,M)/Bleecker St (6)",40.725296,-73.9962,1.0,0,55
2022-06-01,619,"Broadway-Lafayette St (B,D,F,M)/Bleecker St (6)",40.725914,-73.99466,2495.0,1,47
2022-06-01,619,"Broadway-Lafayette St (B,D,F,M)/Bleecker St (6)",40.725914,-73.99466,2495.0,1,55
2022-07-18,619,"Broadway-Lafayette St (B,D,F,M)/Bleecker St (6)",40.725914,-73.99466,1271.0,1,47
2022-07-18,619,"Broadway-Lafayette St (B,D,F,M)/Bleecker St (6)",40.725914,-73.99466,1271.0,1,55
2022-08-05,619,"Broadway-Lafayette St (B,D,F,M)/Bleecker St (6)",40.725914,-73.99466,198.0,0,47
2022-08-05,619,"Broadway-Lafayette St (B,D,F,M)/Bleecker St (6)",40.725914,-73.99466,198.0,0,55
2022-08-08,619,"Broadway-Lafayette St (B,D,F,M)/Bleecker St (6)",40.725914,-73.99466,515.0,0,47
2022-08-08,619,"Broadway-Lafayette St (B,D,F,M)/Bleecker St (6)",40.725914,-73.99466,515.0,0,55
2022-08-09,619,"Broadway-Lafayette St (B,D,F,M)/Bleecker St (6)",40.725914,-73.99466,1371.0,1,47
2022-08-09,619,"Broadway-Lafayette St (B,D,F,M)/Bleecker St (6)",40.725914,-73.99466,1371.0,1,55
2022-08-30,619,"Broadway-Lafayette St (B,D,F,M)/Bleecker St (6)",40.725296,-73.9962,1.0,0,47
2022-08-30,619,"Broadway-Lafayette St (B,D,F,M)/Bleecker St (6)",40.725296,-73.9962,1.0,0,55
2022-08-30,619,"Broadway-Lafayette St (B,D,F,M)/Bleecker St (6)",40.725914,-73.99466,728.0,0,47
2022-08-30,619,"Broadway-Lafayette St (B,D,F,M)/Bleecker St (6)",40.725914,-73.99466,728.0,0,55
2022-09-13,619,"Broadway-Lafayette St (B,D,F,M)/Bleecker St (6)",40.725914,-73.99466,3041.0,1,47
2022-09-13,619,"Broadway-Lafayette St (B,D,F,M)/Bleecker St (6)",40.725914,-73.99466,3041.0,1,55
2023-05-11,619,"Broadway-Lafayette St (B,D,F,M)/Bleecker St (6)",40.725296,-73.9962,2.0,0,47
2023-05-11,619,"Broadway-Lafayette St (B,D,F,M)/Bleecker St (6)",40.725296,-73.9962,2.0,0,55
2023-05-11,619,"Broadway-Lafayette St (B,D,F,M)/Bleecker St (6)",40.725914,-73.99466,131.0,0,47
2023-05-11,619,"Broadway-Lafayette St (B,D,F,M)/Bleecker St (6)",40.725914,-73.99466,131.0,0,55
2023-06-14,619,"Broadway-Lafayette St (B,D,F,M)/Bleecker St (6)",40.725914,-73.99466,504.0,0,47
2023-06-14,619,"Broadway-Lafayette St (B,D,F,M)/Bleecker St (6)",40.725914,-73.99466,504.0,0,55
2023-09-27,619,"Broadway-Lafayette St (B,D,F,M)/Bleecker St (6)",40.725914,-73.99466,449.0,0,47
2023-09-27,619,"Broadway-Lafayette St (B,D,F,M)/Bleecker St (6)",40.725914,-73.99466,449.0,0,55
2023-10-04,619,"Broadway-Lafayette St (B,D,F,M)/Bleecker St (6)",40.725914,-73.99466,1740.0,1,47
2023-10-04,619,"Broadway-Lafayette St (B,D,F,M)/Bleecker St (6)",40.725914,-73.99466,1740.0,1,55
2023-10-17,619,"Broadway-Lafayette St (B,D,F,M)/Bleecker St (6)",40.725914,-73.99466,2037.0,1,47
2023-10-17,619,"Broadway-Lafayette St (B,D,F,M)/Bleecker St (6)",40.725914,-73.99466,2037.0,1,55
2023-11-02,619,"Broadway-Lafayette St (B,D,F,M)/Bleecker St (6)",40.725914,-73.99466,2225.0,1,47
2023-11-02,619,"Broadway-Lafayette St (B,D,F,M)/Bleecker St (6)",40.725914,-73.99466,2225.0,1,55
2023-11-03,619,"Broadway-Lafayette St (B,D,F,M)/Bleecker St (6)",40.725296,-73.9962,1.0,0,47
2023-11-03,619,"Broadway-Lafayette St (B,D,F,M)/Bleecker St (6)",40.725296,-73.9962,1.0,0,55
2023-11-03,619,"Broadway-Lafayette St (B,D,F,M)/Bleecker St (6)",40.725914,-73.99466,1499.0,1,47
2023-11-03,619,"Broadway-Lafayette St (B,D,F,M)/Bleecker St (6)",40.725914,-73.99466,1499.0,1,55
2023-11-08,619,"Broadway-Lafayette St (B,D,F,M)/Bleecker St (6)",40.725914,-73.99466,2785.0,1,47
2023-11-08,619,"Broadway-Lafayette St (B,D,F,M)/Bleecker St (6)",40.725914,-73.99466,2785.0,1,55
2023-11-23,619,"Broadway-Lafayette St (B,D,F,M)/Bleecker St (6)",40.725296,-73.9962,3.0,0,47
2023-11-23,619,"Broadway-Lafayette St (B,D,F,M)/Bleecker St (6)",40.725296,-73.9962,3.0,0,55
2023-11-23,619,"Broadway-Lafayette St (B,D,F,M)/Bleecker St (6)",40.725914,-73.99466,14.0,0,47
2023-11-23,619,"Broadway-Lafayette St (B,D,F,M)/Bleecker St (6)",40.725914,-73.99466,14.0,0,55
2024-01-15,619,"Broadway-Lafayette St (B,D,F,M)/Bleecker St (6)",40.725914,-73.99466,1094.0,0,47
2024-01-15,619,"Broadway-Lafayette St (B,D,F,M)/Bleecker St (6)",40.725914,-73.99466,1094.0,0,55
2024-02-29,619,"Broadway-Lafayette St (B,D,F,M)/Bleecker St (6)",40.725914,-73.99466,626.0,0,47
2024-02-29,619,"Broadway-Lafayette St (B,D,F,M)/Bleecker St (6)",40.725914,-73.99466,626.0,0,55
2024-03-05,619,"Broadway-Lafayette St (B,D,F,M)/Bleecker St (6)",40.725914,-73.99466,3131.0,1,47
2024-03-05,619,"Broadway-Lafayette St (B,D,F,M)/Bleecker St (6)",40.725914,-73.99466,3131.0,1,55
2024-04-05,619,"Broadway-Lafayette St (B,D,F,M)/Bleecker St (6)",40.725914,-73.99466,809.0,0,47
2024-04-05,619,"Broadway-Lafayette St (B,D,F,M)/Bleecker St (6)",40.725914,-73.99466,809.0,0,55
2024-04-16,619,"Broadway-Lafayette St (B,D,F,M)/Bleecker St (6)",40.725914,-73.99466,75.0,0,47
2024-04-16,619,"Broadway-Lafayette St (B,D,F,M)/Bleecker St (6)",40.725914,-73.99466,75.0,0,55
2024-05-03,619,"Broadway-Lafayette St (B,D,F,M)/Bleecker St (6)",40.725914,-73.99466,1231.0,1,47
2024-05-03,619,"Broadway-Lafayette St (B,D,F,M)/Bleecker St (6)",40.725914,-73.99466,1231.0,1,55
2024-05-07,619,"Broadway-Lafayette St (B,D,F,M)/Bleecker St (6)",40.725914,-73.99466,1842.0,1,47
2024-05-07,619,"Broadway-Lafayette St (B,D,F,M)/Bleecker St (6)",40.725914,-73.99466,1842.0,1,55
2024-05-17,619,"Broadway-Lafayette St (B,D,F,M)/Bleecker St (6)",40.725914,-73.99466,86.0,0,47
2024-05-17,619,"Broadway-Lafayette St (B,D,F,M)/Bleecker St (6)",40.725914,-73.99466,86.0,0,55
2024-05-24,619,"Broadway-Lafayette St (B,D,F,M)/Bleecker St (6)",40.725296,-73.9962,1.0,0,47
2024-05-24,619,"Broadway-Lafayette St (B,D,F,M)/Bleecker St (6)",40.725296,-73.9962,1.0,0,55
2024-05-24,619,"Broadway-Lafayette St (B,D,F,M)/Bleecker St (6)",40.725914,-73.99466,1232.0,1,47
2024-05-24,619,"Broadway-Lafayette St (B,D,F,M)/Bleecker St (6)",40.725914,-73.99466,1232.0,1,55
2024-05-31,619,"Broadway-Lafayette St (B,D,F,M)/Bleecker St (6)",40.725296,-73.9962,1.0,0,47
2024-05-31,619,"Broadway-Lafayette St (B,D,F,M)/Bleecker St (6)",40.725296,-73.9962,1.0,0,55
2024-05-31,619,"Broadway-Lafayette St (B,D,F,M)/Bleecker St (6)",40.725914,-73.99466,520.0,0,47
2024-05-31,619,"Broadway-Lafayette St (B,D,F,M)/Bleecker St (6)",40.725914,-73.99466,520.0,0,55
2024-06-03,619,"Broadway-Lafayette St (B,D,F,M)/Bleecker St (6)",40.725914,-73.99466,1363.0,1,47
2024-06-03,619,"Broadway-Lafayette St (B,D,F,M)/Bleecker St (6)",40.725914,-73.99466,1363.0,1,55
2024-06-13,619,"Broadway-Lafayette St (B,D,F,M)/Bleecker St (6)",40.725914,-73.99466,1493.0,1,47
2024-06-13,619,"Broadway-Lafayette St (B,D,F,M)/Bleecker St (6)",40.725914,-73.99466,1493.0,1,55
2024-06-18,619,"Broadway-Lafayette St (B,D,F,M)/Bleecker St (6)",40.725914,-73.99466,200.0,0,47
2024-06-18,619,"Broadway-Lafayette St (B,D,F,M)/Bleecker St (6)",40.725914,-73.99466,200.0,0,55
2024-06-20,619,"Broadway-Lafayette St (B,D,F,M)/Bleecker St (6)",40.725914,-73.99466,232.0,0,47
2024-06-20,619,"Broadway-Lafayette St (B,D,F,M)/Bleecker St (6)",40.725914,-73.99466,232.0,0,55
2024-06-21,619,"Broadway-Lafayette St (B,D,F,M)/Bleecker St (6)",40.725914,-73.99466,1388.0,1,47
2024-06-21,619,"Broadway-Lafayette St (B,D,F,M)/Bleecker St (6)",40.725914,-73.99466,1388.0,1,55
2024-06-28,619,"Broadway-Lafayette St (B,D,F,M)/Bleecker St (6)",40.725914,-73.99466,497.0,0,47
2024-06-28,619,"Broadway-Lafayette St (B,D,F,M)/Bleecker St (6)",40.725914,-73.99466,497.0,0,55
2024-08-28,619,"Broadway-Lafayette St (B,D,F,M)/Bleecker St (6)",40.725914,-73.99466,1694.0,1,47
2024-08-28,619,"Broadway-Lafayette St (B,D,F,M)/Bleecker St (6)",40.725914,-73.99466,1694.0,1,55
2024-08-29,619,"Broadway-Lafayette St (B,D,F,M)/Bleecker St (6)",40.725914,-73.99466,12.0,0,47
2024-08-29,619,"Broadway-Lafayette St (B,D,F,M)/Bleecker St (6)",40.725914,-73.99466,12.0,0,55
2024-09-04,619,"Broadway-Lafayette St (B,D,F,M)/Bleecker St (6)",40.725296,-73.9962,3.0,0,47
2024-09-04,619,"Broadway-Lafayette St (B,D,F,M)/Bleecker St (6)",40.725296,-73.9962,3.0,0,55
2024-09-04,619,"Broadway-Lafayette St (B,D,F,M)/Bleecker St (6)",40.725914,-73.99466,2704.0,1,47
2024-09-04,619,"Broadway-Lafayette St (B,D,F,M)/Bleecker St (6)",40.725914,-73.99466,2704.0,1,55
2024-09-05,619,"Broadway-Lafayette St (B,D,F,M)/Bleecker St (6)",40.725914,-73.99466,1813.0,1,47
2024-09-05,619,"Broadway-Lafayette St (B,D,F,M)/Bleecker St (6)",40.725914,-73.99466,1813.0,1,55
2024-09-13,619,"Broadway-Lafayette St (B,D,F,M)/Bleecker St (6)",40.725296,-73.9962,6.0,0,47
2024-09-13,619,"Broadway-Lafayette St (B,D,F,M)/Bleecker St (6)",40.725296,-73.9962,6.0,0,55
2024-09-13,619,"Broadway-Lafayette St (B,D,F,M)/Bleecker St (6)",40.725914,-73.99466,2522.0,1,47
2024-09-13,619,"Broadway-Lafayette St (B,D,F,M)/Bleecker St (6)",40.725914,-73.99466,2522.0,1,55
2024-09-28,619,"Broadway-Lafayette St (B,D,F,M)/Bleecker St (6)",40.725296,-73.9962,5.0,0,47
2024-09-28,619,"Broadway-Lafayette St (B,D,F,M)/Bleecker St (6)",40.725296,-73.9962,5.0,0,55
2024-09-28,619,"Broadway-Lafayette St (B,D,F,M)/Bleecker St (6)",40.725914,-73.99466,220.0,0,47
2024-09-28,619,"Broadway-Lafayette St (B,D,F,M)/Bleecker St (6)",40.725914,-73.99466,220.0,0,55
2024-11-16,619,"Broadway-Lafayette St (B,D,F,M)/Bleecker St (6)",40.725914,-73.99466,34.0,0,47
2024-11-16,619,"Broadway-Lafayette St (B,D,F,M)/Bleecker St (6)",40.725914,-73.99466,34.0,0,55
2024-11-21,619,"Broadway-Lafayette St (B,D,F,M)/Bleecker St (6)",40.725914,-73.99466,872.0,0,47
2024-11-21,619,"Broadway-Lafayette St (B,D,F,M)/Bleecker St (6)",40.725914,-73.99466,872.0,0,55
2024-11-22,619,"Broadway-Lafayette St (B,D,F,M)/Bleecker St (6)",40.725296,-73.9962,1.0,0,47
2024-11-22,619,"Broadway-Lafayette St (B,D,F,M)/Bleecker St (6)",40.725296,-73.9962,1.0,0,55
2024-11-22,619,"Broadway-Lafayette St (B,D,F,M)/Bleecker St (6)",40.725914,-73.99466,336.0,0,47
2024-11-22,619,"Broadway-Lafayette St (B,D,F,M)/Bleecker St (6)",40.725914,-73.99466,336.0,0,55
2024-12-03,619,"Broadway-Lafayette St (B,D,F,M)/Bleecker St (6)",40.725914,-73.99466,172.0,0,47
2024-12-03,619,"Broadway-Lafayette St (B,D,F,M)/Bleecker St (6)",40.725914,-73.99466,172.0,0,55
2024-12-13,619,"Broadway-Lafayette St (B,D,F,M)/Bleecker St (6)",40.725914,-73.99466,1219.0,1,47
2024-12-13,619,"Broadway-Lafayette St (B,D,F,M)/Bleecker St (6)",40.725914,-73.99466,1219.0,1,55
2024-12-26,619,"Broadway-Lafayette St (B,D,F,M)/Bleecker St (6)",40.725914,-73.99466,665.0,0,47
2024-12-26,619,"Broadway-Lafayette St (B,D,F,M)/Bleecker St (6)",40.725914,-73.99466,665.0,0,55
2024-12-31,619,"Broadway-Lafayette St (B,D,F,M)/Bleecker St (6)",40.725296,-73.9962,2.0,0,47
2024-12-31,619,"Broadway-Lafayette St (B,D,F,M)/Bleecker St (6)",40.725296,-73.9962,2.0,0,55
2024-12-31,619,"Broadway-Lafayette St (B,D,F,M)/Bleecker St (6)",40.725914,-73.99466,661.0,0,47
2024-12-31,619,"Broadway-Lafayette St (B,D,F,M)/Bleecker St (6)",40.725914,-73.99466,661.0,0,55
2021-05-21,622,"Brooklyn Bridge-City Hall (4,5,6)/Chambers St (J,Z)",40.71324,-74.0034,55.0,0,17
2021-05-21,622,"Brooklyn Bridge-City Hall (4,5,6)/Chambers St (J,Z)",40.71324,-74.0034,55.0,0,19
2021-05-26,622,"Brooklyn Bridge-City Hall (4,5,6)/Chambers St (J,Z)",40.71324,-74.0034,621.0,0,17
2021-05-26,622,"Brooklyn Bridge-City Hall (4,5,6)/Chambers St (J,Z)",40.71324,-74.0034,621.0,0,19
2021-06-10,622,"Brooklyn Bridge-City Hall (4,5,6)/Chambers St (J,Z)",40.71324,-74.0034,129.0,0,17
2021-06-10,622,"Brooklyn Bridge-City Hall (4,5,6)/Chambers St (J,Z)",40.71324,-74.0034,129.0,0,19
2021-06-21,622,"Brooklyn Bridge-City Hall (4,5,6)/Chambers St (J,Z)",40.71324,-74.0034,898.0,0,17
2021-06-21,622,"Brooklyn Bridge-City Hall (4,5,6)/Chambers St (J,Z)",40.71324,-74.0034,898.0,0,19
2021-06-30,622,"Brooklyn Bridge-City Hall (4,5,6)/Chambers St (J,Z)",40.713066,-74.00413,1.0,0,17
2021-06-30,622,"Brooklyn Bridge-City Hall (4,5,6)/Chambers St (J,Z)",40.713066,-74.00413,1.0,0,19
2021-06-30,622,"Brooklyn Bridge-City Hall (4,5,6)/Chambers St (J,Z)",40.71324,-74.0034,960.0,0,17
2021-06-30,622,"Brooklyn Bridge-City Hall (4,5,6)/Chambers St (J,Z)",40.71324,-74.0034,960.0,0,19
2021-08-25,622,"Brooklyn Bridge-City Hall (4,5,6)/Chambers St (J,Z)",40.71324,-74.0034,53.0,0,17
2021-08-25,622,"Brooklyn Bridge-City Hall (4,5,6)/Chambers St (J,Z)",40.71324,-74.0034,53.0,0,19
2021-10-15,622,"Brooklyn Bridge-City Hall (4,5,6)/Chambers St (J,Z)",40.71324,-74.0034,122.0,0,17
2021-10-15,622,"Brooklyn Bridge-City Hall (4,5,6)/Chambers St (J,Z)",40.71324,-74.0034,122.0,0,19
2021-10-26,622,"Brooklyn Bridge-City Hall (4,5,6)/Chambers St (J,Z)",40.71324,-74.0034,1474.0,1,17
2021-10-26,622,"Brooklyn Bridge-City Hall (4,5,6)/Chambers St (J,Z)",40.71324,-74.0034,1474.0,1,19
2021-10-27,622,"Brooklyn Bridge-City Hall (4,5,6)/Chambers St (J,Z)",40.71324,-74.0034,124.0,0,17
2021-10-27,622,"Brooklyn Bridge-City Hall (4,5,6)/Chambers St (J,Z)",40.71324,-74.0034,124.0,0,19
2021-11-17,622,"Brooklyn Bridge-City Hall (4,5,6)/Chambers St (J,Z)",40.71324,-74.0034,406.0,0,17
2021-11-17,622,"Brooklyn Bridge-City Hall (4,5,6)/Chambers St (J,Z)",40.71324,-74.0034,406.0,0,19
2021-11-18,622,"Brooklyn Bridge-City Hall (4,5,6)/Chambers St (J,Z)",40.71324,-74.0034,1704.0,1,17
2021-11-18,622,"Brooklyn Bridge-City Hall (4,5,6)/Chambers St (J,Z)",40.71324,-74.0034,1704.0,1,19
2021-12-02,622,"Brooklyn Bridge-City Hall (4,5,6)/Chambers St (J,Z)",40.71324,-74.0034,45.0,0,17
2021-12-02,622,"Brooklyn Bridge-City Hall (4,5,6)/Chambers St (J,Z)",40.71324,-74.0034,45.0,0,19
2021-12-16,622,"Brooklyn Bridge-City Hall (4,5,6)/Chambers St (J,Z)",40.71324,-74.0034,398.0,0,17
2021-12-16,622,"Brooklyn Bridge-City Hall (4,5,6)/Chambers St (J,Z)",40.71324,-74.0034,398.0,0,19
2021-12-22,622,"Brooklyn Bridge-City Hall (4,5,6)/Chambers St (J,Z)",40.71324,-74.0034,135.0,0,17
2021-12-22,622,"Brooklyn Bridge-City Hall (4,5,6)/Chambers St (J,Z)",40.71324,-74.0034,135.0,0,19
2022-01-04,622,"Brooklyn Bridge-City Hall (4,5,6)/Chambers St (J,Z)",40.71324,-74.0034,321.0,0,17
2022-01-04,622,"Brooklyn Bridge-City Hall (4,5,6)/Chambers St (J,Z)",40.71324,-74.0034,321.0,0,19
2022-01-26,622,"Brooklyn Bridge-City Hall (4,5,6)/Chambers St (J,Z)",40.71324,-74.0034,968.0,0,17
2022-01-26,622,"Brooklyn Bridge-City Hall (4,5,6)/Chambers St (J,Z)",40.71324,-74.0034,968.0,0,19
2022-02-07,622,"Brooklyn Bridge-City Hall (4,5,6)/Chambers St (J,Z)",40.71324,-74.0034,973.0,0,17
2022-02-07,622,"Brooklyn Bridge-City Hall (4,5,6)/Chambers St (J,Z)",40.71324,-74.0034,973.0,0,19
2022-02-08,622,"Brooklyn Bridge-City Hall (4,5,6)/Chambers St (J,Z)",40.71324,-74.0034,616.0,0,17
2022-02-08,622,"Brooklyn Bridge-City Hall (4,5,6)/Chambers St (J,Z)",40.71324,-74.0034,616.0,0,19
2022-02-09,622,"Brooklyn Bridge-City Hall (4,5,6)/Chambers St (J,Z)",40.71324,-74.0034,547.0,0,17
2022-02-09,622,"Brooklyn Bridge-City Hall (4,5,6)/Chambers St (J,Z)",40.71324,-74.0034,547.0,0,19
2022-02-10,622,"Brooklyn Bridge-City Hall (4,5,6)/Chambers St (J,Z)",40.71324,-74.0034,420.0,0,17
2022-02-10,622,"Brooklyn Bridge-City Hall (4,5,6)/Chambers St (J,Z)",40.71324,-74.0034,420.0,0,19
2022-02-18,622,"Brooklyn Bridge-City Hall (4,5,6)/Chambers St (J,Z)",40.71324,-74.0034,1249.0,1,17
2022-02-18,622,"Brooklyn Bridge-City Hall (4,5,6)/Chambers St (J,Z)",40.71324,-74.0034,1249.0,1,19
2022-03-02,622,"Brooklyn Bridge-City Hall (4,5,6)/Chambers St (J,Z)",40.713066,-74.00413,2.0,0,17
2022-03-02,622,"Brooklyn Bridge-City Hall (4,5,6)/Chambers St (J,Z)",40.713066,-74.00413,2.0,0,19
2022-03-02,622,"Brooklyn Bridge-City Hall (4,5,6)/Chambers St (J,Z)",40.71324,-74.0034,1797.0,1,17
2022-03-02,622,"Brooklyn Bridge-City Hall (4,5,6)/Chambers St (J,Z)",40.71324,-74.0034,1797.0,1,19
2022-03-08,622,"Brooklyn Bridge-City Hall (4,5,6)/Chambers St (J,Z)",40.71324,-74.0034,1413.0,1,17
2022-03-08,622,"Brooklyn Bridge-City Hall (4,5,6)/Chambers St (J,Z)",40.71324,-74.0034,1413.0,1,19
2022-03-15,622,"Brooklyn Bridge-City Hall (4,5,6)/Chambers St (J,Z)",40.71324,-74.0034,1736.0,1,17
2022-03-15,622,"Brooklyn Bridge-City Hall (4,5,6)/Chambers St (J,Z)",40.71324,-74.0034,1736.0,1,19
2022-03-29,622,"Brooklyn Bridge-City Hall (4,5,6)/Chambers St (J,Z)",40.71324,-74.0034,1606.0,1,17
2022-03-29,622,"Brooklyn Bridge-City Hall (4,5,6)/Chambers St (J,Z)",40.71324,-74.0034,1606.0,1,19
2022-04-07,622,"Brooklyn Bridge-City Hall (4,5,6)/Chambers St (J,Z)",40.71324,-74.0034,186.0,0,17
2022-04-07,622,"Brooklyn Bridge-City Hall (4,5,6)/Chambers St (J,Z)",40.71324,-74.0034,186.0,0,19
2022-04-20,622,"Brooklyn Bridge-City Hall (4,5,6)/Chambers St (J,Z)",40.71324,-74.0034,9.0,0,17
2022-04-20,622,"Brooklyn Bridge-City Hall (4,5,6)/Chambers St (J,Z)",40.71324,-74.0034,9.0,0,19
2022-04-27,622,"Brooklyn Bridge-City Hall (4,5,6)/Chambers St (J,Z)",40.71324,-74.0034,1117.0,0,17
2022-04-27,622,"Brooklyn Bridge-City Hall (4,5,6)/Chambers St (J,Z)",40.71324,-74.0034,1117.0,0,19
2022-05-31,622,"Brooklyn Bridge-City Hall (4,5,6)/Chambers St (J,Z)",40.71324,-74.0034,934.0,0,17
2022-05-31,622,"Brooklyn Bridge-City Hall (4,5,6)/Chambers St (J,Z)",40.71324,-74.0034,934.0,0,19
2022-06-01,622,"Brooklyn Bridge-City Hall (4,5,6)/Chambers St (J,Z)",40.71324,-74.0034,1711.0,1,17
2022-06-01,622,"Brooklyn Bridge-City Hall (4,5,6)/Chambers St (J,Z)",40.71324,-74.0034,1711.0,1,19
2022-07-18,622,"Brooklyn Bridge-City Hall (4,5,6)/Chambers St (J,Z)",40.71324,-74.0034,980.0,0,17
2022-07-18,622,"Brooklyn Bridge-City Hall (4,5,6)/Chambers St (J,Z)",40.71324,-74.0034,980.0,0,19
2022-08-05,622,"Brooklyn Bridge-City Hall (4,5,6)/Chambers St (J,Z)",40.71324,-74.0034,235.0,0,17
2022-08-05,622,"Brooklyn Bridge-City Hall (4,5,6)/Chambers St (J,Z)",40.71324,-74.0034,235.0,0,19
2022-08-08,622,"Brooklyn Bridge-City Hall (4,5,6)/Chambers St (J,Z)",40.71324,-74.0034,422.0,0,17
2022-08-08,622,"Brooklyn Bridge-City Hall (4,5,6)/Chambers St (J,Z)",40.71324,-74.0034,422.0,0,19
2022-08-09,622,"Brooklyn Bridge-City Hall (4,5,6)/Chambers St (J,Z)",40.71324,-74.0034,1217.0,1,17
2022-08-09,622,"Brooklyn Bridge-City Hall (4,5,6)/Chambers St (J,Z)",40.71324,-74.0034,1217.0,1,19
2022-08-30,622,"Brooklyn Bridge-City Hall (4,5,6)/Chambers St (J,Z)",40.71324,-74.0034,1088.0,0,17
2022-08-30,622,"Brooklyn Bridge-City Hall (4,5,6)/Chambers St (J,Z)",40.71324,-74.0034,1088.0,0,19
2022-09-13,622,"Brooklyn Bridge-City Hall (4,5,6)/Chambers St (J,Z)",40.71324,-74.0034,2354.0,1,17
2022-09-13,622,"Brooklyn Bridge-City Hall (4,5,6)/Chambers St (J,Z)",40.71324,-74.0034,2354.0,1,19
2023-05-11,622,"Brooklyn Bridge-City Hall (4,5,6)/Chambers St (J,Z)",40.71324,-74.0034,114.0,0,17
2023-05-11,622,"Brooklyn Bridge-City Hall (4,5,6)/Chambers St (J,Z)",40.71324,-74.0034,114.0,0,19
2023-06-14,622,"Brooklyn Bridge-City Hall (4,5,6)/Chambers St (J,Z)",40.71324,-74.0034,727.0,0,17
2023-06-14,622,"Brooklyn Bridge-City Hall (4,5,6)/Chambers St (J,Z)",40.71324,-74.0034,727.0,0,19
2023-09-27,622,"Brooklyn Bridge-City Hall (4,5,6)/Chambers St (J,Z)",40.71324,-74.0034,1693.0,1,17
2023-09-27,622,"Brooklyn Bridge-City Hall (4,5,6)/Chambers St (J,Z)",40.71324,-74.0034,1693.0,1,19
2023-10-04,622,"Brooklyn Bridge-City Hall (4,5,6)/Chambers St (J,Z)",40.71324,-74.0034,665.0,0,17
2023-10-04,622,"Brooklyn Bridge-City Hall (4,5,6)/Chambers St (J,Z)",40.71324,-74.0034,665.0,0,19
2023-10-17,622,"Brooklyn Bridge-City Hall (4,5,6)/Chambers St (J,Z)",40.713066,-74.00413,1.0,0,17
2023-10-17,622,"Brooklyn Bridge-City Hall (4,5,6)/Chambers St (J,Z)",40.713066,-74.00413,1.0,0,19
2023-10-17,622,"Brooklyn Bridge-City Hall (4,5,6)/Chambers St (J,Z)",40.71324,-74.0034,1996.0,1,17
2023-10-17,622,"Brooklyn Bridge-City Hall (4,5,6)/Chambers St (J,Z)",40.71324,-74.0034,1996.0,1,19
2023-11-02,622,"Brooklyn Bridge-City Hall (4,5,6)/Chambers St (J,Z)",40.71324,-74.0034,952.0,0,17
2023-11-02,622,"Brooklyn Bridge-City Hall (4,5,6)/Chambers St (J,Z)",40.71324,-74.0034,952.0,0,19
2023-11-03,622,"Brooklyn Bridge-City Hall (4,5,6)/Chambers St (J,Z)",40.713066,-74.00413,4.0,0,17
2023-11-03,622,"Brooklyn Bridge-City Hall (4,5,6)/Chambers St (J,Z)",40.713066,-74.00413,4.0,0,19
2023-11-03,622,"Brooklyn Bridge-City Hall (4,5,6)/Chambers St (J,Z)",40.71324,-74.0034,1046.0,0,17
2023-11-03,622,"Brooklyn Bridge-City Hall (4,5,6)/Chambers St (J,Z)",40.71324,-74.0034,1046.0,0,19
2023-11-08,622,"Brooklyn Bridge-City Hall (4,5,6)/Chambers St (J,Z)",40.713066,-74.00413,4.0,0,17
2023-11-08,622,"Brooklyn Bridge-City Hall (4,5,6)/Chambers St (J,Z)",40.713066,-74.00413,4.0,0,19
2023-11-08,622,"Brooklyn Bridge-City Hall (4,5,6)/Chambers St (J,Z)",40.71324,-74.0034,1872.0,1,17
2023-11-08,622,"Brooklyn Bridge-City Hall (4,5,6)/Chambers St (J,Z)",40.71324,-74.0034,1872.0,1,19
2024-01-15,622,"Brooklyn Bridge-City Hall (4,5,6)/Chambers St (J,Z)",40.713066,-74.00413,13.0,0,17
2024-01-15,622,"Brooklyn Bridge-City Hall (4,5,6)/Chambers St (J,Z)",40.713066,-74.00413,13.0,0,19
2024-01-15,622,"Brooklyn Bridge-City Hall (4,5,6)/Chambers St (J,Z)",40.71324,-74.0034,644.0,0,17
2024-01-15,622,"Brooklyn Bridge-City Hall (4,5,6)/Chambers St (J,Z)",40.71324,-74.0034,644.0,0,19
2024-02-29,622,"Brooklyn Bridge-City Hall (4,5,6)/Chambers St (J,Z)",40.71324,-74.0034,756.0,0,17
2024-02-29,622,"Brooklyn Bridge-City Hall (4,5,6)/Chambers St (J,Z)",40.71324,-74.0034,756.0,0,19
2024-03-05,622,"Brooklyn Bridge-City Hall (4,5,6)/Chambers St (J,Z)",40.71324,-74.0034,1315.0,1,17
2024-03-05,622,"Brooklyn Bridge-City Hall (4,5,6)/Chambers St (J,Z)",40.71324,-74.0034,1315.0,1,19
2024-04-05,622,"Brooklyn Bridge-City Hall (4,5,6)/Chambers St (J,Z)",40.713066,-74.00413,1.0,0,17
2024-04-05,622,"Brooklyn Bridge-City Hall (4,5,6)/Chambers St (J,Z)",40.713066,-74.00413,1.0,0,19
2024-04-05,622,"Brooklyn Bridge-City Hall (4,5,6)/Chambers St (J,Z)",40.71324,-74.0034,233.0,0,17
2024-04-05,622,"Brooklyn Bridge-City Hall (4,5,6)/Chambers St (J,Z)",40.71324,-74.0034,233.0,0,19
2024-04-16,622,"Brooklyn Bridge-City Hall (4,5,6)/Chambers St (J,Z)",40.71324,-74.0034,595.0,0,17
2024-04-16,622,"Brooklyn Bridge-City Hall (4,5,6)/Chambers St (J,Z)",40.71324,-74.0034,595.0,0,19
2024-05-03,622,"Brooklyn Bridge-City Hall (4,5,6)/Chambers St (J,Z)",40.713066,-74.00413,3.0,0,17
2024-05-03,622,"Brooklyn Bridge-City Hall (4,5,6)/Chambers St (J,Z)",40.713066,-74.00413,3.0,0,19
2024-05-03,622,"Brooklyn Bridge-City Hall (4,5,6)/Chambers St (J,Z)",40.71324,-74.0034,1227.0,1,17
2024-05-03,622,"Brooklyn Bridge-City Hall (4,5,6)/Chambers St (J,Z)",40.71324,-74.0034,1227.0,1,19
2024-05-07,622,"Brooklyn Bridge-City Hall (4,5,6)/Chambers St (J,Z)",40.71324,-74.0034,1128.0,0,17
2024-05-07,622,"Brooklyn Bridge-City Hall (4,5,6)/Chambers St (J,Z)",40.71324,-74.0034,1128.0,0,19
2024-05-17,622,"Brooklyn Bridge-City Hall (4,5,6)/Chambers St (J,Z)",40.71324,-74.0034,25.0,0,17
2024-05-17,622,"Brooklyn Bridge-City Hall (4,5,6)/Chambers St (J,Z)",40.71324,-74.0034,25.0,0,19
2024-05-24,622,"Brooklyn Bridge-City Hall (4,5,6)/Chambers St (J,Z)",40.71324,-74.0034,1186.0,1,17
2024-05-24,622,"Brooklyn Bridge-City Hall (4,5,6)/Chambers St (J,Z)",40.71324,-74.0034,1186.0,1,19
2024-05-31,622,"Brooklyn Bridge-City Hall (4,5,6)/Chambers St (J,Z)",40.71324,-74.0034,1717.0,1,17
2024-05-31,622,"Brooklyn Bridge-City Hall (4,5,6)/Chambers St (J,Z)",40.71324,-74.0034,1717.0,1,19
2024-06-03,622,"Brooklyn Bridge-City Hall (4,5,6)/Chambers St (J,Z)",40.713066,-74.00413,1.0,0,17
2024-06-03,622,"Brooklyn Bridge-City Hall (4,5,6)/Chambers St (J,Z)",40.713066,-74.00413,1.0,0,19
2024-06-03,622,"Brooklyn Bridge-City Hall (4,5,6)/Chambers St (J,Z)",40.71324,-74.0034,1446.0,1,17
2024-06-03,622,"Brooklyn Bridge-City Hall (4,5,6)/Chambers St (J,Z)",40.71324,-74.0034,1446.0,1,19
2024-06-13,622,"Brooklyn Bridge-City Hall (4,5,6)/Chambers St (J,Z)",40.71324,-74.0034,688.0,0,17
2024-06-13,622,"Brooklyn Bridge-City Hall (4,5,6)/Chambers St (J,Z)",40.71324,-74.0034,688.0,0,19
2024-06-18,622,"Brooklyn Bridge-City Hall (4,5,6)/Chambers St (J,Z)",40.71324,-74.0034,105.0,0,17
2024-06-18,622,"Brooklyn Bridge-City Hall (4,5,6)/Chambers St (J,Z)",40.71324,-74.0034,105.0,0,19
2024-06-20,622,"Brooklyn Bridge-City Hall (4,5,6)/Chambers St (J,Z)",40.713066,-74.00413,6.0,0,17
2024-06-20,622,"Brooklyn Bridge-City Hall (4,5,6)/Chambers St (J,Z)",40.713066,-74.00413,6.0,0,19
2024-06-20,622,"Brooklyn Bridge-City Hall (4,5,6)/Chambers St (J,Z)",40.71324,-74.0034,63.0,0,17
2024-06-20,622,"Brooklyn Bridge-City Hall (4,5,6)/Chambers St (J,Z)",40.71324,-74.0034,63.0,0,19
2024-06-21,622,"Brooklyn Bridge-City Hall (4,5,6)/Chambers St (J,Z)",40.71324,-74.0034,1382.0,1,17
2024-06-21,622,"Brooklyn Bridge-City Hall (4,5,6)/Chambers St (J,Z)",40.71324,-74.0034,1382.0,1,19
2024-06-28,622,"Brooklyn Bridge-City Hall (4,5,6)/Chambers St (J,Z)",40.713066,-74.00413,1.0,0,17
2024-06-28,622,"Brooklyn Bridge-City Hall (4,5,6)/Chambers St (J,Z)",40.713066,-74.00413,1.0,0,19
2024-06-28,622,"Brooklyn Bridge-City Hall (4,5,6)/Chambers St (J,Z)",40.71324,-74.0034,984.0,0,17
2024-06-28,622,"Brooklyn Bridge-City Hall (4,5,6)/Chambers St (J,Z)",40.71324,-74.0034,984.0,0,19
2024-08-28,622,"Brooklyn Bridge-City Hall (4,5,6)/Chambers St (J,Z)",40.713066,-74.00413,3.0,0,17
2024-08-28,622,"Brooklyn Bridge-City Hall (4,5,6)/Chambers St (J,Z)",40.713066,-74.00413,3.0,0,19
2024-08-28,622,"Brooklyn Bridge-City Hall (4,5,6)/Chambers St (J,Z)",40.71324,-74.0034,908.0,0,17
2024-08-28,622,"Brooklyn Bridge-City Hall (4,5,6)/Chambers St (J,Z)",40.71324,-74.0034,908.0,0,19
2024-08-29,622,"Brooklyn Bridge-City Hall (4,5,6)/Chambers St (J,Z)",40.71324,-74.0034,13.0,0,17
2024-08-29,622,"Brooklyn Bridge-City Hall (4,5,6)/Chambers St (J,Z)",40.71324,-74.0034,13.0,0,19
2024-09-04,622,"Brooklyn Bridge-City Hall (4,5,6)/Chambers St (J,Z)",40.713066,-74.00413,4.0,0,17
2024-09-04,622,"Brooklyn Bridge-City Hall (4,5,6)/Chambers St (J,Z)",40.713066,-74.00413,4.0,0,19
2024-09-04,622,"Brooklyn Bridge-City Hall (4,5,6)/Chambers St (J,Z)",40.71324,-74.0034,2442.0,1,17
2024-09-04,622,"Brooklyn Bridge-City Hall (4,5,6)/Chambers St (J,Z)",40.71324,-74.0034,2442.0,1,19
2024-09-05,622,"Brooklyn Bridge-City Hall (4,5,6)/Chambers St (J,Z)",40.713066,-74.00413,4.0,0,17
2024-09-05,622,"Brooklyn Bridge-City Hall (4,5,6)/Chambers St (J,Z)",40.713066,-74.00413,4.0,0,19
2024-09-05,622,"Brooklyn Bridge-City Hall (4,5,6)/Chambers St (J,Z)",40.71324,-74.0034,2409.0,1,17
2024-09-05,622,"Brooklyn Bridge-City Hall (4,5,6)/Chambers St (J,Z)",40.71324,-74.0034,2409.0,1,19
2024-09-13,622,"Brooklyn Bridge-City Hall (4,5,6)/Chambers St (J,Z)",40.713066,-74.00413,5.0,0,17
2024-09-13,622,"Brooklyn Bridge-City Hall (4,5,6)/Chambers St (J,Z)",40.713066,-74.00413,5.0,0,19
2024-09-13,622,"Brooklyn Bridge-City Hall (4,5,6)/Chambers St (J,Z)",40.71324,-74.0034,1336.0,1,17
2024-09-13,622,"Brooklyn Bridge-City Hall (4,5,6)/Chambers St (J,Z)",40.71324,-74.0034,1336.0,1,19
2024-09-28,622,"Brooklyn Bridge-City Hall (4,5,6)/Chambers St (J,Z)",40.713066,-74.00413,12.0,0,17
2024-09-28,622,"Brooklyn Bridge-City Hall (4,5,6)/Chambers St (J,Z)",40.713066,-74.00413,12.0,0,19
2024-09-28,622,"Brooklyn Bridge-City Hall (4,5,6)/Chambers St (J,Z)",40.71324,-74.0034,304.0,0,17
2024-09-28,622,"Brooklyn Bridge-City Hall (4,5,6)/Chambers St (J,Z)",40.71324,-74.0034,304.0,0,19
2024-11-16,622,"Brooklyn Bridge-City Hall (4,5,6)/Chambers St (J,Z)",40.71324,-74.0034,7.0,0,17
2024-11-16,622,"Brooklyn Bridge-City Hall (4,5,6)/Chambers St (J,Z)",40.71324,-74.0034,7.0,0,19
2024-11-21,622,"Brooklyn Bridge-City Hall (4,5,6)/Chambers St (J,Z)",40.71324,-74.0034,234.0,0,17
2024-11-21,622,"Brooklyn Bridge-City Hall (4,5,6)/Chambers St (J,Z)",40.71324,-74.0034,234.0,0,19
2024-11-22,622,"Brooklyn Bridge-City Hall (4,5,6)/Chambers St (J,Z)",40.713066,-74.00413,5.0,0,17
2024-11-22,622,"Brooklyn Bridge-City Hall (4,5,6)/Chambers St (J,Z)",40.713066,-74.00413,5.0,0,19
2024-11-22,622,"Brooklyn Bridge-City Hall (4,5,6)/Chambers St (J,Z)",40.71324,-74.0034,1123.0,0,17
2024-11-22,622,"Brooklyn Bridge-City Hall (4,5,6)/Chambers St (J,Z)",40.71324,-74.0034,1123.0,0,19
2024-12-03,622,"Brooklyn Bridge-City Hall (4,5,6)/Chambers St (J,Z)",40.71324,-74.0034,201.0,0,17
2024-12-03,622,"Brooklyn Bridge-City Hall (4,5,6)/Chambers St (J,Z)",40.71324,-74.0034,201.0,0,19
2024-12-13,622,"Brooklyn Bridge-City Hall (4,5,6)/Chambers St (J,Z)",40.713066,-74.00413,5.0,0,17
2024-12-13,622,"Brooklyn Bridge-City Hall (4,5,6)/Chambers St (J,Z)",40.713066,-74.00413,5.0,0,19
2024-12-13,622,"Brooklyn Bridge-City Hall (4,5,6)/Chambers St (J,Z)",40.71324,-74.0034,2070.0,1,17
2024-12-13,622,"Brooklyn Bridge-City Hall (4,5,6)/Chambers St (J,Z)",40.71324,-74.0034,2070.0,1,19
2024-12-26,622,"Brooklyn Bridge-City Hall (4,5,6)/Chambers St (J,Z)",40.71324,-74.0034,558.0,0,17
2024-12-26,622,"Brooklyn Bridge-City Hall (4,5,6)/Chambers St (J,Z)",40.71324,-74.0034,558.0,0,19
2024-12-31,622,"Brooklyn Bridge-City Hall (4,5,6)/Chambers St (J,Z)",40.71324,-74.0034,1097.0,0,17
2024-12-31,622,"Brooklyn Bridge-City Hall (4,5,6)/Chambers St (J,Z)",40.71324,-74.0034,1097.0,0,19
2021-05-21,623,"Canal St (J,N,Q,R,W,Z,6)",40.71953,-74.00178,4.0,0,39
2021-05-21,623,"Canal St (J,N,Q,R,W,Z,6)",40.71953,-74.00178,4.0,0,62
2021-05-21,623,"Canal St (J,N,Q,R,W,Z,6)",40.71953,-74.00178,4.0,0,80
2021-05-21,623,"Canal St (J,N,Q,R,W,Z,6)",40.71953,-74.00178,4.0,0,62
2021-05-21,623,"Canal St (J,N,Q,R,W,Z,6)",40.71953,-74.00178,4.0,0,69
2021-05-21,623,"Canal St (J,N,Q,R,W,Z,6)",40.71953,-73.99989,61.0,0,39
2021-05-21,623,"Canal St (J,N,Q,R,W,Z,6)",40.71953,-73.99989,61.0,0,62
2021-05-21,623,"Canal St (J,N,Q,R,W,Z,6)",40.71953,-73.99989,61.0,0,80
2021-05-21,623,"Canal St (J,N,Q,R,W,Z,6)",40.71953,-73.99989,61.0,0,62
2021-05-21,623,"Canal St (J,N,Q,R,W,Z,6)",40.71953,-73.99989,61.0,0,69
2021-05-26,623,"Canal St (J,N,Q,R,W,Z,6)",40.71953,-73.99989,1320.0,1,39
2021-05-26,623,"Canal St (J,N,Q,R,W,Z,6)",40.71953,-73.99989,1320.0,1,62
2021-05-26,623,"Canal St (J,N,Q,R,W,Z,6)",40.71953,-73.99989,1320.0,1,80
2021-05-26,623,"Canal St (J,N,Q,R,W,Z,6)",40.71953,-73.99989,1320.0,1,62
2021-05-26,623,"Canal St (J,N,Q,R,W,Z,6)",40.71953,-73.99989,1320.0,1,69
2021-06-10,623,"Canal St (J,N,Q,R,W,Z,6)",40.71953,-73.99989,26.0,0,39
2021-06-10,623,"Canal St (J,N,Q,R,W,Z,6)",40.71953,-73.99989,26.0,0,62
2021-06-10,623,"Canal St (J,N,Q,R,W,Z,6)",40.71953,-73.99989,26.0,0,80
2021-06-10,623,"Canal St (J,N,Q,R,W,Z,6)",40.71953,-73.99989,26.0,0,62
2021-06-10,623,"Canal St (J,N,Q,R,W,Z,6)",40.71953,-73.99989,26.0,0,69
2021-06-21,623,"Canal St (J,N,Q,R,W,Z,6)",40.718094,-73.99989,4.0,0,39
2021-06-21,623,"Canal St (J,N,Q,R,W,Z,6)",40.718094,-73.99989,4.0,0,62
2021-06-21,623,"Canal St (J,N,Q,R,W,Z,6)",40.718094,-73.99989,4.0,0,80
2021-06-21,623,"Canal St (J,N,Q,R,W,Z,6)",40.718094,-73.99989,4.0,0,62
2021-06-21,623,"Canal St (J,N,Q,R,W,Z,6)",40.718094,-73.99989,4.0,0,69
2021-06-21,623,"Canal St (J,N,Q,R,W,Z,6)",40.71953,-74.00178,14.0,0,39
2021-06-21,623,"Canal St (J,N,Q,R,W,Z,6)",40.71953,-74.00178,14.0,0,62
2021-06-21,623,"Canal St (J,N,Q,R,W,Z,6)",40.71953,-74.00178,14.0,0,80
2021-06-21,623,"Canal St (J,N,Q,R,W,Z,6)",40.71953,-74.00178,14.0,0,62
2021-06-21,623,"Canal St (J,N,Q,R,W,Z,6)",40.71953,-74.00178,14.0,0,69
2021-06-21,623,"Canal St (J,N,Q,R,W,Z,6)",40.71953,-73.99989,776.0,0,39
2021-06-21,623,"Canal St (J,N,Q,R,W,Z,6)",40.71953,-73.99989,776.0,0,62
2021-06-21,623,"Canal St (J,N,Q,R,W,Z,6)",40.71953,-73.99989,776.0,0,80
2021-06-21,623,"Canal St (J,N,Q,R,W,Z,6)",40.71953,-73.99989,776.0,0,62
2021-06-21,623,"Canal St (J,N,Q,R,W,Z,6)",40.71953,-73.99989,776.0,0,69
2021-06-30,623,"Canal St (J,N,Q,R,W,Z,6)",40.718094,-73.99989,1.0,0,39
2021-06-30,623,"Canal St (J,N,Q,R,W,Z,6)",40.718094,-73.99989,1.0,0,62
2021-06-30,623,"Canal St (J,N,Q,R,W,Z,6)",40.718094,-73.99989,1.0,0,80
2021-06-30,623,"Canal St (J,N,Q,R,W,Z,6)",40.718094,-73.99989,1.0,0,62
2021-06-30,623,"Canal St (J,N,Q,R,W,Z,6)",40.718094,-73.99989,1.0,0,69
2021-06-30,623,"Canal St (J,N,Q,R,W,Z,6)",40.71953,-74.00178,9.0,0,39
2021-06-30,623,"Canal St (J,N,Q,R,W,Z,6)",40.71953,-74.00178,9.0,0,62
2021-06-30,623,"Canal St (J,N,Q,R,W,Z,6)",40.71953,-74.00178,9.0,0,80
2021-06-30,623,"Canal St (J,N,Q,R,W,Z,6)",40.71953,-74.00178,9.0,0,62
2021-06-30,623,"Canal St (J,N,Q,R,W,Z,6)",40.71953,-74.00178,9.0,0,69
2021-06-30,623,"Canal St (J,N,Q,R,W,Z,6)",40.71953,-74.00019,14.0,0,39
2021-06-30,623,"Canal St (J,N,Q,R,W,Z,6)",40.71953,-74.00019,14.0,0,62
2021-06-30,623,"Canal St (J,N,Q,R,W,Z,6)",40.71953,-74.00019,14.0,0,80
2021-06-30,623,"Canal St (J,N,Q,R,W,Z,6)",40.71953,-74.00019,14.0,0,62
2021-06-30,623,"Canal St (J,N,Q,R,W,Z,6)",40.71953,-74.00019,14.0,0,69
2021-06-30,623,"Canal St (J,N,Q,R,W,Z,6)",40.71953,-73.99989,913.0,0,39
2021-06-30,623,"Canal St (J,N,Q,R,W,Z,6)",40.71953,-73.99989,913.0,0,62
2021-06-30,623,"Canal St (J,N,Q,R,W,Z,6)",40.71953,-73.99989,913.0,0,80
2021-06-30,623,"Canal St (J,N,Q,R,W,Z,6)",40.71953,-73.99989,913.0,0,62
2021-06-30,623,"Canal St (J,N,Q,R,W,Z,6)",40.71953,-73.99989,913.0,0,69
2021-08-25,623,"Canal St (J,N,Q,R,W,Z,6)",40.71953,-73.99989,579.0,0,39
2021-08-25,623,"Canal St (J,N,Q,R,W,Z,6)",40.71953,-73.99989,579.0,0,62
2021-08-25,623,"Canal St (J,N,Q,R,W,Z,6)",40.71953,-73.99989,579.0,0,80
2021-08-25,623,"Canal St (J,N,Q,R,W,Z,6)",40.71953,-73.99989,579.0,0,62
2021-08-25,623,"Canal St (J,N,Q,R,W,Z,6)",40.71953,-73.99989,579.0,0,69
2021-10-15,623,"Canal St (J,N,Q,R,W,Z,6)",40.71953,-73.99989,31.0,0,39
2021-10-15,623,"Canal St (J,N,Q,R,W,Z,6)",40.71953,-73.99989,31.0,0,62
2021-10-15,623,"Canal St (J,N,Q,R,W,Z,6)",40.71953,-73.99989,31.0,0,80
2021-10-15,623,"Canal St (J,N,Q,R,W,Z,6)",40.71953,-73.99989,31.0,0,62
2021-10-15,623,"Canal St (J,N,Q,R,W,Z,6)",40.71953,-73.99989,31.0,0,69
2021-10-19,623,"Canal St (J,N,Q,R,W,Z,6)",40.71953,-73.99989,335.0,0,39
2021-10-19,623,"Canal St (J,N,Q,R,W,Z,6)",40.71953,-73.99989,335.0,0,62
2021-10-19,623,"Canal St (J,N,Q,R,W,Z,6)",40.71953,-73.99989,335.0,0,80
2021-10-19,623,"Canal St (J,N,Q,R,W,Z,6)",40.71953,-73.99989,335.0,0,62
2021-10-19,623,"Canal St (J,N,Q,R,W,Z,6)",40.71953,-73.99989,335.0,0,69
2021-10-26,623,"Canal St (J,N,Q,R,W,Z,6)",40.71953,-73.99989,1076.0,0,39
2021-10-26,623,"Canal St (J,N,Q,R,W,Z,6)",40.71953,-73.99989,1076.0,0,62
2021-10-26,623,"Canal St (J,N,Q,R,W,Z,6)",40.71953,-73.99989,1076.0,0,80
2021-10-26,623,"Canal St (J,N,Q,R,W,Z,6)",40.71953,-73.99989,1076.0,0,62
2021-10-26,623,"Canal St (J,N,Q,R,W,Z,6)",40.71953,-73.99989,1076.0,0,69
2021-10-27,623,"Canal St (J,N,Q,R,W,Z,6)",40.71953,-73.99989,334.0,0,39
2021-10-27,623,"Canal St (J,N,Q,R,W,Z,6)",40.71953,-73.99989,334.0,0,62
2021-10-27,623,"Canal St (J,N,Q,R,W,Z,6)",40.71953,-73.99989,334.0,0,80
2021-10-27,623,"Canal St (J,N,Q,R,W,Z,6)",40.71953,-73.99989,334.0,0,62
2021-10-27,623,"Canal St (J,N,Q,R,W,Z,6)",40.71953,-73.99989,334.0,0,69
2021-11-17,623,"Canal St (J,N,Q,R,W,Z,6)",40.71953,-73.99989,150.0,0,39
2021-11-17,623,"Canal St (J,N,Q,R,W,Z,6)",40.71953,-73.99989,150.0,0,62
2021-11-17,623,"Canal St (J,N,Q,R,W,Z,6)",40.71953,-73.99989,150.0,0,80
2021-11-17,623,"Canal St (J,N,Q,R,W,Z,6)",40.71953,-73.99989,150.0,0,62
2021-11-17,623,"Canal St (J,N,Q,R,W,Z,6)",40.71953,-73.99989,150.0,0,69
2021-11-18,623,"Canal St (J,N,Q,R,W,Z,6)",40.71953,-73.99989,2036.0,1,39
2021-11-18,623,"Canal St (J,N,Q,R,W,Z,6)",40.71953,-73.99989,2036.0,1,62
2021-11-18,623,"Canal St (J,N,Q,R,W,Z,6)",40.71953,-73.99989,2036.0,1,80
2021-11-18,623,"Canal St (J,N,Q,R,W,Z,6)",40.71953,-73.99989,2036.0,1,62
2021-11-18,623,"Canal St (J,N,Q,R,W,Z,6)",40.71953,-73.99989,2036.0,1,69
2021-12-16,623,"Canal St (J,N,Q,R,W,Z,6)",40.71953,-73.99989,299.0,0,39
2021-12-16,623,"Canal St (J,N,Q,R,W,Z,6)",40.71953,-73.99989,299.0,0,62
2021-12-16,623,"Canal St (J,N,Q,R,W,Z,6)",40.71953,-73.99989,299.0,0,80
2021-12-16,623,"Canal St (J,N,Q,R,W,Z,6)",40.71953,-73.99989,299.0,0,62
2021-12-16,623,"Canal St (J,N,Q,R,W,Z,6)",40.71953,-73.99989,299.0,0,69
2021-12-22,623,"Canal St (J,N,Q,R,W,Z,6)",40.71953,-73.99989,246.0,0,39
2021-12-22,623,"Canal St (J,N,Q,R,W,Z,6)",40.71953,-73.99989,246.0,0,62
2021-12-22,623,"Canal St (J,N,Q,R,W,Z,6)",40.71953,-73.99989,246.0,0,80
2021-12-22,623,"Canal St (J,N,Q,R,W,Z,6)",40.71953,-73.99989,246.0,0,62
2021-12-22,623,"Canal St (J,N,Q,R,W,Z,6)",40.71953,-73.99989,246.0,0,69
2022-01-04,623,"Canal St (J,N,Q,R,W,Z,6)",40.71953,-73.99989,311.0,0,39
2022-01-04,623,"Canal St (J,N,Q,R,W,Z,6)",40.71953,-73.99989,311.0,0,62
2022-01-04,623,"Canal St (J,N,Q,R,W,Z,6)",40.71953,-73.99989,311.0,0,80
2022-01-04,623,"Canal St (J,N,Q,R,W,Z,6)",40.71953,-73.99989,311.0,0,62
2022-01-04,623,"Canal St (J,N,Q,R,W,Z,6)",40.71953,-73.99989,311.0,0,69
2022-01-26,623,"Canal St (J,N,Q,R,W,Z,6)",40.71953,-73.99989,765.0,0,39
2022-01-26,623,"Canal St (J,N,Q,R,W,Z,6)",40.71953,-73.99989,765.0,0,62
2022-01-26,623,"Canal St (J,N,Q,R,W,Z,6)",40.71953,-73.99989,765.0,0,80
2022-01-26,623,"Canal St (J,N,Q,R,W,Z,6)",40.71953,-73.99989,765.0,0,62
2022-01-26,623,"Canal St (J,N,Q,R,W,Z,6)",40.71953,-73.99989,765.0,0,69
2022-02-07,623,"Canal St (J,N,Q,R,W,Z,6)",40.71953,-73.99989,1188.0,1,39
2022-02-07,623,"Canal St (J,N,Q,R,W,Z,6)",40.71953,-73.99989,1188.0,1,62
2022-02-07,623,"Canal St (J,N,Q,R,W,Z,6)",40.71953,-73.99989,1188.0,1,80
2022-02-07,623,"Canal St (J,N,Q,R,W,Z,6)",40.71953,-73.99989,1188.0,1,62
2022-02-07,623,"Canal St (J,N,Q,R,W,Z,6)",40.71953,-73.99989,1188.0,1,69
2022-02-08,623,"Canal St (J,N,Q,R,W,Z,6)",40.71953,-74.00178,13.0,0,39
2022-02-08,623,"Canal St (J,N,Q,R,W,Z,6)",40.71953,-74.00178,13.0,0,62
2022-02-08,623,"Canal St (J,N,Q,R,W,Z,6)",40.71953,-74.00178,13.0,0,80
2022-02-08,623,"Canal St (J,N,Q,R,W,Z,6)",40.71953,-74.00178,13.0,0,62
2022-02-08,623,"Canal St (J,N,Q,R,W,Z,6)",40.71953,-74.00178,13.0,0,69
2022-02-08,623,"Canal St (J,N,Q,R,W,Z,6)",40.71953,-73.99989,652.0,0,39
2022-02-08,623,"Canal St (J,N,Q,R,W,Z,6)",40.71953,-73.99989,652.0,0,62
2022-02-08,623,"Canal St (J,N,Q,R,W,Z,6)",40.71953,-73.99989,652.0,0,80
2022-02-08,623,"Canal St (J,N,Q,R,W,Z,6)",40.71953,-73.99989,652.0,0,62
2022-02-08,623,"Canal St (J,N,Q,R,W,Z,6)",40.71953,-73.99989,652.0,0,69
2022-02-09,623,"Canal St (J,N,Q,R,W,Z,6)",40.71953,-74.00178,4.0,0,39
2022-02-09,623,"Canal St (J,N,Q,R,W,Z,6)",40.71953,-74.00178,4.0,0,62
2022-02-09,623,"Canal St (J,N,Q,R,W,Z,6)",40.71953,-74.00178,4.0,0,80
2022-02-09,623,"Canal St (J,N,Q,R,W,Z,6)",40.71953,-74.00178,4.0,0,62
2022-02-09,623,"Canal St (J,N,Q,R,W,Z,6)",40.71953,-74.00178,4.0,0,69
2022-02-09,623,"Canal St (J,N,Q,R,W,Z,6)",40.71953,-74.00019,11.0,0,39
2022-02-09,623,"Canal St (J,N,Q,R,W,Z,6)",40.71953,-74.00019,11.0,0,62
2022-02-09,623,"Canal St (J,N,Q,R,W,Z,6)",40.71953,-74.00019,11.0,0,80
2022-02-09,623,"Canal St (J,N,Q,R,W,Z,6)",40.71953,-74.00019,11.0,0,62
2022-02-09,623,"Canal St (J,N,Q,R,W,Z,6)",40.71953,-74.00019,11.0,0,69
2022-02-09,623,"Canal St (J,N,Q,R,W,Z,6)",40.71953,-73.99989,1115.0,0,39
2022-02-09,623,"Canal St (J,N,Q,R,W,Z,6)",40.71953,-73.99989,1115.0,0,62
2022-02-09,623,"Canal St (J,N,Q,R,W,Z,6)",40.71953,-73.99989,1115.0,0,80
2022-02-09,623,"Canal St (J,N,Q,R,W,Z,6)",40.71953,-73.99989,1115.0,0,62
2022-02-09,623,"Canal St (J,N,Q,R,W,Z,6)",40.71953,-73.99989,1115.0,0,69
2022-02-10,623,"Canal St (J,N,Q,R,W,Z,6)",40.71953,-73.99989,396.0,0,39
2022-02-10,623,"Canal St (J,N,Q,R,W,Z,6)",40.71953,-73.99989,396.0,0,62
2022-02-10,623,"Canal St (J,N,Q,R,W,Z,6)",40.71953,-73.99989,396.0,0,80
2022-02-10,623,"Canal St (J,N,Q,R,W,Z,6)",40.71953,-73.99989,396.0,0,62
2022-02-10,623,"Canal St (J,N,Q,R,W,Z,6)",40.71953,-73.99989,396.0,0,69
2022-02-18,623,"Canal St (J,N,Q,R,W,Z,6)",40.71953,-73.99989,1040.0,0,39
2022-02-18,623,"Canal St (J,N,Q,R,W,Z,6)",40.71953,-73.99989,1040.0,0,62
2022-02-18,623,"Canal St (J,N,Q,R,W,Z,6)",40.71953,-73.99989,1040.0,0,80
2022-02-18,623,"Canal St (J,N,Q,R,W,Z,6)",40.71953,-73.99989,1040.0,0,62
2022-02-18,623,"Canal St (J,N,Q,R,W,Z,6)",40.71953,-73.99989,1040.0,0,69
2022-03-02,623,"Canal St (J,N,Q,R,W,Z,6)",40.71953,-73.99989,1541.0,1,39
2022-03-02,623,"Canal St (J,N,Q,R,W,Z,6)",40.71953,-73.99989,1541.0,1,62
2022-03-02,623,"Canal St (J,N,Q,R,W,Z,6)",40.71953,-73.99989,1541.0,1,80
2022-03-02,623,"Canal St (J,N,Q,R,W,Z,6)",40.71953,-73.99989,1541.0,1,62
2022-03-02,623,"Canal St (J,N,Q,R,W,Z,6)",40.71953,-73.99989,1541.0,1,69
2022-03-08,623,"Canal St (J,N,Q,R,W,Z,6)",40.71953,-74.00019,23.0,0,39
2022-03-08,623,"Canal St (J,N,Q,R,W,Z,6)",40.71953,-74.00019,23.0,0,62
2022-03-08,623,"Canal St (J,N,Q,R,W,Z,6)",40.71953,-74.00019,23.0,0,80
2022-03-08,623,"Canal St (J,N,Q,R,W,Z,6)",40.71953,-74.00019,23.0,0,62
2022-03-08,623,"Canal St (J,N,Q,R,W,Z,6)",40.71953,-74.00019,23.0,0,69
2022-03-08,623,"Canal St (J,N,Q,R,W,Z,6)",40.71953,-73.99989,1855.0,1,39
2022-03-08,623,"Canal St (J,N,Q,R,W,Z,6)",40.71953,-73.99989,1855.0,1,62
2022-03-08,623,"Canal St (J,N,Q,R,W,Z,6)",40.71953,-73.99989,1855.0,1,80
2022-03-08,623,"Canal St (J,N,Q,R,W,Z,6)",40.71953,-73.99989,1855.0,1,62
2022-03-08,623,"Canal St (J,N,Q,R,W,Z,6)",40.71953,-73.99989,1855.0,1,69
2022-03-15,623,"Canal St (J,N,Q,R,W,Z,6)",40.71953,-73.99989,1827.0,1,39
2022-03-15,623,"Canal St (J,N,Q,R,W,Z,6)",40.71953,-73.99989,1827.0,1,62
2022-03-15,623,"Canal St (J,N,Q,R,W,Z,6)",40.71953,-73.99989,1827.0,1,80
2022-03-15,623,"Canal St (J,N,Q,R,W,Z,6)",40.71953,-73.99989,1827.0,1,62
2022-03-15,623,"Canal St (J,N,Q,R,W,Z,6)",40.71953,-73.99989,1827.0,1,69
2022-03-29,623,"Canal St (J,N,Q,R,W,Z,6)",40.71953,-73.99989,1698.0,1,39
2022-03-29,623,"Canal St (J,N,Q,R,W,Z,6)",40.71953,-73.99989,1698.0,1,62
2022-03-29,623,"Canal St (J,N,Q,R,W,Z,6)",40.71953,-73.99989,1698.0,1,80
2022-03-29,623,"Canal St (J,N,Q,R,W,Z,6)",40.71953,-73.99989,1698.0,1,62
2022-03-29,623,"Canal St (J,N,Q,R,W,Z,6)",40.71953,-73.99989,1698.0,1,69
2022-04-07,623,"Canal St (J,N,Q,R,W,Z,6)",40.71953,-73.99989,151.0,0,39
2022-04-07,623,"Canal St (J,N,Q,R,W,Z,6)",40.71953,-73.99989,151.0,0,62
2022-04-07,623,"Canal St (J,N,Q,R,W,Z,6)",40.71953,-73.99989,151.0,0,80
2022-04-07,623,"Canal St (J,N,Q,R,W,Z,6)",40.71953,-73.99989,151.0,0,62
2022-04-07,623,"Canal St (J,N,Q,R,W,Z,6)",40.71953,-73.99989,151.0,0,69
2022-04-20,623,"Canal St (J,N,Q,R,W,Z,6)",40.71953,-73.99989,29.0,0,39
2022-04-20,623,"Canal St (J,N,Q,R,W,Z,6)",40.71953,-73.99989,29.0,0,62
2022-04-20,623,"Canal St (J,N,Q,R,W,Z,6)",40.71953,-73.99989,29.0,0,80
2022-04-20,623,"Canal St (J,N,Q,R,W,Z,6)",40.71953,-73.99989,29.0,0,62
2022-04-20,623,"Canal St (J,N,Q,R,W,Z,6)",40.71953,-73.99989,29.0,0,69
2022-04-27,623,"Canal St (J,N,Q,R,W,Z,6)",40.71953,-73.99989,1808.0,1,39
2022-04-27,623,"Canal St (J,N,Q,R,W,Z,6)",40.71953,-73.99989,1808.0,1,62
2022-04-27,623,"Canal St (J,N,Q,R,W,Z,6)",40.71953,-73.99989,1808.0,1,80
2022-04-27,623,"Canal St (J,N,Q,R,W,Z,6)",40.71953,-73.99989,1808.0,1,62
2022-04-27,623,"Canal St (J,N,Q,R,W,Z,6)",40.71953,-73.99989,1808.0,1,69
2022-05-31,623,"Canal St (J,N,Q,R,W,Z,6)",40.71953,-73.99989,400.0,0,39
2022-05-31,623,"Canal St (J,N,Q,R,W,Z,6)",40.71953,-73.99989,400.0,0,62
2022-05-31,623,"Canal St (J,N,Q,R,W,Z,6)",40.71953,-73.99989,400.0,0,80
2022-05-31,623,"Canal St (J,N,Q,R,W,Z,6)",40.71953,-73.99989,400.0,0,62
2022-05-31,623,"Canal St (J,N,Q,R,W,Z,6)",40.71953,-73.99989,400.0,0,69
2022-06-01,623,"Canal St (J,N,Q,R,W,Z,6)",40.71953,-74.00019,21.0,0,39
2022-06-01,623,"Canal St (J,N,Q,R,W,Z,6)",40.71953,-74.00019,21.0,0,62
2022-06-01,623,"Canal St (J,N,Q,R,W,Z,6)",40.71953,-74.00019,21.0,0,80
2022-06-01,623,"Canal St (J,N,Q,R,W,Z,6)",40.71953,-74.00019,21.0,0,62
2022-06-01,623,"Canal St (J,N,Q,R,W,Z,6)",40.71953,-74.00019,21.0,0,69
2022-06-01,623,"Canal St (J,N,Q,R,W,Z,6)",40.71953,-73.99989,1876.0,1,39
2022-06-01,623,"Canal St (J,N,Q,R,W,Z,6)",40.71953,-73.99989,1876.0,1,62
2022-06-01,623,"Canal St (J,N,Q,R,W,Z,6)",40.71953,-73.99989,1876.0,1,80
2022-06-01,623,"Canal St (J,N,Q,R,W,Z,6)",40.71953,-73.99989,1876.0,1,62
2022-06-01,623,"Canal St (J,N,Q,R,W,Z,6)",40.71953,-73.99989,1876.0,1,69
2022-07-18,623,"Canal St (J,N,Q,R,W,Z,6)",40.71953,-74.00178,4.0,0,39
2022-07-18,623,"Canal St (J,N,Q,R,W,Z,6)",40.71953,-74.00178,4.0,0,62
2022-07-18,623,"Canal St (J,N,Q,R,W,Z,6)",40.71953,-74.00178,4.0,0,80
2022-07-18,623,"Canal St (J,N,Q,R,W,Z,6)",40.71953,-74.00178,4.0,0,62
2022-07-18,623,"Canal St (J,N,Q,R,W,Z,6)",40.71953,-74.00178,4.0,0,69
2022-07-18,623,"Canal St (J,N,Q,R,W,Z,6)",40.71953,-73.99989,569.0,0,39
2022-07-18,623,"Canal St (J,N,Q,R,W,Z,6)",40.71953,-73.99989,569.0,0,62
2022-07-18,623,"Canal St (J,N,Q,R,W,Z,6)",40.71953,-73.99989,569.0,0,80
2022-07-18,623,"Canal St (J,N,Q,R,W,Z,6)",40.71953,-73.99989,569.0,0,62
2022-07-18,623,"Canal St (J,N,Q,R,W,Z,6)",40.71953,-73.99989,569.0,0,69
2022-08-05,623,"Canal St (J,N,Q,R,W,Z,6)",40.71953,-73.99989,341.0,0,39
2022-08-05,623,"Canal St (J,N,Q,R,W,Z,6)",40.71953,-73.99989,341.0,0,62
2022-08-05,623,"Canal St (J,N,Q,R,W,Z,6)",40.71953,-73.99989,341.0,0,80
2022-08-05,623,"Canal St (J,N,Q,R,W,Z,6)",40.71953,-73.99989,341.0,0,62
2022-08-05,623,"Canal St (J,N,Q,R,W,Z,6)",40.71953,-73.99989,341.0,0,69
2022-08-08,623,"Canal St (J,N,Q,R,W,Z,6)",40.71953,-73.99989,245.0,0,39
2022-08-08,623,"Canal St (J,N,Q,R,W,Z,6)",40.71953,-73.99989,245.0,0,62
2022-08-08,623,"Canal St (J,N,Q,R,W,Z,6)",40.71953,-73.99989,245.0,0,80
2022-08-08,623,"Canal St (J,N,Q,R,W,Z,6)",40.71953,-73.99989,245.0,0,62
2022-08-08,623,"Canal St (J,N,Q,R,W,Z,6)",40.71953,-73.99989,245.0,0,69
2022-08-09,623,"Canal St (J,N,Q,R,W,Z,6)",40.71953,-73.99989,1756.0,1,39
2022-08-09,623,"Canal St (J,N,Q,R,W,Z,6)",40.71953,-73.99989,1756.0,1,62
2022-08-09,623,"Canal St (J,N,Q,R,W,Z,6)",40.71953,-73.99989,1756.0,1,80
2022-08-09,623,"Canal St (J,N,Q,R,W,Z,6)",40.71953,-73.99989,1756.0,1,62
2022-08-09,623,"Canal St (J,N,Q,R,W,Z,6)",40.71953,-73.99989,1756.0,1,69
2022-08-30,623,"Canal St (J,N,Q,R,W,Z,6)",40.71953,-73.99989,751.0,0,39
2022-08-30,623,"Canal St (J,N,Q,R,W,Z,6)",40.71953,-73.99989,751.0,0,62
2022-08-30,623,"Canal St (J,N,Q,R,W,Z,6)",40.71953,-73.99989,751.0,0,80
2022-08-30,623,"Canal St (J,N,Q,R,W,Z,6)",40.71953,-73.99989,751.0,0,62
2022-08-30,623,"Canal St (J,N,Q,R,W,Z,6)",40.71953,-73.99989,751.0,0,69
2022-09-13,623,"Canal St (J,N,Q,R,W,Z,6)",40.71953,-73.99989,2357.0,1,39
2022-09-13,623,"Canal St (J,N,Q,R,W,Z,6)",40.71953,-73.99989,2357.0,1,62
2022-09-13,623,"Canal St (J,N,Q,R,W,Z,6)",40.71953,-73.99989,2357.0,1,80
2022-09-13,623,"Canal St (J,N,Q,R,W,Z,6)",40.71953,-73.99989,2357.0,1,62
2022-09-13,623,"Canal St (J,N,Q,R,W,Z,6)",40.71953,-73.99989,2357.0,1,69
2023-05-11,623,"Canal St (J,N,Q,R,W,Z,6)",40.71953,-73.99989,512.0,0,39
2023-05-11,623,"Canal St (J,N,Q,R,W,Z,6)",40.71953,-73.99989,512.0,0,62
2023-05-11,623,"Canal St (J,N,Q,R,W,Z,6)",40.71953,-73.99989,512.0,0,80
2023-05-11,623,"Canal St (J,N,Q,R,W,Z,6)",40.71953,-73.99989,512.0,0,62
2023-05-11,623,"Canal St (J,N,Q,R,W,Z,6)",40.71953,-73.99989,512.0,0,69
2023-06-14,623,"Canal St (J,N,Q,R,W,Z,6)",40.718094,-73.99989,1.0,0,39
2023-06-14,623,"Canal St (J,N,Q,R,W,Z,6)",40.718094,-73.99989,1.0,0,62
2023-06-14,623,"Canal St (J,N,Q,R,W,Z,6)",40.718094,-73.99989,1.0,0,80
2023-06-14,623,"Canal St (J,N,Q,R,W,Z,6)",40.718094,-73.99989,1.0,0,62
2023-06-14,623,"Canal St (J,N,Q,R,W,Z,6)",40.718094,-73.99989,1.0,0,69
2023-06-14,623,"Canal St (J,N,Q,R,W,Z,6)",40.71953,-74.00178,5.0,0,39
2023-06-14,623,"Canal St (J,N,Q,R,W,Z,6)",40.71953,-74.00178,5.0,0,62
2023-06-14,623,"Canal St (J,N,Q,R,W,Z,6)",40.71953,-74.00178,5.0,0,80
2023-06-14,623,"Canal St (J,N,Q,R,W,Z,6)",40.71953,-74.00178,5.0,0,62
2023-06-14,623,"Canal St (J,N,Q,R,W,Z,6)",40.71953,-74.00178,5.0,0,69
2023-06-14,623,"Canal St (J,N,Q,R,W,Z,6)",40.71953,-73.99989,911.0,0,39
2023-06-14,623,"Canal St (J,N,Q,R,W,Z,6)",40.71953,-73.99989,911.0,0,62
2023-06-14,623,"Canal St (J,N,Q,R,W,Z,6)",40.71953,-73.99989,911.0,0,80
2023-06-14,623,"Canal St (J,N,Q,R,W,Z,6)",40.71953,-73.99989,911.0,0,62
2023-06-14,623,"Canal St (J,N,Q,R,W,Z,6)",40.71953,-73.99989,911.0,0,69
2023-09-27,623,"Canal St (J,N,Q,R,W,Z,6)",40.71953,-74.00178,5.0,0,39
2023-09-27,623,"Canal St (J,N,Q,R,W,Z,6)",40.71953,-74.00178,5.0,0,62
2023-09-27,623,"Canal St (J,N,Q,R,W,Z,6)",40.71953,-74.00178,5.0,0,80
2023-09-27,623,"Canal St (J,N,Q,R,W,Z,6)",40.71953,-74.00178,5.0,0,62
2023-09-27,623,"Canal St (J,N,Q,R,W,Z,6)",40.71953,-74.00178,5.0,0,69
2023-09-27,623,"Canal St (J,N,Q,R,W,Z,6)",40.71953,-73.99989,1266.0,1,39
2023-09-27,623,"Canal St (J,N,Q,R,W,Z,6)",40.71953,-73.99989,1266.0,1,62
2023-09-27,623,"Canal St (J,N,Q,R,W,Z,6)",40.71953,-73.99989,1266.0,1,80
2023-09-27,623,"Canal St (J,N,Q,R,W,Z,6)",40.71953,-73.99989,1266.0,1,62
2023-09-27,623,"Canal St (J,N,Q,R,W,Z,6)",40.71953,-73.99989,1266.0,1,69
2023-10-04,623,"Canal St (J,N,Q,R,W,Z,6)",40.71953,-73.99989,116.0,0,39
2023-10-04,623,"Canal St (J,N,Q,R,W,Z,6)",40.71953,-73.99989,116.0,0,62
2023-10-04,623,"Canal St (J,N,Q,R,W,Z,6)",40.71953,-73.99989,116.0,0,80
2023-10-04,623,"Canal St (J,N,Q,R,W,Z,6)",40.71953,-73.99989,116.0,0,62
2023-10-04,623,"Canal St (J,N,Q,R,W,Z,6)",40.71953,-73.99989,116.0,0,69
2023-10-17,623,"Canal St (J,N,Q,R,W,Z,6)",40.71953,-74.00178,3.0,0,39
2023-10-17,623,"Canal St (J,N,Q,R,W,Z,6)",40.71953,-74.00178,3.0,0,62
2023-10-17,623,"Canal St (J,N,Q,R,W,Z,6)",40.71953,-74.00178,3.0,0,80
2023-10-17,623,"Canal St (J,N,Q,R,W,Z,6)",40.71953,-74.00178,3.0,0,62
2023-10-17,623,"Canal St (J,N,Q,R,W,Z,6)",40.71953,-74.00178,3.0,0,69
2023-10-17,623,"Canal St (J,N,Q,R,W,Z,6)",40.71953,-73.99989,1670.0,1,39
2023-10-17,623,"Canal St (J,N,Q,R,W,Z,6)",40.71953,-73.99989,1670.0,1,62
2023-10-17,623,"Canal St (J,N,Q,R,W,Z,6)",40.71953,-73.99989,1670.0,1,80
2023-10-17,623,"Canal St (J,N,Q,R,W,Z,6)",40.71953,-73.99989,1670.0,1,62
2023-10-17,623,"Canal St (J,N,Q,R,W,Z,6)",40.71953,-73.99989,1670.0,1,69
2023-11-02,623,"Canal St (J,N,Q,R,W,Z,6)",40.718803,-74.00019,1.0,0,39
2023-11-02,623,"Canal St (J,N,Q,R,W,Z,6)",40.718803,-74.00019,1.0,0,62
2023-11-02,623,"Canal St (J,N,Q,R,W,Z,6)",40.718803,-74.00019,1.0,0,80
2023-11-02,623,"Canal St (J,N,Q,R,W,Z,6)",40.718803,-74.00019,1.0,0,62
2023-11-02,623,"Canal St (J,N,Q,R,W,Z,6)",40.718803,-74.00019,1.0,0,69
2023-11-02,623,"Canal St (J,N,Q,R,W,Z,6)",40.71953,-73.99989,1230.0,1,39
2023-11-02,623,"Canal St (J,N,Q,R,W,Z,6)",40.71953,-73.99989,1230.0,1,62
2023-11-02,623,"Canal St (J,N,Q,R,W,Z,6)",40.71953,-73.99989,1230.0,1,80
2023-11-02,623,"Canal St (J,N,Q,R,W,Z,6)",40.71953,-73.99989,1230.0,1,62
2023-11-02,623,"Canal St (J,N,Q,R,W,Z,6)",40.71953,-73.99989,1230.0,1,69
2023-11-03,623,"Canal St (J,N,Q,R,W,Z,6)",40.71953,-73.99989,552.0,0,39
2023-11-03,623,"Canal St (J,N,Q,R,W,Z,6)",40.71953,-73.99989,552.0,0,62
2023-11-03,623,"Canal St (J,N,Q,R,W,Z,6)",40.71953,-73.99989,552.0,0,80
2023-11-03,623,"Canal St (J,N,Q,R,W,Z,6)",40.71953,-73.99989,552.0,0,62
2023-11-03,623,"Canal St (J,N,Q,R,W,Z,6)",40.71953,-73.99989,552.0,0,69
2023-11-08,623,"Canal St (J,N,Q,R,W,Z,6)",40.71953,-74.00178,12.0,0,39
2023-11-08,623,"Canal St (J,N,Q,R,W,Z,6)",40.71953,-74.00178,12.0,0,62
2023-11-08,623,"Canal St (J,N,Q,R,W,Z,6)",40.71953,-74.00178,12.0,0,80
2023-11-08,623,"Canal St (J,N,Q,R,W,Z,6)",40.71953,-74.00178,12.0,0,62
2023-11-08,623,"Canal St (J,N,Q,R,W,Z,6)",40.71953,-74.00178,12.0,0,69
2023-11-08,623,"Canal St (J,N,Q,R,W,Z,6)",40.71953,-73.99989,1147.0,0,39
2023-11-08,623,"Canal St (J,N,Q,R,W,Z,6)",40.71953,-73.99989,1147.0,0,62
2023-11-08,623,"Canal St (J,N,Q,R,W,Z,6)",40.71953,-73.99989,1147.0,0,80
2023-11-08,623,"Canal St (J,N,Q,R,W,Z,6)",40.71953,-73.99989,1147.0,0,62
2023-11-08,623,"Canal St (J,N,Q,R,W,Z,6)",40.71953,-73.99989,1147.0,0,69
2023-11-23,623,"Canal St (J,N,Q,R,W,Z,6)",40.71953,-73.99989,11.0,0,39
2023-11-23,623,"Canal St (J,N,Q,R,W,Z,6)",40.71953,-73.99989,11.0,0,62
2023-11-23,623,"Canal St (J,N,Q,R,W,Z,6)",40.71953,-73.99989,11.0,0,80
2023-11-23,623,"Canal St (J,N,Q,R,W,Z,6)",40.71953,-73.99989,11.0,0,62
2023-11-23,623,"Canal St (J,N,Q,R,W,Z,6)",40.71953,-73.99989,11.0,0,69
2024-01-15,623,"Canal St (J,N,Q,R,W,Z,6)",40.71953,-73.99989,731.0,0,39
2024-01-15,623,"Canal St (J,N,Q,R,W,Z,6)",40.71953,-73.99989,731.0,0,62
2024-01-15,623,"Canal St (J,N,Q,R,W,Z,6)",40.71953,-73.99989,731.0,0,80
2024-01-15,623,"Canal St (J,N,Q,R,W,Z,6)",40.71953,-73.99989,731.0,0,62
2024-01-15,623,"Canal St (J,N,Q,R,W,Z,6)",40.71953,-73.99989,731.0,0,69
2024-02-29,623,"Canal St (J,N,Q,R,W,Z,6)",40.71953,-74.00178,5.0,0,39
2024-02-29,623,"Canal St (J,N,Q,R,W,Z,6)",40.71953,-74.00178,5.0,0,62
2024-02-29,623,"Canal St (J,N,Q,R,W,Z,6)",40.71953,-74.00178,5.0,0,80
2024-02-29,623,"Canal St (J,N,Q,R,W,Z,6)",40.71953,-74.00178,5.0,0,62
2024-02-29,623,"Canal St (J,N,Q,R,W,Z,6)",40.71953,-74.00178,5.0,0,69
2024-02-29,623,"Canal St (J,N,Q,R,W,Z,6)",40.71953,-73.99989,377.0,0,39
2024-02-29,623,"Canal St (J,N,Q,R,W,Z,6)",40.71953,-73.99989,377.0,0,62
2024-02-29,623,"Canal St (J,N,Q,R,W,Z,6)",40.71953,-73.99989,377.0,0,80
2024-02-29,623,"Canal St (J,N,Q,R,W,Z,6)",40.71953,-73.99989,377.0,0,62
2024-02-29,623,"Canal St (J,N,Q,R,W,Z,6)",40.71953,-73.99989,377.0,0,69
2024-03-05,623,"Canal St (J,N,Q,R,W,Z,6)",40.71953,-74.00178,4.0,0,39
2024-03-05,623,"Canal St (J,N,Q,R,W,Z,6)",40.71953,-74.00178,4.0,0,62
2024-03-05,623,"Canal St (J,N,Q,R,W,Z,6)",40.71953,-74.00178,4.0,0,80
2024-03-05,623,"Canal St (J,N,Q,R,W,Z,6)",40.71953,-74.00178,4.0,0,62
2024-03-05,623,"Canal St (J,N,Q,R,W,Z,6)",40.71953,-74.00178,4.0,0,69
2024-03-05,623,"Canal St (J,N,Q,R,W,Z,6)",40.71953,-73.99989,2180.0,1,39
2024-03-05,623,"Canal St (J,N,Q,R,W,Z,6)",40.71953,-73.99989,2180.0,1,62
2024-03-05,623,"Canal St (J,N,Q,R,W,Z,6)",40.71953,-73.99989,2180.0,1,80
2024-03-05,623,"Canal St (J,N,Q,R,W,Z,6)",40.71953,-73.99989,2180.0,1,62
2024-03-05,623,"Canal St (J,N,Q,R,W,Z,6)",40.71953,-73.99989,2180.0,1,69
2024-04-05,623,"Canal St (J,N,Q,R,W,Z,6)",40.71953,-73.99989,484.0,0,39
2024-04-05,623,"Canal St (J,N,Q,R,W,Z,6)",40.71953,-73.99989,484.0,0,62
2024-04-05,623,"Canal St (J,N,Q,R,W,Z,6)",40.71953,-73.99989,484.0,0,80
2024-04-05,623,"Canal St (J,N,Q,R,W,Z,6)",40.71953,-73.99989,484.0,0,62
2024-04-05,623,"Canal St (J,N,Q,R,W,Z,6)",40.71953,-73.99989,484.0,0,69
2024-04-16,623,"Canal St (J,N,Q,R,W,Z,6)",40.71953,-73.99989,195.0,0,39
2024-04-16,623,"Canal St (J,N,Q,R,W,Z,6)",40.71953,-73.99989,195.0,0,62
2024-04-16,623,"Canal St (J,N,Q,R,W,Z,6)",40.71953,-73.99989,195.0,0,80
2024-04-16,623,"Canal St (J,N,Q,R,W,Z,6)",40.71953,-73.99989,195.0,0,62
2024-04-16,623,"Canal St (J,N,Q,R,W,Z,6)",40.71953,-73.99989,195.0,0,69
2024-05-03,623,"Canal St (J,N,Q,R,W,Z,6)",40.71953,-74.00178,3.0,0,39
2024-05-03,623,"Canal St (J,N,Q,R,W,Z,6)",40.71953,-74.00178,3.0,0,62
2024-05-03,623,"Canal St (J,N,Q,R,W,Z,6)",40.71953,-74.00178,3.0,0,80
2024-05-03,623,"Canal St (J,N,Q,R,W,Z,6)",40.71953,-74.00178,3.0,0,62
2024-05-03,623,"Canal St (J,N,Q,R,W,Z,6)",40.71953,-74.00178,3.0,0,69
2024-05-03,623,"Canal St (J,N,Q,R,W,Z,6)",40.71953,-73.99989,723.0,0,39
2024-05-03,623,"Canal St (J,N,Q,R,W,Z,6)",40.71953,-73.99989,723.0,0,62
2024-05-03,623,"Canal St (J,N,Q,R,W,Z,6)",40.71953,-73.99989,723.0,0,80
2024-05-03,623,"Canal St (J,N,Q,R,W,Z,6)",40.71953,-73.99989,723.0,0,62
2024-05-03,623,"Canal St (J,N,Q,R,W,Z,6)",40.71953,-73.99989,723.0,0,69
2024-05-07,623,"Canal St (J,N,Q,R,W,Z,6)",40.71953,-74.00178,2.0,0,39
2024-05-07,623,"Canal St (J,N,Q,R,W,Z,6)",40.71953,-74.00178,2.0,0,62
2024-05-07,623,"Canal St (J,N,Q,R,W,Z,6)",40.71953,-74.00178,2.0,0,80
2024-05-07,623,"Canal St (J,N,Q,R,W,Z,6)",40.71953,-74.00178,2.0,0,62
2024-05-07,623,"Canal St (J,N,Q,R,W,Z,6)",40.71953,-74.00178,2.0,0,69
2024-05-07,623,"Canal St (J,N,Q,R,W,Z,6)",40.71953,-73.99989,1623.0,1,39
2024-05-07,623,"Canal St (J,N,Q,R,W,Z,6)",40.71953,-73.99989,1623.0,1,62
2024-05-07,623,"Canal St (J,N,Q,R,W,Z,6)",40.71953,-73.99989,1623.0,1,80
2024-05-07,623,"Canal St (J,N,Q,R,W,Z,6)",40.71953,-73.99989,1623.0,1,62
2024-05-07,623,"Canal St (J,N,Q,R,W,Z,6)",40.71953,-73.99989,1623.0,1,69
2024-05-17,623,"Canal St (J,N,Q,R,W,Z,6)",40.71953,-73.99989,198.0,0,39
2024-05-17,623,"Canal St (J,N,Q,R,W,Z,6)",40.71953,-73.99989,198.0,0,62
2024-05-17,623,"Canal St (J,N,Q,R,W,Z,6)",40.71953,-73.99989,198.0,0,80
2024-05-17,623,"Canal St (J,N,Q,R,W,Z,6)",40.71953,-73.99989,198.0,0,62
2024-05-17,623,"Canal St (J,N,Q,R,W,Z,6)",40.71953,-73.99989,198.0,0,69
2024-05-24,623,"Canal St (J,N,Q,R,W,Z,6)",40.71953,-73.99989,1819.0,1,39
2024-05-24,623,"Canal St (J,N,Q,R,W,Z,6)",40.71953,-73.99989,1819.0,1,62
2024-05-24,623,"Canal St (J,N,Q,R,W,Z,6)",40.71953,-73.99989,1819.0,1,80
2024-05-24,623,"Canal St (J,N,Q,R,W,Z,6)",40.71953,-73.99989,1819.0,1,62
2024-05-24,623,"Canal St (J,N,Q,R,W,Z,6)",40.71953,-73.99989,1819.0,1,69
2024-05-31,623,"Canal St (J,N,Q,R,W,Z,6)",40.71953,-74.00178,7.0,0,39
2024-05-31,623,"Canal St (J,N,Q,R,W,Z,6)",40.71953,-74.00178,7.0,0,62
2024-05-31,623,"Canal St (J,N,Q,R,W,Z,6)",40.71953,-74.00178,7.0,0,80
2024-05-31,623,"Canal St (J,N,Q,R,W,Z,6)",40.71953,-74.00178,7.0,0,62
2024-05-31,623,"Canal St (J,N,Q,R,W,Z,6)",40.71953,-74.00178,7.0,0,69
2024-05-31,623,"Canal St (J,N,Q,R,W,Z,6)",40.71953,-73.99989,1383.0,1,39
2024-05-31,623,"Canal St (J,N,Q,R,W,Z,6)",40.71953,-73.99989,1383.0,1,62
2024-05-31,623,"Canal St (J,N,Q,R,W,Z,6)",40.71953,-73.99989,1383.0,1,80
2024-05-31,623,"Canal St (J,N,Q,R,W,Z,6)",40.71953,-73.99989,1383.0,1,62
2024-05-31,623,"Canal St (J,N,Q,R,W,Z,6)",40.71953,-73.99989,1383.0,1,69
2024-06-03,623,"Canal St (J,N,Q,R,W,Z,6)",40.71953,-74.00178,14.0,0,39
2024-06-03,623,"Canal St (J,N,Q,R,W,Z,6)",40.71953,-74.00178,14.0,0,62
2024-06-03,623,"Canal St (J,N,Q,R,W,Z,6)",40.71953,-74.00178,14.0,0,80
2024-06-03,623,"Canal St (J,N,Q,R,W,Z,6)",40.71953,-74.00178,14.0,0,62
2024-06-03,623,"Canal St (J,N,Q,R,W,Z,6)",40.71953,-74.00178,14.0,0,69
2024-06-03,623,"Canal St (J,N,Q,R,W,Z,6)",40.71953,-73.99989,1925.0,1,39
2024-06-03,623,"Canal St (J,N,Q,R,W,Z,6)",40.71953,-73.99989,1925.0,1,62
2024-06-03,623,"Canal St (J,N,Q,R,W,Z,6)",40.71953,-73.99989,1925.0,1,80
2024-06-03,623,"Canal St (J,N,Q,R,W,Z,6)",40.71953,-73.99989,1925.0,1,62
2024-06-03,623,"Canal St (J,N,Q,R,W,Z,6)",40.71953,-73.99989,1925.0,1,69
2024-06-13,623,"Canal St (J,N,Q,R,W,Z,6)",40.71953,-74.00178,5.0,0,39
2024-06-13,623,"Canal St (J,N,Q,R,W,Z,6)",40.71953,-74.00178,5.0,0,62
2024-06-13,623,"Canal St (J,N,Q,R,W,Z,6)",40.71953,-74.00178,5.0,0,80
2024-06-13,623,"Canal St (J,N,Q,R,W,Z,6)",40.71953,-74.00178,5.0,0,62
2024-06-13,623,"Canal St (J,N,Q,R,W,Z,6)",40.71953,-74.00178,5.0,0,69
2024-06-13,623,"Canal St (J,N,Q,R,W,Z,6)",40.71953,-74.00019,3.0,0,39
2024-06-13,623,"Canal St (J,N,Q,R,W,Z,6)",40.71953,-74.00019,3.0,0,62
2024-06-13,623,"Canal St (J,N,Q,R,W,Z,6)",40.71953,-74.00019,3.0,0,80
2024-06-13,623,"Canal St (J,N,Q,R,W,Z,6)",40.71953,-74.00019,3.0,0,62
2024-06-13,623,"Canal St (J,N,Q,R,W,Z,6)",40.71953,-74.00019,3.0,0,69
2024-06-13,623,"Canal St (J,N,Q,R,W,Z,6)",40.71953,-73.99989,712.0,0,39
2024-06-13,623,"Canal St (J,N,Q,R,W,Z,6)",40.71953,-73.99989,712.0,0,62
2024-06-13,623,"Canal St (J,N,Q,R,W,Z,6)",40.71953,-73.99989,712.0,0,80
2024-06-13,623,"Canal St (J,N,Q,R,W,Z,6)",40.71953,-73.99989,712.0,0,62
2024-06-13,623,"Canal St (J,N,Q,R,W,Z,6)",40.71953,-73.99989,712.0,0,69
2024-06-18,623,"Canal St (J,N,Q,R,W,Z,6)",40.71953,-73.99989,92.0,0,39
2024-06-18,623,"Canal St (J,N,Q,R,W,Z,6)",40.71953,-73.99989,92.0,0,62
2024-06-18,623,"Canal St (J,N,Q,R,W,Z,6)",40.71953,-73.99989,92.0,0,80
2024-06-18,623,"Canal St (J,N,Q,R,W,Z,6)",40.71953,-73.99989,92.0,0,62
2024-06-18,623,"Canal St (J,N,Q,R,W,Z,6)",40.71953,-73.99989,92.0,0,69
2024-06-20,623,"Canal St (J,N,Q,R,W,Z,6)",40.71953,-73.99989,113.0,0,39
2024-06-20,623,"Canal St (J,N,Q,R,W,Z,6)",40.71953,-73.99989,113.0,0,62
2024-06-20,623,"Canal St (J,N,Q,R,W,Z,6)",40.71953,-73.99989,113.0,0,80
2024-06-20,623,"Canal St (J,N,Q,R,W,Z,6)",40.71953,-73.99989,113.0,0,62
2024-06-20,623,"Canal St (J,N,Q,R,W,Z,6)",40.71953,-73.99989,113.0,0,69
2024-06-21,623,"Canal St (J,N,Q,R,W,Z,6)",40.71953,-73.99989,2411.0,1,39
2024-06-21,623,"Canal St (J,N,Q,R,W,Z,6)",40.71953,-73.99989,2411.0,1,62
2024-06-21,623,"Canal St (J,N,Q,R,W,Z,6)",40.71953,-73.99989,2411.0,1,80
2024-06-21,623,"Canal St (J,N,Q,R,W,Z,6)",40.71953,-73.99989,2411.0,1,62
2024-06-21,623,"Canal St (J,N,Q,R,W,Z,6)",40.71953,-73.99989,2411.0,1,69
2024-06-28,623,"Canal St (J,N,Q,R,W,Z,6)",40.71953,-74.00178,1.0,0,39
2024-06-28,623,"Canal St (J,N,Q,R,W,Z,6)",40.71953,-74.00178,1.0,0,62
2024-06-28,623,"Canal St (J,N,Q,R,W,Z,6)",40.71953,-74.00178,1.0,0,80
2024-06-28,623,"Canal St (J,N,Q,R,W,Z,6)",40.71953,-74.00178,1.0,0,62
2024-06-28,623,"Canal St (J,N,Q,R,W,Z,6)",40.71953,-74.00178,1.0,0,69
2024-06-28,623,"Canal St (J,N,Q,R,W,Z,6)",40.71953,-73.99989,496.0,0,39
2024-06-28,623,"Canal St (J,N,Q,R,W,Z,6)",40.71953,-73.99989,496.0,0,62
2024-06-28,623,"Canal St (J,N,Q,R,W,Z,6)",40.71953,-73.99989,496.0,0,80
2024-06-28,623,"Canal St (J,N,Q,R,W,Z,6)",40.71953,-73.99989,496.0,0,62
2024-06-28,623,"Canal St (J,N,Q,R,W,Z,6)",40.71953,-73.99989,496.0,0,69
2024-08-28,623,"Canal St (J,N,Q,R,W,Z,6)",40.71953,-74.00019,10.0,0,39
2024-08-28,623,"Canal St (J,N,Q,R,W,Z,6)",40.71953,-74.00019,10.0,0,62
2024-08-28,623,"Canal St (J,N,Q,R,W,Z,6)",40.71953,-74.00019,10.0,0,80
2024-08-28,623,"Canal St (J,N,Q,R,W,Z,6)",40.71953,-74.00019,10.0,0,62
2024-08-28,623,"Canal St (J,N,Q,R,W,Z,6)",40.71953,-74.00019,10.0,0,69
2024-08-28,623,"Canal St (J,N,Q,R,W,Z,6)",40.71953,-73.99989,1418.0,1,39
2024-08-28,623,"Canal St (J,N,Q,R,W,Z,6)",40.71953,-73.99989,1418.0,1,62
2024-08-28,623,"Canal St (J,N,Q,R,W,Z,6)",40.71953,-73.99989,1418.0,1,80
2024-08-28,623,"Canal St (J,N,Q,R,W,Z,6)",40.71953,-73.99989,1418.0,1,62
2024-08-28,623,"Canal St (J,N,Q,R,W,Z,6)",40.71953,-73.99989,1418.0,1,69
2024-08-29,623,"Canal St (J,N,Q,R,W,Z,6)",40.71953,-73.99989,452.0,0,39
2024-08-29,623,"Canal St (J,N,Q,R,W,Z,6)",40.71953,-73.99989,452.0,0,62
2024-08-29,623,"Canal St (J,N,Q,R,W,Z,6)",40.71953,-73.99989,452.0,0,80
2024-08-29,623,"Canal St (J,N,Q,R,W,Z,6)",40.71953,-73.99989,452.0,0,62
2024-08-29,623,"Canal St (J,N,Q,R,W,Z,6)",40.71953,-73.99989,452.0,0,69
2024-09-04,623,"Canal St (J,N,Q,R,W,Z,6)",40.71953,-74.00178,5.0,0,39
2024-09-04,623,"Canal St (J,N,Q,R,W,Z,6)",40.71953,-74.00178,5.0,0,62
2024-09-04,623,"Canal St (J,N,Q,R,W,Z,6)",40.71953,-74.00178,5.0,0,80
2024-09-04,623,"Canal St (J,N,Q,R,W,Z,6)",40.71953,-74.00178,5.0,0,62
2024-09-04,623,"Canal St (J,N,Q,R,W,Z,6)",40.71953,-74.00178,5.0,0,69
2024-09-04,623,"Canal St (J,N,Q,R,W,Z,6)",40.71953,-74.00019,25.0,0,39
2024-09-04,623,"Canal St (J,N,Q,R,W,Z,6)",40.71953,-74.00019,25.0,0,62
2024-09-04,623,"Canal St (J,N,Q,R,W,Z,6)",40.71953,-74.00019,25.0,0,80
2024-09-04,623,"Canal St (J,N,Q,R,W,Z,6)",40.71953,-74.00019,25.0,0,62
2024-09-04,623,"Canal St (J,N,Q,R,W,Z,6)",40.71953,-74.00019,25.0,0,69
2024-09-04,623,"Canal St (J,N,Q,R,W,Z,6)",40.71953,-73.99989,1803.0,1,39
2024-09-04,623,"Canal St (J,N,Q,R,W,Z,6)",40.71953,-73.99989,1803.0,1,62
2024-09-04,623,"Canal St (J,N,Q,R,W,Z,6)",40.71953,-73.99989,1803.0,1,80
2024-09-04,623,"Canal St (J,N,Q,R,W,Z,6)",40.71953,-73.99989,1803.0,1,62
2024-09-04,623,"Canal St (J,N,Q,R,W,Z,6)",40.71953,-73.99989,1803.0,1,69
2024-09-05,623,"Canal St (J,N,Q,R,W,Z,6)",40.718803,-74.00019,2.0,0,39
2024-09-05,623,"Canal St (J,N,Q,R,W,Z,6)",40.718803,-74.00019,2.0,0,62
2024-09-05,623,"Canal St (J,N,Q,R,W,Z,6)",40.718803,-74.00019,2.0,0,80
2024-09-05,623,"Canal St (J,N,Q,R,W,Z,6)",40.718803,-74.00019,2.0,0,62
2024-09-05,623,"Canal St (J,N,Q,R,W,Z,6)",40.718803,-74.00019,2.0,0,69
2024-09-05,623,"Canal St (J,N,Q,R,W,Z,6)",40.71953,-74.00178,3.0,0,39
2024-09-05,623,"Canal St (J,N,Q,R,W,Z,6)",40.71953,-74.00178,3.0,0,62
2024-09-05,623,"Canal St (J,N,Q,R,W,Z,6)",40.71953,-74.00178,3.0,0,80
2024-09-05,623,"Canal St (J,N,Q,R,W,Z,6)",40.71953,-74.00178,3.0,0,62
2024-09-05,623,"Canal St (J,N,Q,R,W,Z,6)",40.71953,-74.00178,3.0,0,69
2024-09-05,623,"Canal St (J,N,Q,R,W,Z,6)",40.71953,-74.00019,3.0,0,39
2024-09-05,623,"Canal St (J,N,Q,R,W,Z,6)",40.71953,-74.00019,3.0,0,62
2024-09-05,623,"Canal St (J,N,Q,R,W,Z,6)",40.71953,-74.00019,3.0,0,80
2024-09-05,623,"Canal St (J,N,Q,R,W,Z,6)",40.71953,-74.00019,3.0,0,62
2024-09-05,623,"Canal St (J,N,Q,R,W,Z,6)",40.71953,-74.00019,3.0,0,69
2024-09-05,623,"Canal St (J,N,Q,R,W,Z,6)",40.71953,-73.99989,1961.0,1,39
2024-09-05,623,"Canal St (J,N,Q,R,W,Z,6)",40.71953,-73.99989,1961.0,1,62
2024-09-05,623,"Canal St (J,N,Q,R,W,Z,6)",40.71953,-73.99989,1961.0,1,80
2024-09-05,623,"Canal St (J,N,Q,R,W,Z,6)",40.71953,-73.99989,1961.0,1,62
2024-09-05,623,"Canal St (J,N,Q,R,W,Z,6)",40.71953,-73.99989,1961.0,1,69
2024-09-13,623,"Canal St (J,N,Q,R,W,Z,6)",40.71953,-73.99989,2108.0,1,39
2024-09-13,623,"Canal St (J,N,Q,R,W,Z,6)",40.71953,-73.99989,2108.0,1,62
2024-09-13,623,"Canal St (J,N,Q,R,W,Z,6)",40.71953,-73.99989,2108.0,1,80
2024-09-13,623,"Canal St (J,N,Q,R,W,Z,6)",40.71953,-73.99989,2108.0,1,62
2024-09-13,623,"Canal St (J,N,Q,R,W,Z,6)",40.71953,-73.99989,2108.0,1,69
2024-09-28,623,"Canal St (J,N,Q,R,W,Z,6)",40.71953,-74.00178,2.0,0,39
2024-09-28,623,"Canal St (J,N,Q,R,W,Z,6)",40.71953,-74.00178,2.0,0,62
2024-09-28,623,"Canal St (J,N,Q,R,W,Z,6)",40.71953,-74.00178,2.0,0,80
2024-09-28,623,"Canal St (J,N,Q,R,W,Z,6)",40.71953,-74.00178,2.0,0,62
2024-09-28,623,"Canal St (J,N,Q,R,W,Z,6)",40.71953,-74.00178,2.0,0,69
2024-09-28,623,"Canal St (J,N,Q,R,W,Z,6)",40.71953,-74.00019,3.0,0,39
2024-09-28,623,"Canal St (J,N,Q,R,W,Z,6)",40.71953,-74.00019,3.0,0,62
2024-09-28,623,"Canal St (J,N,Q,R,W,Z,6)",40.71953,-74.00019,3.0,0,80
2024-09-28,623,"Canal St (J,N,Q,R,W,Z,6)",40.71953,-74.00019,3.0,0,62
2024-09-28,623,"Canal St (J,N,Q,R,W,Z,6)",40.71953,-74.00019,3.0,0,69
2024-09-28,623,"Canal St (J,N,Q,R,W,Z,6)",40.71953,-73.99989,154.0,0,39
2024-09-28,623,"Canal St (J,N,Q,R,W,Z,6)",40.71953,-73.99989,154.0,0,62
2024-09-28,623,"Canal St (J,N,Q,R,W,Z,6)",40.71953,-73.99989,154.0,0,80
2024-09-28,623,"Canal St (J,N,Q,R,W,Z,6)",40.71953,-73.99989,154.0,0,62
2024-09-28,623,"Canal St (J,N,Q,R,W,Z,6)",40.71953,-73.99989,154.0,0,69
2024-11-21,623,"Canal St (J,N,Q,R,W,Z,6)",40.71953,-73.99989,326.0,0,39
2024-11-21,623,"Canal St (J,N,Q,R,W,Z,6)",40.71953,-73.99989,326.0,0,62
2024-11-21,623,"Canal St (J,N,Q,R,W,Z,6)",40.71953,-73.99989,326.0,0,80
2024-11-21,623,"Canal St (J,N,Q,R,W,Z,6)",40.71953,-73.99989,326.0,0,62
2024-11-21,623,"Canal St (J,N,Q,R,W,Z,6)",40.71953,-73.99989,326.0,0,69
2024-11-22,623,"Canal St (J,N,Q,R,W,Z,6)",40.71953,-74.00178,2.0,0,39
2024-11-22,623,"Canal St (J,N,Q,R,W,Z,6)",40.71953,-74.00178,2.0,0,62
2024-11-22,623,"Canal St (J,N,Q,R,W,Z,6)",40.71953,-74.00178,2.0,0,80
2024-11-22,623,"Canal St (J,N,Q,R,W,Z,6)",40.71953,-74.00178,2.0,0,62
2024-11-22,623,"Canal St (J,N,Q,R,W,Z,6)",40.71953,-74.00178,2.0,0,69
2024-11-22,623,"Canal St (J,N,Q,R,W,Z,6)",40.71953,-73.99989,1333.0,1,39
2024-11-22,623,"Canal St (J,N,Q,R,W,Z,6)",40.71953,-73.99989,1333.0,1,62
2024-11-22,623,"Canal St (J,N,Q,R,W,Z,6)",40.71953,-73.99989,1333.0,1,80
2024-11-22,623,"Canal St (J,N,Q,R,W,Z,6)",40.71953,-73.99989,1333.0,1,62
2024-11-22,623,"Canal St (J,N,Q,R,W,Z,6)",40.71953,-73.99989,1333.0,1,69
2024-12-03,623,"Canal St (J,N,Q,R,W,Z,6)",40.71953,-74.00178,1.0,0,39
2024-12-03,623,"Canal St (J,N,Q,R,W,Z,6)",40.71953,-74.00178,1.0,0,62
2024-12-03,623,"Canal St (J,N,Q,R,W,Z,6)",40.71953,-74.00178,1.0,0,80
2024-12-03,623,"Canal St (J,N,Q,R,W,Z,6)",40.71953,-74.00178,1.0,0,62
2024-12-03,623,"Canal St (J,N,Q,R,W,Z,6)",40.71953,-74.00178,1.0,0,69
2024-12-03,623,"Canal St (J,N,Q,R,W,Z,6)",40.71953,-73.99989,1605.0,1,39
2024-12-03,623,"Canal St (J,N,Q,R,W,Z,6)",40.71953,-73.99989,1605.0,1,62
2024-12-03,623,"Canal St (J,N,Q,R,W,Z,6)",40.71953,-73.99989,1605.0,1,80
2024-12-03,623,"Canal St (J,N,Q,R,W,Z,6)",40.71953,-73.99989,1605.0,1,62
2024-12-03,623,"Canal St (J,N,Q,R,W,Z,6)",40.71953,-73.99989,1605.0,1,69
2024-12-13,623,"Canal St (J,N,Q,R,W,Z,6)",40.71953,-74.00178,4.0,0,39
2024-12-13,623,"Canal St (J,N,Q,R,W,Z,6)",40.71953,-74.00178,4.0,0,62
2024-12-13,623,"Canal St (J,N,Q,R,W,Z,6)",40.71953,-74.00178,4.0,0,80
2024-12-13,623,"Canal St (J,N,Q,R,W,Z,6)",40.71953,-74.00178,4.0,0,62
2024-12-13,623,"Canal St (J,N,Q,R,W,Z,6)",40.71953,-74.00178,4.0,0,69
2024-12-13,623,"Canal St (J,N,Q,R,W,Z,6)",40.71953,-73.99989,1089.0,0,39
2024-12-13,623,"Canal St (J,N,Q,R,W,Z,6)",40.71953,-73.99989,1089.0,0,62
2024-12-13,623,"Canal St (J,N,Q,R,W,Z,6)",40.71953,-73.99989,1089.0,0,80
2024-12-13,623,"Canal St (J,N,Q,R,W,Z,6)",40.71953,-73.99989,1089.0,0,62
2024-12-13,623,"Canal St (J,N,Q,R,W,Z,6)",40.71953,-73.99989,1089.0,0,69
2024-12-26,623,"Canal St (J,N,Q,R,W,Z,6)",40.71953,-74.00178,3.0,0,39
2024-12-26,623,"Canal St (J,N,Q,R,W,Z,6)",40.71953,-74.00178,3.0,0,62
2024-12-26,623,"Canal St (J,N,Q,R,W,Z,6)",40.71953,-74.00178,3.0,0,80
2024-12-26,623,"Canal St (J,N,Q,R,W,Z,6)",40.71953,-74.00178,3.0,0,62
2024-12-26,623,"Canal St (J,N,Q,R,W,Z,6)",40.71953,-74.00178,3.0,0,69
2024-12-26,623,"Canal St (J,N,Q,R,W,Z,6)",40.71953,-73.99989,1354.0,1,39
2024-12-26,623,"Canal St (J,N,Q,R,W,Z,6)",40.71953,-73.99989,1354.0,1,62
2024-12-26,623,"Canal St (J,N,Q,R,W,Z,6)",40.71953,-73.99989,1354.0,1,80
2024-12-26,623,"Canal St (J,N,Q,R,W,Z,6)",40.71953,-73.99989,1354.0,1,62
2024-12-26,623,"Canal St (J,N,Q,R,W,Z,6)",40.71953,-73.99989,1354.0,1,69
2024-12-31,623,"Canal St (J,N,Q,R,W,Z,6)",40.71953,-74.00178,4.0,0,39
2024-12-31,623,"Canal St (J,N,Q,R,W,Z,6)",40.71953,-74.00178,4.0,0,62
2024-12-31,623,"Canal St (J,N,Q,R,W,Z,6)",40.71953,-74.00178,4.0,0,80
2024-12-31,623,"Canal St (J,N,Q,R,W,Z,6)",40.71953,-74.00178,4.0,0,62
2024-12-31,623,"Canal St (J,N,Q,R,W,Z,6)",40.71953,-74.00178,4.0,0,69
2024-12-31,623,"Canal St (J,N,Q,R,W,Z,6)",40.71953,-73.99989,960.0,0,39
2024-12-31,623,"Canal St (J,N,Q,R,W,Z,6)",40.71953,-73.99989,960.0,0,62
2024-12-31,623,"Canal St (J,N,Q,R,W,Z,6)",40.71953,-73.99989,960.0,0,80
2024-12-31,623,"Canal St (J,N,Q,R,W,Z,6)",40.71953,-73.99989,960.0,0,62
2024-12-31,623,"Canal St (J,N,Q,R,W,Z,6)",40.71953,-73.99989,960.0,0,69
2021-05-21,624,"Chambers St (A,C)/WTC (E)/Park Pl (2,3)/Cortlandt (R,W)",40.71411,-74.00858,774.0,0,43
2021-05-21,624,"Chambers St (A,C)/WTC (E)/Park Pl (2,3)/Cortlandt (R,W)",40.71411,-74.00858,774.0,0,60
2021-05-21,624,"Chambers St (A,C)/WTC (E)/Park Pl (2,3)/Cortlandt (R,W)",40.71411,-74.00858,774.0,0,63
2021-05-21,624,"Chambers St (A,C)/WTC (E)/Park Pl (2,3)/Cortlandt (R,W)",40.71411,-74.00858,774.0,0,54
2021-05-26,624,"Chambers St (A,C)/WTC (E)/Park Pl (2,3)/Cortlandt (R,W)",40.71411,-74.00858,1855.0,1,43
2021-05-26,624,"Chambers St (A,C)/WTC (E)/Park Pl (2,3)/Cortlandt (R,W)",40.71411,-74.00858,1855.0,1,60
2021-05-26,624,"Chambers St (A,C)/WTC (E)/Park Pl (2,3)/Cortlandt (R,W)",40.71411,-74.00858,1855.0,1,63
2021-05-26,624,"Chambers St (A,C)/WTC (E)/Park Pl (2,3)/Cortlandt (R,W)",40.71411,-74.00858,1855.0,1,54
2021-06-10,624,"Chambers St (A,C)/WTC (E)/Park Pl (2,3)/Cortlandt (R,W)",40.71411,-74.00858,834.0,0,43
2021-06-10,624,"Chambers St (A,C)/WTC (E)/Park Pl (2,3)/Cortlandt (R,W)",40.71411,-74.00858,834.0,0,60
2021-06-10,624,"Chambers St (A,C)/WTC (E)/Park Pl (2,3)/Cortlandt (R,W)",40.71411,-74.00858,834.0,0,63
2021-06-10,624,"Chambers St (A,C)/WTC (E)/Park Pl (2,3)/Cortlandt (R,W)",40.71411,-74.00858,834.0,0,54
2021-06-21,624,"Chambers St (A,C)/WTC (E)/Park Pl (2,3)/Cortlandt (R,W)",40.71258,-74.00978,12.0,0,43
2021-06-21,624,"Chambers St (A,C)/WTC (E)/Park Pl (2,3)/Cortlandt (R,W)",40.71258,-74.00978,12.0,0,60
2021-06-21,624,"Chambers St (A,C)/WTC (E)/Park Pl (2,3)/Cortlandt (R,W)",40.71258,-74.00978,12.0,0,63
2021-06-21,624,"Chambers St (A,C)/WTC (E)/Park Pl (2,3)/Cortlandt (R,W)",40.71258,-74.00978,12.0,0,54
2021-06-21,624,"Chambers St (A,C)/WTC (E)/Park Pl (2,3)/Cortlandt (R,W)",40.71411,-74.00858,1559.0,1,43
2021-06-21,624,"Chambers St (A,C)/WTC (E)/Park Pl (2,3)/Cortlandt (R,W)",40.71411,-74.00858,1559.0,1,60
2021-06-21,624,"Chambers St (A,C)/WTC (E)/Park Pl (2,3)/Cortlandt (R,W)",40.71411,-74.00858,1559.0,1,63
2021-06-21,624,"Chambers St (A,C)/WTC (E)/Park Pl (2,3)/Cortlandt (R,W)",40.71411,-74.00858,1559.0,1,54
2021-06-30,624,"Chambers St (A,C)/WTC (E)/Park Pl (2,3)/Cortlandt (R,W)",40.71411,-74.00858,2417.0,1,43
2021-06-30,624,"Chambers St (A,C)/WTC (E)/Park Pl (2,3)/Cortlandt (R,W)",40.71411,-74.00858,2417.0,1,60
2021-06-30,624,"Chambers St (A,C)/WTC (E)/Park Pl (2,3)/Cortlandt (R,W)",40.71411,-74.00858,2417.0,1,63
2021-06-30,624,"Chambers St (A,C)/WTC (E)/Park Pl (2,3)/Cortlandt (R,W)",40.71411,-74.00858,2417.0,1,54
2021-08-25,624,"Chambers St (A,C)/WTC (E)/Park Pl (2,3)/Cortlandt (R,W)",40.71411,-74.00858,626.0,0,43
2021-08-25,624,"Chambers St (A,C)/WTC (E)/Park Pl (2,3)/Cortlandt (R,W)",40.71411,-74.00858,626.0,0,60
2021-08-25,624,"Chambers St (A,C)/WTC (E)/Park Pl (2,3)/Cortlandt (R,W)",40.71411,-74.00858,626.0,0,63
2021-08-25,624,"Chambers St (A,C)/WTC (E)/Park Pl (2,3)/Cortlandt (R,W)",40.71411,-74.00858,626.0,0,54
2021-10-15,624,"Chambers St (A,C)/WTC (E)/Park Pl (2,3)/Cortlandt (R,W)",40.71411,-74.00858,176.0,0,43
2021-10-15,624,"Chambers St (A,C)/WTC (E)/Park Pl (2,3)/Cortlandt (R,W)",40.71411,-74.00858,176.0,0,60
2021-10-15,624,"Chambers St (A,C)/WTC (E)/Park Pl (2,3)/Cortlandt (R,W)",40.71411,-74.00858,176.0,0,63
2021-10-15,624,"Chambers St (A,C)/WTC (E)/Park Pl (2,3)/Cortlandt (R,W)",40.71411,-74.00858,176.0,0,54
2021-10-26,624,"Chambers St (A,C)/WTC (E)/Park Pl (2,3)/Cortlandt (R,W)",40.71411,-74.00858,3023.0,1,43
2021-10-26,624,"Chambers St (A,C)/WTC (E)/Park Pl (2,3)/Cortlandt (R,W)",40.71411,-74.00858,3023.0,1,60
2021-10-26,624,"Chambers St (A,C)/WTC (E)/Park Pl (2,3)/Cortlandt (R,W)",40.71411,-74.00858,3023.0,1,63
2021-10-26,624,"Chambers St (A,C)/WTC (E)/Park Pl (2,3)/Cortlandt (R,W)",40.71411,-74.00858,3023.0,1,54
2021-11-17,624,"Chambers St (A,C)/WTC (E)/Park Pl (2,3)/Cortlandt (R,W)",40.71411,-74.00858,19.0,0,43
2021-11-17,624,"Chambers St (A,C)/WTC (E)/Park Pl (2,3)/Cortlandt (R,W)",40.71411,-74.00858,19.0,0,60
2021-11-17,624,"Chambers St (A,C)/WTC (E)/Park Pl (2,3)/Cortlandt (R,W)",40.71411,-74.00858,19.0,0,63
2021-11-17,624,"Chambers St (A,C)/WTC (E)/Park Pl (2,3)/Cortlandt (R,W)",40.71411,-74.00858,19.0,0,54
2021-11-18,624,"Chambers St (A,C)/WTC (E)/Park Pl (2,3)/Cortlandt (R,W)",40.71411,-74.00858,1992.0,1,43
2021-11-18,624,"Chambers St (A,C)/WTC (E)/Park Pl (2,3)/Cortlandt (R,W)",40.71411,-74.00858,1992.0,1,60
2021-11-18,624,"Chambers St (A,C)/WTC (E)/Park Pl (2,3)/Cortlandt (R,W)",40.71411,-74.00858,1992.0,1,63
2021-11-18,624,"Chambers St (A,C)/WTC (E)/Park Pl (2,3)/Cortlandt (R,W)",40.71411,-74.00858,1992.0,1,54
2021-12-02,624,"Chambers St (A,C)/WTC (E)/Park Pl (2,3)/Cortlandt (R,W)",40.71411,-74.00858,7.0,0,43
2021-12-02,624,"Chambers St (A,C)/WTC (E)/Park Pl (2,3)/Cortlandt (R,W)",40.71411,-74.00858,7.0,0,60
2021-12-02,624,"Chambers St (A,C)/WTC (E)/Park Pl (2,3)/Cortlandt (R,W)",40.71411,-74.00858,7.0,0,63
2021-12-02,624,"Chambers St (A,C)/WTC (E)/Park Pl (2,3)/Cortlandt (R,W)",40.71411,-74.00858,7.0,0,54
2021-12-16,624,"Chambers St (A,C)/WTC (E)/Park Pl (2,3)/Cortlandt (R,W)",40.71411,-74.00858,1898.0,1,43
2021-12-16,624,"Chambers St (A,C)/WTC (E)/Park Pl (2,3)/Cortlandt (R,W)",40.71411,-74.00858,1898.0,1,60
2021-12-16,624,"Chambers St (A,C)/WTC (E)/Park Pl (2,3)/Cortlandt (R,W)",40.71411,-74.00858,1898.0,1,63
2021-12-16,624,"Chambers St (A,C)/WTC (E)/Park Pl (2,3)/Cortlandt (R,W)",40.71411,-74.00858,1898.0,1,54
2021-12-22,624,"Chambers St (A,C)/WTC (E)/Park Pl (2,3)/Cortlandt (R,W)",40.71411,-74.00858,394.0,0,43
2021-12-22,624,"Chambers St (A,C)/WTC (E)/Park Pl (2,3)/Cortlandt (R,W)",40.71411,-74.00858,394.0,0,60
2021-12-22,624,"Chambers St (A,C)/WTC (E)/Park Pl (2,3)/Cortlandt (R,W)",40.71411,-74.00858,394.0,0,63
2021-12-22,624,"Chambers St (A,C)/WTC (E)/Park Pl (2,3)/Cortlandt (R,W)",40.71411,-74.00858,394.0,0,54
2022-01-04,624,"Chambers St (A,C)/WTC (E)/Park Pl (2,3)/Cortlandt (R,W)",40.71411,-74.00858,514.0,0,43
2022-01-04,624,"Chambers St (A,C)/WTC (E)/Park Pl (2,3)/Cortlandt (R,W)",40.71411,-74.00858,514.0,0,60
2022-01-04,624,"Chambers St (A,C)/WTC (E)/Park Pl (2,3)/Cortlandt (R,W)",40.71411,-74.00858,514.0,0,63
2022-01-04,624,"Chambers St (A,C)/WTC (E)/Park Pl (2,3)/Cortlandt (R,W)",40.71411,-74.00858,514.0,0,54
2022-01-26,624,"Chambers St (A,C)/WTC (E)/Park Pl (2,3)/Cortlandt (R,W)",40.71411,-74.00858,2687.0,1,43
2022-01-26,624,"Chambers St (A,C)/WTC (E)/Park Pl (2,3)/Cortlandt (R,W)",40.71411,-74.00858,2687.0,1,60
2022-01-26,624,"Chambers St (A,C)/WTC (E)/Park Pl (2,3)/Cortlandt (R,W)",40.71411,-74.00858,2687.0,1,63
2022-01-26,624,"Chambers St (A,C)/WTC (E)/Park Pl (2,3)/Cortlandt (R,W)",40.71411,-74.00858,2687.0,1,54
2022-02-07,624,"Chambers St (A,C)/WTC (E)/Park Pl (2,3)/Cortlandt (R,W)",40.71411,-74.00858,3344.0,1,43
2022-02-07,624,"Chambers St (A,C)/WTC (E)/Park Pl (2,3)/Cortlandt (R,W)",40.71411,-74.00858,3344.0,1,60
2022-02-07,624,"Chambers St (A,C)/WTC (E)/Park Pl (2,3)/Cortlandt (R,W)",40.71411,-74.00858,3344.0,1,63
2022-02-07,624,"Chambers St (A,C)/WTC (E)/Park Pl (2,3)/Cortlandt (R,W)",40.71411,-74.00858,3344.0,1,54
2022-02-08,624,"Chambers St (A,C)/WTC (E)/Park Pl (2,3)/Cortlandt (R,W)",40.71411,-74.00858,3700.0,1,43
2022-02-08,624,"Chambers St (A,C)/WTC (E)/Park Pl (2,3)/Cortlandt (R,W)",40.71411,-74.00858,3700.0,1,60
2022-02-08,624,"Chambers St (A,C)/WTC (E)/Park Pl (2,3)/Cortlandt (R,W)",40.71411,-74.00858,3700.0,1,63
2022-02-08,624,"Chambers St (A,C)/WTC (E)/Park Pl (2,3)/Cortlandt (R,W)",40.71411,-74.00858,3700.0,1,54
2022-02-09,624,"Chambers St (A,C)/WTC (E)/Park Pl (2,3)/Cortlandt (R,W)",40.71411,-74.00858,2265.0,1,43
2022-02-09,624,"Chambers St (A,C)/WTC (E)/Park Pl (2,3)/Cortlandt (R,W)",40.71411,-74.00858,2265.0,1,60
2022-02-09,624,"Chambers St (A,C)/WTC (E)/Park Pl (2,3)/Cortlandt (R,W)",40.71411,-74.00858,2265.0,1,63
2022-02-09,624,"Chambers St (A,C)/WTC (E)/Park Pl (2,3)/Cortlandt (R,W)",40.71411,-74.00858,2265.0,1,54
2022-02-10,624,"Chambers St (A,C)/WTC (E)/Park Pl (2,3)/Cortlandt (R,W)",40.71411,-74.00858,716.0,0,43
2022-02-10,624,"Chambers St (A,C)/WTC (E)/Park Pl (2,3)/Cortlandt (R,W)",40.71411,-74.00858,716.0,0,60
2022-02-10,624,"Chambers St (A,C)/WTC (E)/Park Pl (2,3)/Cortlandt (R,W)",40.71411,-74.00858,716.0,0,63
2022-02-10,624,"Chambers St (A,C)/WTC (E)/Park Pl (2,3)/Cortlandt (R,W)",40.71411,-74.00858,716.0,0,54
2022-02-18,624,"Chambers St (A,C)/WTC (E)/Park Pl (2,3)/Cortlandt (R,W)",40.71411,-74.00858,2563.0,1,43
2022-02-18,624,"Chambers St (A,C)/WTC (E)/Park Pl (2,3)/Cortlandt (R,W)",40.71411,-74.00858,2563.0,1,60
2022-02-18,624,"Chambers St (A,C)/WTC (E)/Park Pl (2,3)/Cortlandt (R,W)",40.71411,-74.00858,2563.0,1,63
2022-02-18,624,"Chambers St (A,C)/WTC (E)/Park Pl (2,3)/Cortlandt (R,W)",40.71411,-74.00858,2563.0,1,54
2022-03-02,624,"Chambers St (A,C)/WTC (E)/Park Pl (2,3)/Cortlandt (R,W)",40.71411,-74.00858,4238.0,1,43
2022-03-02,624,"Chambers St (A,C)/WTC (E)/Park Pl (2,3)/Cortlandt (R,W)",40.71411,-74.00858,4238.0,1,60
2022-03-02,624,"Chambers St (A,C)/WTC (E)/Park Pl (2,3)/Cortlandt (R,W)",40.71411,-74.00858,4238.0,1,63
2022-03-02,624,"Chambers St (A,C)/WTC (E)/Park Pl (2,3)/Cortlandt (R,W)",40.71411,-74.00858,4238.0,1,54
2022-03-08,624,"Chambers St (A,C)/WTC (E)/Park Pl (2,3)/Cortlandt (R,W)",40.71411,-74.00858,3210.0,1,43
2022-03-08,624,"Chambers St (A,C)/WTC (E)/Park Pl (2,3)/Cortlandt (R,W)",40.71411,-74.00858,3210.0,1,60
2022-03-08,624,"Chambers St (A,C)/WTC (E)/Park Pl (2,3)/Cortlandt (R,W)",40.71411,-74.00858,3210.0,1,63
2022-03-08,624,"Chambers St (A,C)/WTC (E)/Park Pl (2,3)/Cortlandt (R,W)",40.71411,-74.00858,3210.0,1,54
2022-03-15,624,"Chambers St (A,C)/WTC (E)/Park Pl (2,3)/Cortlandt (R,W)",40.71411,-74.00858,3215.0,1,43
2022-03-15,624,"Chambers St (A,C)/WTC (E)/Park Pl (2,3)/Cortlandt (R,W)",40.71411,-74.00858,3215.0,1,60
2022-03-15,624,"Chambers St (A,C)/WTC (E)/Park Pl (2,3)/Cortlandt (R,W)",40.71411,-74.00858,3215.0,1,63
2022-03-15,624,"Chambers St (A,C)/WTC (E)/Park Pl (2,3)/Cortlandt (R,W)",40.71411,-74.00858,3215.0,1,54
2022-03-29,624,"Chambers St (A,C)/WTC (E)/Park Pl (2,3)/Cortlandt (R,W)",40.71411,-74.00858,4700.0,1,43
2022-03-29,624,"Chambers St (A,C)/WTC (E)/Park Pl (2,3)/Cortlandt (R,W)",40.71411,-74.00858,4700.0,1,60
2022-03-29,624,"Chambers St (A,C)/WTC (E)/Park Pl (2,3)/Cortlandt (R,W)",40.71411,-74.00858,4700.0,1,63
2022-03-29,624,"Chambers St (A,C)/WTC (E)/Park Pl (2,3)/Cortlandt (R,W)",40.71411,-74.00858,4700.0,1,54
2022-04-20,624,"Chambers St (A,C)/WTC (E)/Park Pl (2,3)/Cortlandt (R,W)",40.71411,-74.00858,35.0,0,43
2022-04-20,624,"Chambers St (A,C)/WTC (E)/Park Pl (2,3)/Cortlandt (R,W)",40.71411,-74.00858,35.0,0,60
2022-04-20,624,"Chambers St (A,C)/WTC (E)/Park Pl (2,3)/Cortlandt (R,W)",40.71411,-74.00858,35.0,0,63
2022-04-20,624,"Chambers St (A,C)/WTC (E)/Park Pl (2,3)/Cortlandt (R,W)",40.71411,-74.00858,35.0,0,54
2022-04-27,624,"Chambers St (A,C)/WTC (E)/Park Pl (2,3)/Cortlandt (R,W)",40.71258,-74.00978,1.0,0,43
2022-04-27,624,"Chambers St (A,C)/WTC (E)/Park Pl (2,3)/Cortlandt (R,W)",40.71258,-74.00978,1.0,0,60
2022-04-27,624,"Chambers St (A,C)/WTC (E)/Park Pl (2,3)/Cortlandt (R,W)",40.71258,-74.00978,1.0,0,63
2022-04-27,624,"Chambers St (A,C)/WTC (E)/Park Pl (2,3)/Cortlandt (R,W)",40.71258,-74.00978,1.0,0,54
2022-04-27,624,"Chambers St (A,C)/WTC (E)/Park Pl (2,3)/Cortlandt (R,W)",40.71411,-74.00858,1716.0,1,43
2022-04-27,624,"Chambers St (A,C)/WTC (E)/Park Pl (2,3)/Cortlandt (R,W)",40.71411,-74.00858,1716.0,1,60
2022-04-27,624,"Chambers St (A,C)/WTC (E)/Park Pl (2,3)/Cortlandt (R,W)",40.71411,-74.00858,1716.0,1,63
2022-04-27,624,"Chambers St (A,C)/WTC (E)/Park Pl (2,3)/Cortlandt (R,W)",40.71411,-74.00858,1716.0,1,54
2022-05-31,624,"Chambers St (A,C)/WTC (E)/Park Pl (2,3)/Cortlandt (R,W)",40.71411,-74.00858,914.0,0,43
2022-05-31,624,"Chambers St (A,C)/WTC (E)/Park Pl (2,3)/Cortlandt (R,W)",40.71411,-74.00858,914.0,0,60
2022-05-31,624,"Chambers St (A,C)/WTC (E)/Park Pl (2,3)/Cortlandt (R,W)",40.71411,-74.00858,914.0,0,63
2022-05-31,624,"Chambers St (A,C)/WTC (E)/Park Pl (2,3)/Cortlandt (R,W)",40.71411,-74.00858,914.0,0,54
2022-06-01,624,"Chambers St (A,C)/WTC (E)/Park Pl (2,3)/Cortlandt (R,W)",40.71411,-74.00858,2998.0,1,43
2022-06-01,624,"Chambers St (A,C)/WTC (E)/Park Pl (2,3)/Cortlandt (R,W)",40.71411,-74.00858,2998.0,1,60
2022-06-01,624,"Chambers St (A,C)/WTC (E)/Park Pl (2,3)/Cortlandt (R,W)",40.71411,-74.00858,2998.0,1,63
2022-06-01,624,"Chambers St (A,C)/WTC (E)/Park Pl (2,3)/Cortlandt (R,W)",40.71411,-74.00858,2998.0,1,54
2022-07-18,624,"Chambers St (A,C)/WTC (E)/Park Pl (2,3)/Cortlandt (R,W)",40.71258,-74.00978,4.0,0,43
2022-07-18,624,"Chambers St (A,C)/WTC (E)/Park Pl (2,3)/Cortlandt (R,W)",40.71258,-74.00978,4.0,0,60
2022-07-18,624,"Chambers St (A,C)/WTC (E)/Park Pl (2,3)/Cortlandt (R,W)",40.71258,-74.00978,4.0,0,63
2022-07-18,624,"Chambers St (A,C)/WTC (E)/Park Pl (2,3)/Cortlandt (R,W)",40.71258,-74.00978,4.0,0,54
2022-07-18,624,"Chambers St (A,C)/WTC (E)/Park Pl (2,3)/Cortlandt (R,W)",40.71411,-74.00858,2681.0,1,43
2022-07-18,624,"Chambers St (A,C)/WTC (E)/Park Pl (2,3)/Cortlandt (R,W)",40.71411,-74.00858,2681.0,1,60
2022-07-18,624,"Chambers St (A,C)/WTC (E)/Park Pl (2,3)/Cortlandt (R,W)",40.71411,-74.00858,2681.0,1,63
2022-07-18,624,"Chambers St (A,C)/WTC (E)/Park Pl (2,3)/Cortlandt (R,W)",40.71411,-74.00858,2681.0,1,54
2022-08-05,624,"Chambers St (A,C)/WTC (E)/Park Pl (2,3)/Cortlandt (R,W)",40.71411,-74.00858,1072.0,0,43
2022-08-05,624,"Chambers St (A,C)/WTC (E)/Park Pl (2,3)/Cortlandt (R,W)",40.71411,-74.00858,1072.0,0,60
2022-08-05,624,"Chambers St (A,C)/WTC (E)/Park Pl (2,3)/Cortlandt (R,W)",40.71411,-74.00858,1072.0,0,63
2022-08-05,624,"Chambers St (A,C)/WTC (E)/Park Pl (2,3)/Cortlandt (R,W)",40.71411,-74.00858,1072.0,0,54
2022-08-08,624,"Chambers St (A,C)/WTC (E)/Park Pl (2,3)/Cortlandt (R,W)",40.71411,-74.00858,408.0,0,43
2022-08-08,624,"Chambers St (A,C)/WTC (E)/Park Pl (2,3)/Cortlandt (R,W)",40.71411,-74.00858,408.0,0,60
2022-08-08,624,"Chambers St (A,C)/WTC (E)/Park Pl (2,3)/Cortlandt (R,W)",40.71411,-74.00858,408.0,0,63
2022-08-08,624,"Chambers St (A,C)/WTC (E)/Park Pl (2,3)/Cortlandt (R,W)",40.71411,-74.00858,408.0,0,54
2022-08-09,624,"Chambers St (A,C)/WTC (E)/Park Pl (2,3)/Cortlandt (R,W)",40.71411,-74.00858,3826.0,1,43
2022-08-09,624,"Chambers St (A,C)/WTC (E)/Park Pl (2,3)/Cortlandt (R,W)",40.71411,-74.00858,3826.0,1,60
2022-08-09,624,"Chambers St (A,C)/WTC (E)/Park Pl (2,3)/Cortlandt (R,W)",40.71411,-74.00858,3826.0,1,63
2022-08-09,624,"Chambers St (A,C)/WTC (E)/Park Pl (2,3)/Cortlandt (R,W)",40.71411,-74.00858,3826.0,1,54
2022-08-30,624,"Chambers St (A,C)/WTC (E)/Park Pl (2,3)/Cortlandt (R,W)",40.71411,-74.00858,1521.0,1,43
2022-08-30,624,"Chambers St (A,C)/WTC (E)/Park Pl (2,3)/Cortlandt (R,W)",40.71411,-74.00858,1521.0,1,60
2022-08-30,624,"Chambers St (A,C)/WTC (E)/Park Pl (2,3)/Cortlandt (R,W)",40.71411,-74.00858,1521.0,1,63
2022-08-30,624,"Chambers St (A,C)/WTC (E)/Park Pl (2,3)/Cortlandt (R,W)",40.71411,-74.00858,1521.0,1,54
2022-09-13,624,"Chambers St (A,C)/WTC (E)/Park Pl (2,3)/Cortlandt (R,W)",40.71411,-74.00858,3344.0,1,43
2022-09-13,624,"Chambers St (A,C)/WTC (E)/Park Pl (2,3)/Cortlandt (R,W)",40.71411,-74.00858,3344.0,1,60
2022-09-13,624,"Chambers St (A,C)/WTC (E)/Park Pl (2,3)/Cortlandt (R,W)",40.71411,-74.00858,3344.0,1,63
2022-09-13,624,"Chambers St (A,C)/WTC (E)/Park Pl (2,3)/Cortlandt (R,W)",40.71411,-74.00858,3344.0,1,54
2023-05-11,624,"Chambers St (A,C)/WTC (E)/Park Pl (2,3)/Cortlandt (R,W)",40.71411,-74.00858,109.0,0,43
2023-05-11,624,"Chambers St (A,C)/WTC (E)/Park Pl (2,3)/Cortlandt (R,W)",40.71411,-74.00858,109.0,0,60
2023-05-11,624,"Chambers St (A,C)/WTC (E)/Park Pl (2,3)/Cortlandt (R,W)",40.71411,-74.00858,109.0,0,63
2023-05-11,624,"Chambers St (A,C)/WTC (E)/Park Pl (2,3)/Cortlandt (R,W)",40.71411,-74.00858,109.0,0,54
2023-06-14,624,"Chambers St (A,C)/WTC (E)/Park Pl (2,3)/Cortlandt (R,W)",40.71411,-74.00858,2000.0,1,43
2023-06-14,624,"Chambers St (A,C)/WTC (E)/Park Pl (2,3)/Cortlandt (R,W)",40.71411,-74.00858,2000.0,1,60
2023-06-14,624,"Chambers St (A,C)/WTC (E)/Park Pl (2,3)/Cortlandt (R,W)",40.71411,-74.00858,2000.0,1,63
2023-06-14,624,"Chambers St (A,C)/WTC (E)/Park Pl (2,3)/Cortlandt (R,W)",40.71411,-74.00858,2000.0,1,54
2023-09-27,624,"Chambers St (A,C)/WTC (E)/Park Pl (2,3)/Cortlandt (R,W)",40.71258,-74.00978,2.0,0,43
2023-09-27,624,"Chambers St (A,C)/WTC (E)/Park Pl (2,3)/Cortlandt (R,W)",40.71258,-74.00978,2.0,0,60
2023-09-27,624,"Chambers St (A,C)/WTC (E)/Park Pl (2,3)/Cortlandt (R,W)",40.71258,-74.00978,2.0,0,63
2023-09-27,624,"Chambers St (A,C)/WTC (E)/Park Pl (2,3)/Cortlandt (R,W)",40.71258,-74.00978,2.0,0,54
2023-09-27,624,"Chambers St (A,C)/WTC (E)/Park Pl (2,3)/Cortlandt (R,W)",40.71411,-74.00858,4538.0,1,43
2023-09-27,624,"Chambers St (A,C)/WTC (E)/Park Pl (2,3)/Cortlandt (R,W)",40.71411,-74.00858,4538.0,1,60
2023-09-27,624,"Chambers St (A,C)/WTC (E)/Park Pl (2,3)/Cortlandt (R,W)",40.71411,-74.00858,4538.0,1,63
2023-09-27,624,"Chambers St (A,C)/WTC (E)/Park Pl (2,3)/Cortlandt (R,W)",40.71411,-74.00858,4538.0,1,54
2023-10-04,624,"Chambers St (A,C)/WTC (E)/Park Pl (2,3)/Cortlandt (R,W)",40.71258,-74.00978,1.0,0,43
2023-10-04,624,"Chambers St (A,C)/WTC (E)/Park Pl (2,3)/Cortlandt (R,W)",40.71258,-74.00978,1.0,0,60
2023-10-04,624,"Chambers St (A,C)/WTC (E)/Park Pl (2,3)/Cortlandt (R,W)",40.71258,-74.00978,1.0,0,63
2023-10-04,624,"Chambers St (A,C)/WTC (E)/Park Pl (2,3)/Cortlandt (R,W)",40.71258,-74.00978,1.0,0,54
2023-10-04,624,"Chambers St (A,C)/WTC (E)/Park Pl (2,3)/Cortlandt (R,W)",40.71411,-74.00858,156.0,0,43
2023-10-04,624,"Chambers St (A,C)/WTC (E)/Park Pl (2,3)/Cortlandt (R,W)",40.71411,-74.00858,156.0,0,60
2023-10-04,624,"Chambers St (A,C)/WTC (E)/Park Pl (2,3)/Cortlandt (R,W)",40.71411,-74.00858,156.0,0,63
2023-10-04,624,"Chambers St (A,C)/WTC (E)/Park Pl (2,3)/Cortlandt (R,W)",40.71411,-74.00858,156.0,0,54
2023-10-17,624,"Chambers St (A,C)/WTC (E)/Park Pl (2,3)/Cortlandt (R,W)",40.71411,-74.00858,4743.0,1,43
2023-10-17,624,"Chambers St (A,C)/WTC (E)/Park Pl (2,3)/Cortlandt (R,W)",40.71411,-74.00858,4743.0,1,60
2023-10-17,624,"Chambers St (A,C)/WTC (E)/Park Pl (2,3)/Cortlandt (R,W)",40.71411,-74.00858,4743.0,1,63
2023-10-17,624,"Chambers St (A,C)/WTC (E)/Park Pl (2,3)/Cortlandt (R,W)",40.71411,-74.00858,4743.0,1,54
2023-11-02,624,"Chambers St (A,C)/WTC (E)/Park Pl (2,3)/Cortlandt (R,W)",40.71411,-74.00858,2418.0,1,43
2023-11-02,624,"Chambers St (A,C)/WTC (E)/Park Pl (2,3)/Cortlandt (R,W)",40.71411,-74.00858,2418.0,1,60
2023-11-02,624,"Chambers St (A,C)/WTC (E)/Park Pl (2,3)/Cortlandt (R,W)",40.71411,-74.00858,2418.0,1,63
2023-11-02,624,"Chambers St (A,C)/WTC (E)/Park Pl (2,3)/Cortlandt (R,W)",40.71411,-74.00858,2418.0,1,54
2023-11-03,624,"Chambers St (A,C)/WTC (E)/Park Pl (2,3)/Cortlandt (R,W)",40.71411,-74.00858,1500.0,1,43
2023-11-03,624,"Chambers St (A,C)/WTC (E)/Park Pl (2,3)/Cortlandt (R,W)",40.71411,-74.00858,1500.0,1,60
2023-11-03,624,"Chambers St (A,C)/WTC (E)/Park Pl (2,3)/Cortlandt (R,W)",40.71411,-74.00858,1500.0,1,63
2023-11-03,624,"Chambers St (A,C)/WTC (E)/Park Pl (2,3)/Cortlandt (R,W)",40.71411,-74.00858,1500.0,1,54
2023-11-08,624,"Chambers St (A,C)/WTC (E)/Park Pl (2,3)/Cortlandt (R,W)",40.71411,-74.00858,4715.0,1,43
2023-11-08,624,"Chambers St (A,C)/WTC (E)/Park Pl (2,3)/Cortlandt (R,W)",40.71411,-74.00858,4715.0,1,60
2023-11-08,624,"Chambers St (A,C)/WTC (E)/Park Pl (2,3)/Cortlandt (R,W)",40.71411,-74.00858,4715.0,1,63
2023-11-08,624,"Chambers St (A,C)/WTC (E)/Park Pl (2,3)/Cortlandt (R,W)",40.71411,-74.00858,4715.0,1,54
2023-11-23,624,"Chambers St (A,C)/WTC (E)/Park Pl (2,3)/Cortlandt (R,W)",40.71411,-74.00858,29.0,0,43
2023-11-23,624,"Chambers St (A,C)/WTC (E)/Park Pl (2,3)/Cortlandt (R,W)",40.71411,-74.00858,29.0,0,60
2023-11-23,624,"Chambers St (A,C)/WTC (E)/Park Pl (2,3)/Cortlandt (R,W)",40.71411,-74.00858,29.0,0,63
2023-11-23,624,"Chambers St (A,C)/WTC (E)/Park Pl (2,3)/Cortlandt (R,W)",40.71411,-74.00858,29.0,0,54
2024-01-15,624,"Chambers St (A,C)/WTC (E)/Park Pl (2,3)/Cortlandt (R,W)",40.710667,-74.01103,1.0,0,43
2024-01-15,624,"Chambers St (A,C)/WTC (E)/Park Pl (2,3)/Cortlandt (R,W)",40.710667,-74.01103,1.0,0,60
2024-01-15,624,"Chambers St (A,C)/WTC (E)/Park Pl (2,3)/Cortlandt (R,W)",40.710667,-74.01103,1.0,0,63
2024-01-15,624,"Chambers St (A,C)/WTC (E)/Park Pl (2,3)/Cortlandt (R,W)",40.710667,-74.01103,1.0,0,54
2024-01-15,624,"Chambers St (A,C)/WTC (E)/Park Pl (2,3)/Cortlandt (R,W)",40.71411,-74.00858,881.0,0,43
2024-01-15,624,"Chambers St (A,C)/WTC (E)/Park Pl (2,3)/Cortlandt (R,W)",40.71411,-74.00858,881.0,0,60
2024-01-15,624,"Chambers St (A,C)/WTC (E)/Park Pl (2,3)/Cortlandt (R,W)",40.71411,-74.00858,881.0,0,63
2024-01-15,624,"Chambers St (A,C)/WTC (E)/Park Pl (2,3)/Cortlandt (R,W)",40.71411,-74.00858,881.0,0,54
2024-02-29,624,"Chambers St (A,C)/WTC (E)/Park Pl (2,3)/Cortlandt (R,W)",40.710667,-74.01103,1.0,0,43
2024-02-29,624,"Chambers St (A,C)/WTC (E)/Park Pl (2,3)/Cortlandt (R,W)",40.710667,-74.01103,1.0,0,60
2024-02-29,624,"Chambers St (A,C)/WTC (E)/Park Pl (2,3)/Cortlandt (R,W)",40.710667,-74.01103,1.0,0,63
2024-02-29,624,"Chambers St (A,C)/WTC (E)/Park Pl (2,3)/Cortlandt (R,W)",40.710667,-74.01103,1.0,0,54
2024-02-29,624,"Chambers St (A,C)/WTC (E)/Park Pl (2,3)/Cortlandt (R,W)",40.71411,-74.00858,3281.0,1,43
2024-02-29,624,"Chambers St (A,C)/WTC (E)/Park Pl (2,3)/Cortlandt (R,W)",40.71411,-74.00858,3281.0,1,60
2024-02-29,624,"Chambers St (A,C)/WTC (E)/Park Pl (2,3)/Cortlandt (R,W)",40.71411,-74.00858,3281.0,1,63
2024-02-29,624,"Chambers St (A,C)/WTC (E)/Park Pl (2,3)/Cortlandt (R,W)",40.71411,-74.00858,3281.0,1,54
2024-03-05,624,"Chambers St (A,C)/WTC (E)/Park Pl (2,3)/Cortlandt (R,W)",40.71411,-74.00858,4509.0,1,43
2024-03-05,624,"Chambers St (A,C)/WTC (E)/Park Pl (2,3)/Cortlandt (R,W)",40.71411,-74.00858,4509.0,1,60
2024-03-05,624,"Chambers St (A,C)/WTC (E)/Park Pl (2,3)/Cortlandt (R,W)",40.71411,-74.00858,4509.0,1,63
2024-03-05,624,"Chambers St (A,C)/WTC (E)/Park Pl (2,3)/Cortlandt (R,W)",40.71411,-74.00858,4509.0,1,54
2024-04-05,624,"Chambers St (A,C)/WTC (E)/Park Pl (2,3)/Cortlandt (R,W)",40.71258,-74.00978,1.0,0,43
2024-04-05,624,"Chambers St (A,C)/WTC (E)/Park Pl (2,3)/Cortlandt (R,W)",40.71258,-74.00978,1.0,0,60
2024-04-05,624,"Chambers St (A,C)/WTC (E)/Park Pl (2,3)/Cortlandt (R,W)",40.71258,-74.00978,1.0,0,63
2024-04-05,624,"Chambers St (A,C)/WTC (E)/Park Pl (2,3)/Cortlandt (R,W)",40.71258,-74.00978,1.0,0,54
2024-04-05,624,"Chambers St (A,C)/WTC (E)/Park Pl (2,3)/Cortlandt (R,W)",40.71411,-74.00858,1878.0,1,43
2024-04-05,624,"Chambers St (A,C)/WTC (E)/Park Pl (2,3)/Cortlandt (R,W)",40.71411,-74.00858,1878.0,1,60
2024-04-05,624,"Chambers St (A,C)/WTC (E)/Park Pl (2,3)/Cortlandt (R,W)",40.71411,-74.00858,1878.0,1,63
2024-04-05,624,"Chambers St (A,C)/WTC (E)/Park Pl (2,3)/Cortlandt (R,W)",40.71411,-74.00858,1878.0,1,54
2024-04-16,624,"Chambers St (A,C)/WTC (E)/Park Pl (2,3)/Cortlandt (R,W)",40.71411,-74.00858,704.0,0,43
2024-04-16,624,"Chambers St (A,C)/WTC (E)/Park Pl (2,3)/Cortlandt (R,W)",40.71411,-74.00858,704.0,0,60
2024-04-16,624,"Chambers St (A,C)/WTC (E)/Park Pl (2,3)/Cortlandt (R,W)",40.71411,-74.00858,704.0,0,63
2024-04-16,624,"Chambers St (A,C)/WTC (E)/Park Pl (2,3)/Cortlandt (R,W)",40.71411,-74.00858,704.0,0,54
2024-05-03,624,"Chambers St (A,C)/WTC (E)/Park Pl (2,3)/Cortlandt (R,W)",40.71411,-74.00858,2426.0,1,43
2024-05-03,624,"Chambers St (A,C)/WTC (E)/Park Pl (2,3)/Cortlandt (R,W)",40.71411,-74.00858,2426.0,1,60
2024-05-03,624,"Chambers St (A,C)/WTC (E)/Park Pl (2,3)/Cortlandt (R,W)",40.71411,-74.00858,2426.0,1,63
2024-05-03,624,"Chambers St (A,C)/WTC (E)/Park Pl (2,3)/Cortlandt (R,W)",40.71411,-74.00858,2426.0,1,54
2024-05-07,624,"Chambers St (A,C)/WTC (E)/Park Pl (2,3)/Cortlandt (R,W)",40.710667,-74.01103,2.0,0,43
2024-05-07,624,"Chambers St (A,C)/WTC (E)/Park Pl (2,3)/Cortlandt (R,W)",40.710667,-74.01103,2.0,0,60
2024-05-07,624,"Chambers St (A,C)/WTC (E)/Park Pl (2,3)/Cortlandt (R,W)",40.710667,-74.01103,2.0,0,63
2024-05-07,624,"Chambers St (A,C)/WTC (E)/Park Pl (2,3)/Cortlandt (R,W)",40.710667,-74.01103,2.0,0,54
2024-05-07,624,"Chambers St (A,C)/WTC (E)/Park Pl (2,3)/Cortlandt (R,W)",40.71411,-74.00858,6791.0,1,43
2024-05-07,624,"Chambers St (A,C)/WTC (E)/Park Pl (2,3)/Cortlandt (R,W)",40.71411,-74.00858,6791.0,1,60
2024-05-07,624,"Chambers St (A,C)/WTC (E)/Park Pl (2,3)/Cortlandt (R,W)",40.71411,-74.00858,6791.0,1,63
2024-05-07,624,"Chambers St (A,C)/WTC (E)/Park Pl (2,3)/Cortlandt (R,W)",40.71411,-74.00858,6791.0,1,54
2024-05-17,624,"Chambers St (A,C)/WTC (E)/Park Pl (2,3)/Cortlandt (R,W)",40.71411,-74.00858,226.0,0,43
2024-05-17,624,"Chambers St (A,C)/WTC (E)/Park Pl (2,3)/Cortlandt (R,W)",40.71411,-74.00858,226.0,0,60
2024-05-17,624,"Chambers St (A,C)/WTC (E)/Park Pl (2,3)/Cortlandt (R,W)",40.71411,-74.00858,226.0,0,63
2024-05-17,624,"Chambers St (A,C)/WTC (E)/Park Pl (2,3)/Cortlandt (R,W)",40.71411,-74.00858,226.0,0,54
2024-05-24,624,"Chambers St (A,C)/WTC (E)/Park Pl (2,3)/Cortlandt (R,W)",40.71258,-74.00978,2.0,0,43
2024-05-24,624,"Chambers St (A,C)/WTC (E)/Park Pl (2,3)/Cortlandt (R,W)",40.71258,-74.00978,2.0,0,60
2024-05-24,624,"Chambers St (A,C)/WTC (E)/Park Pl (2,3)/Cortlandt (R,W)",40.71258,-74.00978,2.0,0,63
2024-05-24,624,"Chambers St (A,C)/WTC (E)/Park Pl (2,3)/Cortlandt (R,W)",40.71258,-74.00978,2.0,0,54
2024-05-24,624,"Chambers St (A,C)/WTC (E)/Park Pl (2,3)/Cortlandt (R,W)",40.71411,-74.00858,4260.0,1,43
2024-05-24,624,"Chambers St (A,C)/WTC (E)/Park Pl (2,3)/Cortlandt (R,W)",40.71411,-74.00858,4260.0,1,60
2024-05-24,624,"Chambers St (A,C)/WTC (E)/Park Pl (2,3)/Cortlandt (R,W)",40.71411,-74.00858,4260.0,1,63
2024-05-24,624,"Chambers St (A,C)/WTC (E)/Park Pl (2,3)/Cortlandt (R,W)",40.71411,-74.00858,4260.0,1,54
2024-05-31,624,"Chambers St (A,C)/WTC (E)/Park Pl (2,3)/Cortlandt (R,W)",40.71411,-74.00858,2907.0,1,43
2024-05-31,624,"Chambers St (A,C)/WTC (E)/Park Pl (2,3)/Cortlandt (R,W)",40.71411,-74.00858,2907.0,1,60
2024-05-31,624,"Chambers St (A,C)/WTC (E)/Park Pl (2,3)/Cortlandt (R,W)",40.71411,-74.00858,2907.0,1,63
2024-05-31,624,"Chambers St (A,C)/WTC (E)/Park Pl (2,3)/Cortlandt (R,W)",40.71411,-74.00858,2907.0,1,54
2024-06-03,624,"Chambers St (A,C)/WTC (E)/Park Pl (2,3)/Cortlandt (R,W)",40.71411,-74.00858,4524.0,1,43
2024-06-03,624,"Chambers St (A,C)/WTC (E)/Park Pl (2,3)/Cortlandt (R,W)",40.71411,-74.00858,4524.0,1,60
2024-06-03,624,"Chambers St (A,C)/WTC (E)/Park Pl (2,3)/Cortlandt (R,W)",40.71411,-74.00858,4524.0,1,63
2024-06-03,624,"Chambers St (A,C)/WTC (E)/Park Pl (2,3)/Cortlandt (R,W)",40.71411,-74.00858,4524.0,1,54
2024-06-13,624,"Chambers St (A,C)/WTC (E)/Park Pl (2,3)/Cortlandt (R,W)",40.71258,-74.00978,2.0,0,43
2024-06-13,624,"Chambers St (A,C)/WTC (E)/Park Pl (2,3)/Cortlandt (R,W)",40.71258,-74.00978,2.0,0,60
2024-06-13,624,"Chambers St (A,C)/WTC (E)/Park Pl (2,3)/Cortlandt (R,W)",40.71258,-74.00978,2.0,0,63
2024-06-13,624,"Chambers St (A,C)/WTC (E)/Park Pl (2,3)/Cortlandt (R,W)",40.71258,-74.00978,2.0,0,54
2024-06-13,624,"Chambers St (A,C)/WTC (E)/Park Pl (2,3)/Cortlandt (R,W)",40.71411,-74.00858,549.0,0,43
2024-06-13,624,"Chambers St (A,C)/WTC (E)/Park Pl (2,3)/Cortlandt (R,W)",40.71411,-74.00858,549.0,0,60
2024-06-13,624,"Chambers St (A,C)/WTC (E)/Park Pl (2,3)/Cortlandt (R,W)",40.71411,-74.00858,549.0,0,63
2024-06-13,624,"Chambers St (A,C)/WTC (E)/Park Pl (2,3)/Cortlandt (R,W)",40.71411,-74.00858,549.0,0,54
2024-06-18,624,"Chambers St (A,C)/WTC (E)/Park Pl (2,3)/Cortlandt (R,W)",40.71258,-74.00978,4.0,0,43
2024-06-18,624,"Chambers St (A,C)/WTC (E)/Park Pl (2,3)/Cortlandt (R,W)",40.71258,-74.00978,4.0,0,60
2024-06-18,624,"Chambers St (A,C)/WTC (E)/Park Pl (2,3)/Cortlandt (R,W)",40.71258,-74.00978,4.0,0,63
2024-06-18,624,"Chambers St (A,C)/WTC (E)/Park Pl (2,3)/Cortlandt (R,W)",40.71258,-74.00978,4.0,0,54
2024-06-18,624,"Chambers St (A,C)/WTC (E)/Park Pl (2,3)/Cortlandt (R,W)",40.71411,-74.00858,2229.0,1,43
2024-06-18,624,"Chambers St (A,C)/WTC (E)/Park Pl (2,3)/Cortlandt (R,W)",40.71411,-74.00858,2229.0,1,60
2024-06-18,624,"Chambers St (A,C)/WTC (E)/Park Pl (2,3)/Cortlandt (R,W)",40.71411,-74.00858,2229.0,1,63
2024-06-18,624,"Chambers St (A,C)/WTC (E)/Park Pl (2,3)/Cortlandt (R,W)",40.71411,-74.00858,2229.0,1,54
2024-06-20,624,"Chambers St (A,C)/WTC (E)/Park Pl (2,3)/Cortlandt (R,W)",40.71411,-74.00858,1516.0,1,43
2024-06-20,624,"Chambers St (A,C)/WTC (E)/Park Pl (2,3)/Cortlandt (R,W)",40.71411,-74.00858,1516.0,1,60
2024-06-20,624,"Chambers St (A,C)/WTC (E)/Park Pl (2,3)/Cortlandt (R,W)",40.71411,-74.00858,1516.0,1,63
2024-06-20,624,"Chambers St (A,C)/WTC (E)/Park Pl (2,3)/Cortlandt (R,W)",40.71411,-74.00858,1516.0,1,54
2024-06-21,624,"Chambers St (A,C)/WTC (E)/Park Pl (2,3)/Cortlandt (R,W)",40.71411,-74.00858,3063.0,1,43
2024-06-21,624,"Chambers St (A,C)/WTC (E)/Park Pl (2,3)/Cortlandt (R,W)",40.71411,-74.00858,3063.0,1,60
2024-06-21,624,"Chambers St (A,C)/WTC (E)/Park Pl (2,3)/Cortlandt (R,W)",40.71411,-74.00858,3063.0,1,63
2024-06-21,624,"Chambers St (A,C)/WTC (E)/Park Pl (2,3)/Cortlandt (R,W)",40.71411,-74.00858,3063.0,1,54
2024-06-28,624,"Chambers St (A,C)/WTC (E)/Park Pl (2,3)/Cortlandt (R,W)",40.710667,-74.01103,1.0,0,43
2024-06-28,624,"Chambers St (A,C)/WTC (E)/Park Pl (2,3)/Cortlandt (R,W)",40.710667,-74.01103,1.0,0,60
2024-06-28,624,"Chambers St (A,C)/WTC (E)/Park Pl (2,3)/Cortlandt (R,W)",40.710667,-74.01103,1.0,0,63
2024-06-28,624,"Chambers St (A,C)/WTC (E)/Park Pl (2,3)/Cortlandt (R,W)",40.710667,-74.01103,1.0,0,54
2024-06-28,624,"Chambers St (A,C)/WTC (E)/Park Pl (2,3)/Cortlandt (R,W)",40.71411,-74.00858,1571.0,1,43
2024-06-28,624,"Chambers St (A,C)/WTC (E)/Park Pl (2,3)/Cortlandt (R,W)",40.71411,-74.00858,1571.0,1,60
2024-06-28,624,"Chambers St (A,C)/WTC (E)/Park Pl (2,3)/Cortlandt (R,W)",40.71411,-74.00858,1571.0,1,63
2024-06-28,624,"Chambers St (A,C)/WTC (E)/Park Pl (2,3)/Cortlandt (R,W)",40.71411,-74.00858,1571.0,1,54
2024-08-28,624,"Chambers St (A,C)/WTC (E)/Park Pl (2,3)/Cortlandt (R,W)",40.71411,-74.00858,2177.0,1,43
2024-08-28,624,"Chambers St (A,C)/WTC (E)/Park Pl (2,3)/Cortlandt (R,W)",40.71411,-74.00858,2177.0,1,60
2024-08-28,624,"Chambers St (A,C)/WTC (E)/Park Pl (2,3)/Cortlandt (R,W)",40.71411,-74.00858,2177.0,1,63
2024-08-28,624,"Chambers St (A,C)/WTC (E)/Park Pl (2,3)/Cortlandt (R,W)",40.71411,-74.00858,2177.0,1,54
2024-08-29,624,"Chambers St (A,C)/WTC (E)/Park Pl (2,3)/Cortlandt (R,W)",40.71411,-74.00858,973.0,0,43
2024-08-29,624,"Chambers St (A,C)/WTC (E)/Park Pl (2,3)/Cortlandt (R,W)",40.71411,-74.00858,973.0,0,60
2024-08-29,624,"Chambers St (A,C)/WTC (E)/Park Pl (2,3)/Cortlandt (R,W)",40.71411,-74.00858,973.0,0,63
2024-08-29,624,"Chambers St (A,C)/WTC (E)/Park Pl (2,3)/Cortlandt (R,W)",40.71411,-74.00858,973.0,0,54
2024-09-04,624,"Chambers St (A,C)/WTC (E)/Park Pl (2,3)/Cortlandt (R,W)",40.71411,-74.00858,4274.0,1,43
2024-09-04,624,"Chambers St (A,C)/WTC (E)/Park Pl (2,3)/Cortlandt (R,W)",40.71411,-74.00858,4274.0,1,60
2024-09-04,624,"Chambers St (A,C)/WTC (E)/Park Pl (2,3)/Cortlandt (R,W)",40.71411,-74.00858,4274.0,1,63
2024-09-04,624,"Chambers St (A,C)/WTC (E)/Park Pl (2,3)/Cortlandt (R,W)",40.71411,-74.00858,4274.0,1,54
2024-09-05,624,"Chambers St (A,C)/WTC (E)/Park Pl (2,3)/Cortlandt (R,W)",40.710667,-74.01103,2.0,0,43
2024-09-05,624,"Chambers St (A,C)/WTC (E)/Park Pl (2,3)/Cortlandt (R,W)",40.710667,-74.01103,2.0,0,60
2024-09-05,624,"Chambers St (A,C)/WTC (E)/Park Pl (2,3)/Cortlandt (R,W)",40.710667,-74.01103,2.0,0,63
2024-09-05,624,"Chambers St (A,C)/WTC (E)/Park Pl (2,3)/Cortlandt (R,W)",40.710667,-74.01103,2.0,0,54
2024-09-05,624,"Chambers St (A,C)/WTC (E)/Park Pl (2,3)/Cortlandt (R,W)",40.71411,-74.00858,6273.0,1,43
2024-09-05,624,"Chambers St (A,C)/WTC (E)/Park Pl (2,3)/Cortlandt (R,W)",40.71411,-74.00858,6273.0,1,60
2024-09-05,624,"Chambers St (A,C)/WTC (E)/Park Pl (2,3)/Cortlandt (R,W)",40.71411,-74.00858,6273.0,1,63
2024-09-05,624,"Chambers St (A,C)/WTC (E)/Park Pl (2,3)/Cortlandt (R,W)",40.71411,-74.00858,6273.0,1,54
2024-09-13,624,"Chambers St (A,C)/WTC (E)/Park Pl (2,3)/Cortlandt (R,W)",40.71258,-74.00978,1.0,0,43
2024-09-13,624,"Chambers St (A,C)/WTC (E)/Park Pl (2,3)/Cortlandt (R,W)",40.71258,-74.00978,1.0,0,60
2024-09-13,624,"Chambers St (A,C)/WTC (E)/Park Pl (2,3)/Cortlandt (R,W)",40.71258,-74.00978,1.0,0,63
2024-09-13,624,"Chambers St (A,C)/WTC (E)/Park Pl (2,3)/Cortlandt (R,W)",40.71258,-74.00978,1.0,0,54
2024-09-13,624,"Chambers St (A,C)/WTC (E)/Park Pl (2,3)/Cortlandt (R,W)",40.71305,-74.00881,3.0,0,43
2024-09-13,624,"Chambers St (A,C)/WTC (E)/Park Pl (2,3)/Cortlandt (R,W)",40.71305,-74.00881,3.0,0,60
2024-09-13,624,"Chambers St (A,C)/WTC (E)/Park Pl (2,3)/Cortlandt (R,W)",40.71305,-74.00881,3.0,0,63
2024-09-13,624,"Chambers St (A,C)/WTC (E)/Park Pl (2,3)/Cortlandt (R,W)",40.71305,-74.00881,3.0,0,54
2024-09-13,624,"Chambers St (A,C)/WTC (E)/Park Pl (2,3)/Cortlandt (R,W)",40.71411,-74.00858,3614.0,1,43
2024-09-13,624,"Chambers St (A,C)/WTC (E)/Park Pl (2,3)/Cortlandt (R,W)",40.71411,-74.00858,3614.0,1,60
2024-09-13,624,"Chambers St (A,C)/WTC (E)/Park Pl (2,3)/Cortlandt (R,W)",40.71411,-74.00858,3614.0,1,63
2024-09-13,624,"Chambers St (A,C)/WTC (E)/Park Pl (2,3)/Cortlandt (R,W)",40.71411,-74.00858,3614.0,1,54
2024-09-28,624,"Chambers St (A,C)/WTC (E)/Park Pl (2,3)/Cortlandt (R,W)",40.71258,-74.00978,5.0,0,43
2024-09-28,624,"Chambers St (A,C)/WTC (E)/Park Pl (2,3)/Cortlandt (R,W)",40.71258,-74.00978,5.0,0,60
2024-09-28,624,"Chambers St (A,C)/WTC (E)/Park Pl (2,3)/Cortlandt (R,W)",40.71258,-74.00978,5.0,0,63
2024-09-28,624,"Chambers St (A,C)/WTC (E)/Park Pl (2,3)/Cortlandt (R,W)",40.71258,-74.00978,5.0,0,54
2024-09-28,624,"Chambers St (A,C)/WTC (E)/Park Pl (2,3)/Cortlandt (R,W)",40.71411,-74.00858,678.0,0,43
2024-09-28,624,"Chambers St (A,C)/WTC (E)/Park Pl (2,3)/Cortlandt (R,W)",40.71411,-74.00858,678.0,0,60
2024-09-28,624,"Chambers St (A,C)/WTC (E)/Park Pl (2,3)/Cortlandt (R,W)",40.71411,-74.00858,678.0,0,63
2024-09-28,624,"Chambers St (A,C)/WTC (E)/Park Pl (2,3)/Cortlandt (R,W)",40.71411,-74.00858,678.0,0,54
2024-11-21,624,"Chambers St (A,C)/WTC (E)/Park Pl (2,3)/Cortlandt (R,W)",40.71258,-74.00978,3.0,0,43
2024-11-21,624,"Chambers St (A,C)/WTC (E)/Park Pl (2,3)/Cortlandt (R,W)",40.71258,-74.00978,3.0,0,60
2024-11-21,624,"Chambers St (A,C)/WTC (E)/Park Pl (2,3)/Cortlandt (R,W)",40.71258,-74.00978,3.0,0,63
2024-11-21,624,"Chambers St (A,C)/WTC (E)/Park Pl (2,3)/Cortlandt (R,W)",40.71258,-74.00978,3.0,0,54
2024-11-21,624,"Chambers St (A,C)/WTC (E)/Park Pl (2,3)/Cortlandt (R,W)",40.71411,-74.00858,580.0,0,43
2024-11-21,624,"Chambers St (A,C)/WTC (E)/Park Pl (2,3)/Cortlandt (R,W)",40.71411,-74.00858,580.0,0,60
2024-11-21,624,"Chambers St (A,C)/WTC (E)/Park Pl (2,3)/Cortlandt (R,W)",40.71411,-74.00858,580.0,0,63
2024-11-21,624,"Chambers St (A,C)/WTC (E)/Park Pl (2,3)/Cortlandt (R,W)",40.71411,-74.00858,580.0,0,54
2024-11-22,624,"Chambers St (A,C)/WTC (E)/Park Pl (2,3)/Cortlandt (R,W)",40.71411,-74.00858,3606.0,1,43
2024-11-22,624,"Chambers St (A,C)/WTC (E)/Park Pl (2,3)/Cortlandt (R,W)",40.71411,-74.00858,3606.0,1,60
2024-11-22,624,"Chambers St (A,C)/WTC (E)/Park Pl (2,3)/Cortlandt (R,W)",40.71411,-74.00858,3606.0,1,63
2024-11-22,624,"Chambers St (A,C)/WTC (E)/Park Pl (2,3)/Cortlandt (R,W)",40.71411,-74.00858,3606.0,1,54
2024-12-03,624,"Chambers St (A,C)/WTC (E)/Park Pl (2,3)/Cortlandt (R,W)",40.71258,-74.00978,3.0,0,43
2024-12-03,624,"Chambers St (A,C)/WTC (E)/Park Pl (2,3)/Cortlandt (R,W)",40.71258,-74.00978,3.0,0,60
2024-12-03,624,"Chambers St (A,C)/WTC (E)/Park Pl (2,3)/Cortlandt (R,W)",40.71258,-74.00978,3.0,0,63
2024-12-03,624,"Chambers St (A,C)/WTC (E)/Park Pl (2,3)/Cortlandt (R,W)",40.71258,-74.00978,3.0,0,54
2024-12-03,624,"Chambers St (A,C)/WTC (E)/Park Pl (2,3)/Cortlandt (R,W)",40.71411,-74.00858,797.0,0,43
2024-12-03,624,"Chambers St (A,C)/WTC (E)/Park Pl (2,3)/Cortlandt (R,W)",40.71411,-74.00858,797.0,0,60
2024-12-03,624,"Chambers St (A,C)/WTC (E)/Park Pl (2,3)/Cortlandt (R,W)",40.71411,-74.00858,797.0,0,63
2024-12-03,624,"Chambers St (A,C)/WTC (E)/Park Pl (2,3)/Cortlandt (R,W)",40.71411,-74.00858,797.0,0,54
2024-12-13,624,"Chambers St (A,C)/WTC (E)/Park Pl (2,3)/Cortlandt (R,W)",40.71411,-74.00858,2696.0,1,43
2024-12-13,624,"Chambers St (A,C)/WTC (E)/Park Pl (2,3)/Cortlandt (R,W)",40.71411,-74.00858,2696.0,1,60
2024-12-13,624,"Chambers St (A,C)/WTC (E)/Park Pl (2,3)/Cortlandt (R,W)",40.71411,-74.00858,2696.0,1,63
2024-12-13,624,"Chambers St (A,C)/WTC (E)/Park Pl (2,3)/Cortlandt (R,W)",40.71411,-74.00858,2696.0,1,54
2024-12-26,624,"Chambers St (A,C)/WTC (E)/Park Pl (2,3)/Cortlandt (R,W)",40.71258,-74.00978,13.0,0,43
2024-12-26,624,"Chambers St (A,C)/WTC (E)/Park Pl (2,3)/Cortlandt (R,W)",40.71258,-74.00978,13.0,0,60
2024-12-26,624,"Chambers St (A,C)/WTC (E)/Park Pl (2,3)/Cortlandt (R,W)",40.71258,-74.00978,13.0,0,63
2024-12-26,624,"Chambers St (A,C)/WTC (E)/Park Pl (2,3)/Cortlandt (R,W)",40.71258,-74.00978,13.0,0,54
2024-12-26,624,"Chambers St (A,C)/WTC (E)/Park Pl (2,3)/Cortlandt (R,W)",40.71411,-74.00858,2506.0,1,43
2024-12-26,624,"Chambers St (A,C)/WTC (E)/Park Pl (2,3)/Cortlandt (R,W)",40.71411,-74.00858,2506.0,1,60
2024-12-26,624,"Chambers St (A,C)/WTC (E)/Park Pl (2,3)/Cortlandt (R,W)",40.71411,-74.00858,2506.0,1,63
2024-12-26,624,"Chambers St (A,C)/WTC (E)/Park Pl (2,3)/Cortlandt (R,W)",40.71411,-74.00858,2506.0,1,54
2024-12-31,624,"Chambers St (A,C)/WTC (E)/Park Pl (2,3)/Cortlandt (R,W)",40.71258,-74.00978,1.0,0,43
2024-12-31,624,"Chambers St (A,C)/WTC (E)/Park Pl (2,3)/Cortlandt (R,W)",40.71258,-74.00978,1.0,0,60
2024-12-31,624,"Chambers St (A,C)/WTC (E)/Park Pl (2,3)/Cortlandt (R,W)",40.71258,-74.00978,1.0,0,63
2024-12-31,624,"Chambers St (A,C)/WTC (E)/Park Pl (2,3)/Cortlandt (R,W)",40.71258,-74.00978,1.0,0,54
2024-12-31,624,"Chambers St (A,C)/WTC (E)/Park Pl (2,3)/Cortlandt (R,W)",40.71411,-74.00858,2792.0,1,43
2024-12-31,624,"Chambers St (A,C)/WTC (E)/Park Pl (2,3)/Cortlandt (R,W)",40.71411,-74.00858,2792.0,1,60
2024-12-31,624,"Chambers St (A,C)/WTC (E)/Park Pl (2,3)/Cortlandt (R,W)",40.71411,-74.00858,2792.0,1,63
2024-12-31,624,"Chambers St (A,C)/WTC (E)/Park Pl (2,3)/Cortlandt (R,W)",40.71411,-74.00858,2792.0,1,54
2021-05-21,625,"Delancey St (F)/Essex St (J,M,Z)",40.718613,-73.987434,116.0,0,46
2021-05-21,625,"Delancey St (F)/Essex St (J,M,Z)",40.718613,-73.987434,116.0,0,50
2021-05-21,625,"Delancey St (F)/Essex St (J,M,Z)",40.718613,-73.987434,116.0,0,44
2021-05-26,625,"Delancey St (F)/Essex St (J,M,Z)",40.718613,-73.987434,1692.0,1,46
2021-05-26,625,"Delancey St (F)/Essex St (J,M,Z)",40.718613,-73.987434,1692.0,1,50
2021-05-26,625,"Delancey St (F)/Essex St (J,M,Z)",40.718613,-73.987434,1692.0,1,44
2021-06-10,625,"Delancey St (F)/Essex St (J,M,Z)",40.718613,-73.987434,203.0,0,46
2021-06-10,625,"Delancey St (F)/Essex St (J,M,Z)",40.718613,-73.987434,203.0,0,50
2021-06-10,625,"Delancey St (F)/Essex St (J,M,Z)",40.718613,-73.987434,203.0,0,44
2021-06-21,625,"Delancey St (F)/Essex St (J,M,Z)",40.718613,-73.987434,1317.0,1,46
2021-06-21,625,"Delancey St (F)/Essex St (J,M,Z)",40.718613,-73.987434,1317.0,1,50
2021-06-21,625,"Delancey St (F)/Essex St (J,M,Z)",40.718613,-73.987434,1317.0,1,44
2021-06-30,625,"Delancey St (F)/Essex St (J,M,Z)",40.718613,-73.987434,1382.0,1,46
2021-06-30,625,"Delancey St (F)/Essex St (J,M,Z)",40.718613,-73.987434,1382.0,1,50
2021-06-30,625,"Delancey St (F)/Essex St (J,M,Z)",40.718613,-73.987434,1382.0,1,44
2021-08-25,625,"Delancey St (F)/Essex St (J,M,Z)",40.718613,-73.987434,471.0,0,46
2021-08-25,625,"Delancey St (F)/Essex St (J,M,Z)",40.718613,-73.987434,471.0,0,50
2021-08-25,625,"Delancey St (F)/Essex St (J,M,Z)",40.718613,-73.987434,471.0,0,44
2021-10-26,625,"Delancey St (F)/Essex St (J,M,Z)",40.718613,-73.987434,3051.0,1,46
2021-10-26,625,"Delancey St (F)/Essex St (J,M,Z)",40.718613,-73.987434,3051.0,1,50
2021-10-26,625,"Delancey St (F)/Essex St (J,M,Z)",40.718613,-73.987434,3051.0,1,44
2021-10-27,625,"Delancey St (F)/Essex St (J,M,Z)",40.718613,-73.987434,107.0,0,46
2021-10-27,625,"Delancey St (F)/Essex St (J,M,Z)",40.718613,-73.987434,107.0,0,50
2021-10-27,625,"Delancey St (F)/Essex St (J,M,Z)",40.718613,-73.987434,107.0,0,44
2021-11-17,625,"Delancey St (F)/Essex St (J,M,Z)",40.718613,-73.987434,460.0,0,46
2021-11-17,625,"Delancey St (F)/Essex St (J,M,Z)",40.718613,-73.987434,460.0,0,50
2021-11-17,625,"Delancey St (F)/Essex St (J,M,Z)",40.718613,-73.987434,460.0,0,44
2021-11-18,625,"Delancey St (F)/Essex St (J,M,Z)",40.718613,-73.987434,3306.0,1,46
2021-11-18,625,"Delancey St (F)/Essex St (J,M,Z)",40.718613,-73.987434,3306.0,1,50
2021-11-18,625,"Delancey St (F)/Essex St (J,M,Z)",40.718613,-73.987434,3306.0,1,44
2021-12-02,625,"Delancey St (F)/Essex St (J,M,Z)",40.718613,-73.987434,66.0,0,46
2021-12-02,625,"Delancey St (F)/Essex St (J,M,Z)",40.718613,-73.987434,66.0,0,50
2021-12-02,625,"Delancey St (F)/Essex St (J,M,Z)",40.718613,-73.987434,66.0,0,44
2021-12-16,625,"Delancey St (F)/Essex St (J,M,Z)",40.718613,-73.987434,198.0,0,46
2021-12-16,625,"Delancey St (F)/Essex St (J,M,Z)",40.718613,-73.987434,198.0,0,50
2021-12-16,625,"Delancey St (F)/Essex St (J,M,Z)",40.718613,-73.987434,198.0,0,44
2021-12-22,625,"Delancey St (F)/Essex St (J,M,Z)",40.718613,-73.987434,569.0,0,46
2021-12-22,625,"Delancey St (F)/Essex St (J,M,Z)",40.718613,-73.987434,569.0,0,50
2021-12-22,625,"Delancey St (F)/Essex St (J,M,Z)",40.718613,-73.987434,569.0,0,44
2022-01-04,625,"Delancey St (F)/Essex St (J,M,Z)",40.718613,-73.987434,773.0,0,46
2022-01-04,625,"Delancey St (F)/Essex St (J,M,Z)",40.718613,-73.987434,773.0,0,50
2022-01-04,625,"Delancey St (F)/Essex St (J,M,Z)",40.718613,-73.987434,773.0,0,44
2022-01-26,625,"Delancey St (F)/Essex St (J,M,Z)",40.718613,-73.987434,1503.0,1,46
2022-01-26,625,"Delancey St (F)/Essex St (J,M,Z)",40.718613,-73.987434,1503.0,1,50
2022-01-26,625,"Delancey St (F)/Essex St (J,M,Z)",40.718613,-73.987434,1503.0,1,44
2022-02-07,625,"Delancey St (F)/Essex St (J,M,Z)",40.718613,-73.987434,1481.0,1,46
2022-02-07,625,"Delancey St (F)/Essex St (J,M,Z)",40.718613,-73.987434,1481.0,1,50
2022-02-07,625,"Delancey St (F)/Essex St (J,M,Z)",40.718613,-73.987434,1481.0,1,44
2022-02-08,625,"Delancey St (F)/Essex St (J,M,Z)",40.718613,-73.987434,1957.0,1,46
2022-02-08,625,"Delancey St (F)/Essex St (J,M,Z)",40.718613,-73.987434,1957.0,1,50
2022-02-08,625,"Delancey St (F)/Essex St (J,M,Z)",40.718613,-73.987434,1957.0,1,44
2022-02-09,625,"Delancey St (F)/Essex St (J,M,Z)",40.718613,-73.987434,2174.0,1,46
2022-02-09,625,"Delancey St (F)/Essex St (J,M,Z)",40.718613,-73.987434,2174.0,1,50
2022-02-09,625,"Delancey St (F)/Essex St (J,M,Z)",40.718613,-73.987434,2174.0,1,44
2022-02-10,625,"Delancey St (F)/Essex St (J,M,Z)",40.718613,-73.987434,334.0,0,46
2022-02-10,625,"Delancey St (F)/Essex St (J,M,Z)",40.718613,-73.987434,334.0,0,50
2022-02-10,625,"Delancey St (F)/Essex St (J,M,Z)",40.718613,-73.987434,334.0,0,44
2022-02-18,625,"Delancey St (F)/Essex St (J,M,Z)",40.718613,-73.987434,2428.0,1,46
2022-02-18,625,"Delancey St (F)/Essex St (J,M,Z)",40.718613,-73.987434,2428.0,1,50
2022-02-18,625,"Delancey St (F)/Essex St (J,M,Z)",40.718613,-73.987434,2428.0,1,44
2022-03-02,625,"Delancey St (F)/Essex St (J,M,Z)",40.718613,-73.987434,1936.0,1,46
2022-03-02,625,"Delancey St (F)/Essex St (J,M,Z)",40.718613,-73.987434,1936.0,1,50
2022-03-02,625,"Delancey St (F)/Essex St (J,M,Z)",40.718613,-73.987434,1936.0,1,44
2022-03-08,625,"Delancey St (F)/Essex St (J,M,Z)",40.718613,-73.987434,3206.0,1,46
2022-03-08,625,"Delancey St (F)/Essex St (J,M,Z)",40.718613,-73.987434,3206.0,1,50
2022-03-08,625,"Delancey St (F)/Essex St (J,M,Z)",40.718613,-73.987434,3206.0,1,44
2022-03-15,625,"Delancey St (F)/Essex St (J,M,Z)",40.718613,-73.987434,3520.0,1,46
2022-03-15,625,"Delancey St (F)/Essex St (J,M,Z)",40.718613,-73.987434,3520.0,1,50
2022-03-15,625,"Delancey St (F)/Essex St (J,M,Z)",40.718613,-73.987434,3520.0,1,44
2022-03-29,625,"Delancey St (F)/Essex St (J,M,Z)",40.718613,-73.987434,2822.0,1,46
2022-03-29,625,"Delancey St (F)/Essex St (J,M,Z)",40.718613,-73.987434,2822.0,1,50
2022-03-29,625,"Delancey St (F)/Essex St (J,M,Z)",40.718613,-73.987434,2822.0,1,44
2022-04-07,625,"Delancey St (F)/Essex St (J,M,Z)",40.718613,-73.987434,700.0,0,46
2022-04-07,625,"Delancey St (F)/Essex St (J,M,Z)",40.718613,-73.987434,700.0,0,50
2022-04-07,625,"Delancey St (F)/Essex St (J,M,Z)",40.718613,-73.987434,700.0,0,44
2022-04-20,625,"Delancey St (F)/Essex St (J,M,Z)",40.718613,-73.987434,29.0,0,46
2022-04-20,625,"Delancey St (F)/Essex St (J,M,Z)",40.718613,-73.987434,29.0,0,50
2022-04-20,625,"Delancey St (F)/Essex St (J,M,Z)",40.718613,-73.987434,29.0,0,44
2022-04-21,625,"Delancey St (F)/Essex St (J,M,Z)",40.718613,-73.987434,370.0,0,46
2022-04-21,625,"Delancey St (F)/Essex St (J,M,Z)",40.718613,-73.987434,370.0,0,50
2022-04-21,625,"Delancey St (F)/Essex St (J,M,Z)",40.718613,-73.987434,370.0,0,44
2022-04-27,625,"Delancey St (F)/Essex St (J,M,Z)",40.718613,-73.987434,2615.0,1,46
2022-04-27,625,"Delancey St (F)/Essex St (J,M,Z)",40.718613,-73.987434,2615.0,1,50
2022-04-27,625,"Delancey St (F)/Essex St (J,M,Z)",40.718613,-73.987434,2615.0,1,44
2022-05-31,625,"Delancey St (F)/Essex St (J,M,Z)",40.718613,-73.987434,825.0,0,46
2022-05-31,625,"Delancey St (F)/Essex St (J,M,Z)",40.718613,-73.987434,825.0,0,50
2022-05-31,625,"Delancey St (F)/Essex St (J,M,Z)",40.718613,-73.987434,825.0,0,44
2022-06-01,625,"Delancey St (F)/Essex St (J,M,Z)",40.718613,-73.987434,3803.0,1,46
2022-06-01,625,"Delancey St (F)/Essex St (J,M,Z)",40.718613,-73.987434,3803.0,1,50
2022-06-01,625,"Delancey St (F)/Essex St (J,M,Z)",40.718613,-73.987434,3803.0,1,44
2022-07-18,625,"Delancey St (F)/Essex St (J,M,Z)",40.718613,-73.98811,5.0,0,46
2022-07-18,625,"Delancey St (F)/Essex St (J,M,Z)",40.718613,-73.98811,5.0,0,50
2022-07-18,625,"Delancey St (F)/Essex St (J,M,Z)",40.718613,-73.98811,5.0,0,44
2022-07-18,625,"Delancey St (F)/Essex St (J,M,Z)",40.718613,-73.987434,2311.0,1,46
2022-07-18,625,"Delancey St (F)/Essex St (J,M,Z)",40.718613,-73.987434,2311.0,1,50
2022-07-18,625,"Delancey St (F)/Essex St (J,M,Z)",40.718613,-73.987434,2311.0,1,44
2022-08-05,625,"Delancey St (F)/Essex St (J,M,Z)",40.718613,-73.987434,427.0,0,46
2022-08-05,625,"Delancey St (F)/Essex St (J,M,Z)",40.718613,-73.987434,427.0,0,50
2022-08-05,625,"Delancey St (F)/Essex St (J,M,Z)",40.718613,-73.987434,427.0,0,44
2022-08-08,625,"Delancey St (F)/Essex St (J,M,Z)",40.718613,-73.987434,242.0,0,46
2022-08-08,625,"Delancey St (F)/Essex St (J,M,Z)",40.718613,-73.987434,242.0,0,50
2022-08-08,625,"Delancey St (F)/Essex St (J,M,Z)",40.718613,-73.987434,242.0,0,44
2022-08-09,625,"Delancey St (F)/Essex St (J,M,Z)",40.718613,-73.987434,2929.0,1,46
2022-08-09,625,"Delancey St (F)/Essex St (J,M,Z)",40.718613,-73.987434,2929.0,1,50
2022-08-09,625,"Delancey St (F)/Essex St (J,M,Z)",40.718613,-73.987434,2929.0,1,44
2022-08-30,625,"Delancey St (F)/Essex St (J,M,Z)",40.718613,-73.98811,4.0,0,46
2022-08-30,625,"Delancey St (F)/Essex St (J,M,Z)",40.718613,-73.98811,4.0,0,50
2022-08-30,625,"Delancey St (F)/Essex St (J,M,Z)",40.718613,-73.98811,4.0,0,44
2022-08-30,625,"Delancey St (F)/Essex St (J,M,Z)",40.718613,-73.987434,856.0,0,46
2022-08-30,625,"Delancey St (F)/Essex St (J,M,Z)",40.718613,-73.987434,856.0,0,50
2022-08-30,625,"Delancey St (F)/Essex St (J,M,Z)",40.718613,-73.987434,856.0,0,44
2022-09-13,625,"Delancey St (F)/Essex St (J,M,Z)",40.718613,-73.98811,8.0,0,46
2022-09-13,625,"Delancey St (F)/Essex St (J,M,Z)",40.718613,-73.98811,8.0,0,50
2022-09-13,625,"Delancey St (F)/Essex St (J,M,Z)",40.718613,-73.98811,8.0,0,44
2022-09-13,625,"Delancey St (F)/Essex St (J,M,Z)",40.718613,-73.987434,2236.0,1,46
2022-09-13,625,"Delancey St (F)/Essex St (J,M,Z)",40.718613,-73.987434,2236.0,1,50
2022-09-13,625,"Delancey St (F)/Essex St (J,M,Z)",40.718613,-73.987434,2236.0,1,44
2023-06-14,625,"Delancey St (F)/Essex St (J,M,Z)",40.718315,-73.987434,2.0,0,46
2023-06-14,625,"Delancey St (F)/Essex St (J,M,Z)",40.718315,-73.987434,2.0,0,50
2023-06-14,625,"Delancey St (F)/Essex St (J,M,Z)",40.718315,-73.987434,2.0,0,44
2023-06-14,625,"Delancey St (F)/Essex St (J,M,Z)",40.718613,-73.987434,979.0,0,46
2023-06-14,625,"Delancey St (F)/Essex St (J,M,Z)",40.718613,-73.987434,979.0,0,50
2023-06-14,625,"Delancey St (F)/Essex St (J,M,Z)",40.718613,-73.987434,979.0,0,44
2023-09-27,625,"Delancey St (F)/Essex St (J,M,Z)",40.718613,-73.987434,3193.0,1,46
2023-09-27,625,"Delancey St (F)/Essex St (J,M,Z)",40.718613,-73.987434,3193.0,1,50
2023-09-27,625,"Delancey St (F)/Essex St (J,M,Z)",40.718613,-73.987434,3193.0,1,44
2023-10-04,625,"Delancey St (F)/Essex St (J,M,Z)",40.718613,-73.987434,968.0,0,46
2023-10-04,625,"Delancey St (F)/Essex St (J,M,Z)",40.718613,-73.987434,968.0,0,50
2023-10-04,625,"Delancey St (F)/Essex St (J,M,Z)",40.718613,-73.987434,968.0,0,44
2023-10-17,625,"Delancey St (F)/Essex St (J,M,Z)",40.718315,-73.987434,1.0,0,46
2023-10-17,625,"Delancey St (F)/Essex St (J,M,Z)",40.718315,-73.987434,1.0,0,50
2023-10-17,625,"Delancey St (F)/Essex St (J,M,Z)",40.718315,-73.987434,1.0,0,44
2023-10-17,625,"Delancey St (F)/Essex St (J,M,Z)",40.718613,-73.987434,3347.0,1,46
2023-10-17,625,"Delancey St (F)/Essex St (J,M,Z)",40.718613,-73.987434,3347.0,1,50
2023-10-17,625,"Delancey St (F)/Essex St (J,M,Z)",40.718613,-73.987434,3347.0,1,44
2023-11-02,625,"Delancey St (F)/Essex St (J,M,Z)",40.718613,-73.987434,974.0,0,46
2023-11-02,625,"Delancey St (F)/Essex St (J,M,Z)",40.718613,-73.987434,974.0,0,50
2023-11-02,625,"Delancey St (F)/Essex St (J,M,Z)",40.718613,-73.987434,974.0,0,44
2023-11-03,625,"Delancey St (F)/Essex St (J,M,Z)",40.718613,-73.987434,1473.0,1,46
2023-11-03,625,"Delancey St (F)/Essex St (J,M,Z)",40.718613,-73.987434,1473.0,1,50
2023-11-03,625,"Delancey St (F)/Essex St (J,M,Z)",40.718613,-73.987434,1473.0,1,44
2023-11-08,625,"Delancey St (F)/Essex St (J,M,Z)",40.718315,-73.987434,2.0,0,46
2023-11-08,625,"Delancey St (F)/Essex St (J,M,Z)",40.718315,-73.987434,2.0,0,50
2023-11-08,625,"Delancey St (F)/Essex St (J,M,Z)",40.718315,-73.987434,2.0,0,44
2023-11-08,625,"Delancey St (F)/Essex St (J,M,Z)",40.718613,-73.98811,1.0,0,46
2023-11-08,625,"Delancey St (F)/Essex St (J,M,Z)",40.718613,-73.98811,1.0,0,50
2023-11-08,625,"Delancey St (F)/Essex St (J,M,Z)",40.718613,-73.98811,1.0,0,44
2023-11-08,625,"Delancey St (F)/Essex St (J,M,Z)",40.718613,-73.987434,3676.0,1,46
2023-11-08,625,"Delancey St (F)/Essex St (J,M,Z)",40.718613,-73.987434,3676.0,1,50
2023-11-08,625,"Delancey St (F)/Essex St (J,M,Z)",40.718613,-73.987434,3676.0,1,44
2023-11-23,625,"Delancey St (F)/Essex St (J,M,Z)",40.718613,-73.987434,37.0,0,46
2023-11-23,625,"Delancey St (F)/Essex St (J,M,Z)",40.718613,-73.987434,37.0,0,50
2023-11-23,625,"Delancey St (F)/Essex St (J,M,Z)",40.718613,-73.987434,37.0,0,44
2024-01-15,625,"Delancey St (F)/Essex St (J,M,Z)",40.718315,-73.987434,1.0,0,46
2024-01-15,625,"Delancey St (F)/Essex St (J,M,Z)",40.718315,-73.987434,1.0,0,50
2024-01-15,625,"Delancey St (F)/Essex St (J,M,Z)",40.718315,-73.987434,1.0,0,44
2024-01-15,625,"Delancey St (F)/Essex St (J,M,Z)",40.718613,-73.987434,727.0,0,46
2024-01-15,625,"Delancey St (F)/Essex St (J,M,Z)",40.718613,-73.987434,727.0,0,50
2024-01-15,625,"Delancey St (F)/Essex St (J,M,Z)",40.718613,-73.987434,727.0,0,44
2024-02-29,625,"Delancey St (F)/Essex St (J,M,Z)",40.718613,-73.987434,2300.0,1,46
2024-02-29,625,"Delancey St (F)/Essex St (J,M,Z)",40.718613,-73.987434,2300.0,1,50
2024-02-29,625,"Delancey St (F)/Essex St (J,M,Z)",40.718613,-73.987434,2300.0,1,44
2024-03-05,625,"Delancey St (F)/Essex St (J,M,Z)",40.718613,-73.987434,4468.0,1,46
2024-03-05,625,"Delancey St (F)/Essex St (J,M,Z)",40.718613,-73.987434,4468.0,1,50
2024-03-05,625,"Delancey St (F)/Essex St (J,M,Z)",40.718613,-73.987434,4468.0,1,44
2024-04-05,625,"Delancey St (F)/Essex St (J,M,Z)",40.718315,-73.987434,1.0,0,46
2024-04-05,625,"Delancey St (F)/Essex St (J,M,Z)",40.718315,-73.987434,1.0,0,50
2024-04-05,625,"Delancey St (F)/Essex St (J,M,Z)",40.718315,-73.987434,1.0,0,44
2024-04-05,625,"Delancey St (F)/Essex St (J,M,Z)",40.718613,-73.987434,1378.0,1,46
2024-04-05,625,"Delancey St (F)/Essex St (J,M,Z)",40.718613,-73.987434,1378.0,1,50
2024-04-05,625,"Delancey St (F)/Essex St (J,M,Z)",40.718613,-73.987434,1378.0,1,44
2024-04-16,625,"Delancey St (F)/Essex St (J,M,Z)",40.718613,-73.987434,179.0,0,46
2024-04-16,625,"Delancey St (F)/Essex St (J,M,Z)",40.718613,-73.987434,179.0,0,50
2024-04-16,625,"Delancey St (F)/Essex St (J,M,Z)",40.718613,-73.987434,179.0,0,44
2024-05-03,625,"Delancey St (F)/Essex St (J,M,Z)",40.718613,-73.98811,5.0,0,46
2024-05-03,625,"Delancey St (F)/Essex St (J,M,Z)",40.718613,-73.98811,5.0,0,50
2024-05-03,625,"Delancey St (F)/Essex St (J,M,Z)",40.718613,-73.98811,5.0,0,44
2024-05-03,625,"Delancey St (F)/Essex St (J,M,Z)",40.718613,-73.987434,352.0,0,46
2024-05-03,625,"Delancey St (F)/Essex St (J,M,Z)",40.718613,-73.987434,352.0,0,50
2024-05-03,625,"Delancey St (F)/Essex St (J,M,Z)",40.718613,-73.987434,352.0,0,44
2024-05-07,625,"Delancey St (F)/Essex St (J,M,Z)",40.718613,-73.987434,2463.0,1,46
2024-05-07,625,"Delancey St (F)/Essex St (J,M,Z)",40.718613,-73.987434,2463.0,1,50
2024-05-07,625,"Delancey St (F)/Essex St (J,M,Z)",40.718613,-73.987434,2463.0,1,44
2024-05-17,625,"Delancey St (F)/Essex St (J,M,Z)",40.718613,-73.987434,81.0,0,46
2024-05-17,625,"Delancey St (F)/Essex St (J,M,Z)",40.718613,-73.987434,81.0,0,50
2024-05-17,625,"Delancey St (F)/Essex St (J,M,Z)",40.718613,-73.987434,81.0,0,44
2024-05-24,625,"Delancey St (F)/Essex St (J,M,Z)",40.718613,-73.987434,1767.0,1,46
2024-05-24,625,"Delancey St (F)/Essex St (J,M,Z)",40.718613,-73.987434,1767.0,1,50
2024-05-24,625,"Delancey St (F)/Essex St (J,M,Z)",40.718613,-73.987434,1767.0,1,44
2024-05-31,625,"Delancey St (F)/Essex St (J,M,Z)",40.718613,-73.98811,6.0,0,46
2024-05-31,625,"Delancey St (F)/Essex St (J,M,Z)",40.718613,-73.98811,6.0,0,50
2024-05-31,625,"Delancey St (F)/Essex St (J,M,Z)",40.718613,-73.98811,6.0,0,44
2024-05-31,625,"Delancey St (F)/Essex St (J,M,Z)",40.718613,-73.987434,2286.0,1,46
2024-05-31,625,"Delancey St (F)/Essex St (J,M,Z)",40.718613,-73.987434,2286.0,1,50
2024-05-31,625,"Delancey St (F)/Essex St (J,M,Z)",40.718613,-73.987434,2286.0,1,44
2024-06-03,625,"Delancey St (F)/Essex St (J,M,Z)",40.718315,-73.987434,1.0,0,46
2024-06-03,625,"Delancey St (F)/Essex St (J,M,Z)",40.718315,-73.987434,1.0,0,50
2024-06-03,625,"Delancey St (F)/Essex St (J,M,Z)",40.718315,-73.987434,1.0,0,44
2024-06-03,625,"Delancey St (F)/Essex St (J,M,Z)",40.718613,-73.987434,3565.0,1,46
2024-06-03,625,"Delancey St (F)/Essex St (J,M,Z)",40.718613,-73.987434,3565.0,1,50
2024-06-03,625,"Delancey St (F)/Essex St (J,M,Z)",40.718613,-73.987434,3565.0,1,44
2024-06-13,625,"Delancey St (F)/Essex St (J,M,Z)",40.718613,-73.987434,2013.0,1,46
2024-06-13,625,"Delancey St (F)/Essex St (J,M,Z)",40.718613,-73.987434,2013.0,1,50
2024-06-13,625,"Delancey St (F)/Essex St (J,M,Z)",40.718613,-73.987434,2013.0,1,44
2024-06-18,625,"Delancey St (F)/Essex St (J,M,Z)",40.718613,-73.987434,336.0,0,46
2024-06-18,625,"Delancey St (F)/Essex St (J,M,Z)",40.718613,-73.987434,336.0,0,50
2024-06-18,625,"Delancey St (F)/Essex St (J,M,Z)",40.718613,-73.987434,336.0,0,44
2024-06-20,625,"Delancey St (F)/Essex St (J,M,Z)",40.718613,-73.987434,559.0,0,46
2024-06-20,625,"Delancey St (F)/Essex St (J,M,Z)",40.718613,-73.987434,559.0,0,50
2024-06-20,625,"Delancey St (F)/Essex St (J,M,Z)",40.718613,-73.987434,559.0,0,44
2024-06-21,625,"Delancey St (F)/Essex St (J,M,Z)",40.718613,-73.98811,1.0,0,46
2024-06-21,625,"Delancey St (F)/Essex St (J,M,Z)",40.718613,-73.98811,1.0,0,50
2024-06-21,625,"Delancey St (F)/Essex St (J,M,Z)",40.718613,-73.98811,1.0,0,44
2024-06-21,625,"Delancey St (F)/Essex St (J,M,Z)",40.718613,-73.987434,2914.0,1,46
2024-06-21,625,"Delancey St (F)/Essex St (J,M,Z)",40.718613,-73.987434,2914.0,1,50
2024-06-21,625,"Delancey St (F)/Essex St (J,M,Z)",40.718613,-73.987434,2914.0,1,44
2024-06-28,625,"Delancey St (F)/Essex St (J,M,Z)",40.718315,-73.987434,3.0,0,46
2024-06-28,625,"Delancey St (F)/Essex St (J,M,Z)",40.718315,-73.987434,3.0,0,50
2024-06-28,625,"Delancey St (F)/Essex St (J,M,Z)",40.718315,-73.987434,3.0,0,44
2024-06-28,625,"Delancey St (F)/Essex St (J,M,Z)",40.718613,-73.987434,503.0,0,46
2024-06-28,625,"Delancey St (F)/Essex St (J,M,Z)",40.718613,-73.987434,503.0,0,50
2024-06-28,625,"Delancey St (F)/Essex St (J,M,Z)",40.718613,-73.987434,503.0,0,44
2024-08-28,625,"Delancey St (F)/Essex St (J,M,Z)",40.718315,-73.987434,6.0,0,46
2024-08-28,625,"Delancey St (F)/Essex St (J,M,Z)",40.718315,-73.987434,6.0,0,50
2024-08-28,625,"Delancey St (F)/Essex St (J,M,Z)",40.718315,-73.987434,6.0,0,44
2024-08-28,625,"Delancey St (F)/Essex St (J,M,Z)",40.718613,-73.98811,9.0,0,46
2024-08-28,625,"Delancey St (F)/Essex St (J,M,Z)",40.718613,-73.98811,9.0,0,50
2024-08-28,625,"Delancey St (F)/Essex St (J,M,Z)",40.718613,-73.98811,9.0,0,44
2024-08-28,625,"Delancey St (F)/Essex St (J,M,Z)",40.718613,-73.987434,1763.0,1,46
2024-08-28,625,"Delancey St (F)/Essex St (J,M,Z)",40.718613,-73.987434,1763.0,1,50
2024-08-28,625,"Delancey St (F)/Essex St (J,M,Z)",40.718613,-73.987434,1763.0,1,44
2024-08-29,625,"Delancey St (F)/Essex St (J,M,Z)",40.718613,-73.987434,39.0,0,46
2024-08-29,625,"Delancey St (F)/Essex St (J,M,Z)",40.718613,-73.987434,39.0,0,50
2024-08-29,625,"Delancey St (F)/Essex St (J,M,Z)",40.718613,-73.987434,39.0,0,44
2024-09-04,625,"Delancey St (F)/Essex St (J,M,Z)",40.718315,-73.987434,6.0,0,46
2024-09-04,625,"Delancey St (F)/Essex St (J,M,Z)",40.718315,-73.987434,6.0,0,50
2024-09-04,625,"Delancey St (F)/Essex St (J,M,Z)",40.718315,-73.987434,6.0,0,44
2024-09-04,625,"Delancey St (F)/Essex St (J,M,Z)",40.718613,-73.98811,5.0,0,46
2024-09-04,625,"Delancey St (F)/Essex St (J,M,Z)",40.718613,-73.98811,5.0,0,50
2024-09-04,625,"Delancey St (F)/Essex St (J,M,Z)",40.718613,-73.98811,5.0,0,44
2024-09-04,625,"Delancey St (F)/Essex St (J,M,Z)",40.718613,-73.987434,3423.0,1,46
2024-09-04,625,"Delancey St (F)/Essex St (J,M,Z)",40.718613,-73.987434,3423.0,1,50
2024-09-04,625,"Delancey St (F)/Essex St (J,M,Z)",40.718613,-73.987434,3423.0,1,44
2024-09-05,625,"Delancey St (F)/Essex St (J,M,Z)",40.718315,-73.987434,3.0,0,46
2024-09-05,625,"Delancey St (F)/Essex St (J,M,Z)",40.718315,-73.987434,3.0,0,50
2024-09-05,625,"Delancey St (F)/Essex St (J,M,Z)",40.718315,-73.987434,3.0,0,44
2024-09-05,625,"Delancey St (F)/Essex St (J,M,Z)",40.718613,-73.987434,2927.0,1,46
2024-09-05,625,"Delancey St (F)/Essex St (J,M,Z)",40.718613,-73.987434,2927.0,1,50
2024-09-05,625,"Delancey St (F)/Essex St (J,M,Z)",40.718613,-73.987434,2927.0,1,44
2024-09-13,625,"Delancey St (F)/Essex St (J,M,Z)",40.718613,-73.98811,3.0,0,46
2024-09-13,625,"Delancey St (F)/Essex St (J,M,Z)",40.718613,-73.98811,3.0,0,50
2024-09-13,625,"Delancey St (F)/Essex St (J,M,Z)",40.718613,-73.98811,3.0,0,44
2024-09-13,625,"Delancey St (F)/Essex St (J,M,Z)",40.718613,-73.987434,2200.0,1,46
2024-09-13,625,"Delancey St (F)/Essex St (J,M,Z)",40.718613,-73.987434,2200.0,1,50
2024-09-13,625,"Delancey St (F)/Essex St (J,M,Z)",40.718613,-73.987434,2200.0,1,44
2024-09-28,625,"Delancey St (F)/Essex St (J,M,Z)",40.718315,-73.987434,1.0,0,46
2024-09-28,625,"Delancey St (F)/Essex St (J,M,Z)",40.718315,-73.987434,1.0,0,50
2024-09-28,625,"Delancey St (F)/Essex St (J,M,Z)",40.718315,-73.987434,1.0,0,44
2024-09-28,625,"Delancey St (F)/Essex St (J,M,Z)",40.718613,-73.987434,347.0,0,46
2024-09-28,625,"Delancey St (F)/Essex St (J,M,Z)",40.718613,-73.987434,347.0,0,50
2024-09-28,625,"Delancey St (F)/Essex St (J,M,Z)",40.718613,-73.987434,347.0,0,44
2024-11-16,625,"Delancey St (F)/Essex St (J,M,Z)",40.718613,-73.987434,28.0,0,46
2024-11-16,625,"Delancey St (F)/Essex St (J,M,Z)",40.718613,-73.987434,28.0,0,50
2024-11-16,625,"Delancey St (F)/Essex St (J,M,Z)",40.718613,-73.987434,28.0,0,44
2024-11-21,625,"Delancey St (F)/Essex St (J,M,Z)",40.718613,-73.987434,2148.0,1,46
2024-11-21,625,"Delancey St (F)/Essex St (J,M,Z)",40.718613,-73.987434,2148.0,1,50
2024-11-21,625,"Delancey St (F)/Essex St (J,M,Z)",40.718613,-73.987434,2148.0,1,44
2024-11-22,625,"Delancey St (F)/Essex St (J,M,Z)",40.718315,-73.987434,4.0,0,46
2024-11-22,625,"Delancey St (F)/Essex St (J,M,Z)",40.718315,-73.987434,4.0,0,50
2024-11-22,625,"Delancey St (F)/Essex St (J,M,Z)",40.718315,-73.987434,4.0,0,44
2024-11-22,625,"Delancey St (F)/Essex St (J,M,Z)",40.718613,-73.987434,965.0,0,46
2024-11-22,625,"Delancey St (F)/Essex St (J,M,Z)",40.718613,-73.987434,965.0,0,50
2024-11-22,625,"Delancey St (F)/Essex St (J,M,Z)",40.718613,-73.987434,965.0,0,44
2024-12-03,625,"Delancey St (F)/Essex St (J,M,Z)",40.718613,-73.987434,1362.0,1,46
2024-12-03,625,"Delancey St (F)/Essex St (J,M,Z)",40.718613,-73.987434,1362.0,1,50
2024-12-03,625,"Delancey St (F)/Essex St (J,M,Z)",40.718613,-73.987434,1362.0,1,44
2024-12-13,625,"Delancey St (F)/Essex St (J,M,Z)",40.718315,-73.987434,1.0,0,46
2024-12-13,625,"Delancey St (F)/Essex St (J,M,Z)",40.718315,-73.987434,1.0,0,50
2024-12-13,625,"Delancey St (F)/Essex St (J,M,Z)",40.718315,-73.987434,1.0,0,44
2024-12-13,625,"Delancey St (F)/Essex St (J,M,Z)",40.718613,-73.98811,1.0,0,46
2024-12-13,625,"Delancey St (F)/Essex St (J,M,Z)",40.718613,-73.98811,1.0,0,50
2024-12-13,625,"Delancey St (F)/Essex St (J,M,Z)",40.718613,-73.98811,1.0,0,44
2024-12-13,625,"Delancey St (F)/Essex St (J,M,Z)",40.718613,-73.987434,2346.0,1,46
2024-12-13,625,"Delancey St (F)/Essex St (J,M,Z)",40.718613,-73.987434,2346.0,1,50
2024-12-13,625,"Delancey St (F)/Essex St (J,M,Z)",40.718613,-73.987434,2346.0,1,44
2024-12-26,625,"Delancey St (F)/Essex St (J,M,Z)",40.718315,-73.987434,5.0,0,46
2024-12-26,625,"Delancey St (F)/Essex St (J,M,Z)",40.718315,-73.987434,5.0,0,50
2024-12-26,625,"Delancey St (F)/Essex St (J,M,Z)",40.718315,-73.987434,5.0,0,44
2024-12-26,625,"Delancey St (F)/Essex St (J,M,Z)",40.718613,-73.98811,1.0,0,46
2024-12-26,625,"Delancey St (F)/Essex St (J,M,Z)",40.718613,-73.98811,1.0,0,50
2024-12-26,625,"Delancey St (F)/Essex St (J,M,Z)",40.718613,-73.98811,1.0,0,44
2024-12-26,625,"Delancey St (F)/Essex St (J,M,Z)",40.718613,-73.987434,1313.0,1,46
2024-12-26,625,"Delancey St (F)/Essex St (J,M,Z)",40.718613,-73.987434,1313.0,1,50
2024-12-26,625,"Delancey St (F)/Essex St (J,M,Z)",40.718613,-73.987434,1313.0,1,44
2024-12-31,625,"Delancey St (F)/Essex St (J,M,Z)",40.718613,-73.98811,1.0,0,46
2024-12-31,625,"Delancey St (F)/Essex St (J,M,Z)",40.718613,-73.98811,1.0,0,50
2024-12-31,625,"Delancey St (F)/Essex St (J,M,Z)",40.718613,-73.98811,1.0,0,44
2024-12-31,625,"Delancey St (F)/Essex St (J,M,Z)",40.718613,-73.987434,1042.0,0,46
2024-12-31,625,"Delancey St (F)/Essex St (J,M,Z)",40.718613,-73.987434,1042.0,0,50
2024-12-31,625,"Delancey St (F)/Essex St (J,M,Z)",40.718613,-73.987434,1042.0,0,44
2021-05-21,628,"Fulton St (A,C,J,Z,2,3,4,5)",40.710373,-74.00657,1206.0,1,44
2021-05-21,628,"Fulton St (A,C,J,Z,2,3,4,5)",40.710373,-74.00657,1206.0,1,42
2021-05-21,628,"Fulton St (A,C,J,Z,2,3,4,5)",40.710373,-74.00657,1206.0,1,44
2021-05-21,628,"Fulton St (A,C,J,Z,2,3,4,5)",40.710373,-74.00657,1206.0,1,46
2021-05-21,628,"Fulton St (A,C,J,Z,2,3,4,5)",40.710373,-74.00657,1206.0,1,57
2021-05-21,628,"Fulton St (A,C,J,Z,2,3,4,5)",40.710373,-74.00657,1206.0,1,46
2021-05-21,628,"Fulton St (A,C,J,Z,2,3,4,5)",40.710373,-74.00657,1206.0,1,47
2021-05-21,628,"Fulton St (A,C,J,Z,2,3,4,5)",40.710373,-74.00657,1206.0,1,46
2021-05-26,628,"Fulton St (A,C,J,Z,2,3,4,5)",40.710197,-74.00657,19.0,0,44
2021-05-26,628,"Fulton St (A,C,J,Z,2,3,4,5)",40.710197,-74.00657,19.0,0,42
2021-05-26,628,"Fulton St (A,C,J,Z,2,3,4,5)",40.710197,-74.00657,19.0,0,44
2021-05-26,628,"Fulton St (A,C,J,Z,2,3,4,5)",40.710197,-74.00657,19.0,0,46
2021-05-26,628,"Fulton St (A,C,J,Z,2,3,4,5)",40.710197,-74.00657,19.0,0,57
2021-05-26,628,"Fulton St (A,C,J,Z,2,3,4,5)",40.710197,-74.00657,19.0,0,46
2021-05-26,628,"Fulton St (A,C,J,Z,2,3,4,5)",40.710197,-74.00657,19.0,0,47
2021-05-26,628,"Fulton St (A,C,J,Z,2,3,4,5)",40.710197,-74.00657,19.0,0,46
2021-05-26,628,"Fulton St (A,C,J,Z,2,3,4,5)",40.71037,-74.00657,69.0,0,44
2021-05-26,628,"Fulton St (A,C,J,Z,2,3,4,5)",40.71037,-74.00657,69.0,0,42
2021-05-26,628,"Fulton St (A,C,J,Z,2,3,4,5)",40.71037,-74.00657,69.0,0,44
2021-05-26,628,"Fulton St (A,C,J,Z,2,3,4,5)",40.71037,-74.00657,69.0,0,46
2021-05-26,628,"Fulton St (A,C,J,Z,2,3,4,5)",40.71037,-74.00657,69.0,0,57
2021-05-26,628,"Fulton St (A,C,J,Z,2,3,4,5)",40.71037,-74.00657,69.0,0,46
2021-05-26,628,"Fulton St (A,C,J,Z,2,3,4,5)",40.71037,-74.00657,69.0,0,47
2021-05-26,628,"Fulton St (A,C,J,Z,2,3,4,5)",40.71037,-74.00657,69.0,0,46
2021-05-26,628,"Fulton St (A,C,J,Z,2,3,4,5)",40.710373,-74.00657,4050.0,1,44
2021-05-26,628,"Fulton St (A,C,J,Z,2,3,4,5)",40.710373,-74.00657,4050.0,1,42
2021-05-26,628,"Fulton St (A,C,J,Z,2,3,4,5)",40.710373,-74.00657,4050.0,1,44
2021-05-26,628,"Fulton St (A,C,J,Z,2,3,4,5)",40.710373,-74.00657,4050.0,1,46
2021-05-26,628,"Fulton St (A,C,J,Z,2,3,4,5)",40.710373,-74.00657,4050.0,1,57
2021-05-26,628,"Fulton St (A,C,J,Z,2,3,4,5)",40.710373,-74.00657,4050.0,1,46
2021-05-26,628,"Fulton St (A,C,J,Z,2,3,4,5)",40.710373,-74.00657,4050.0,1,47
2021-05-26,628,"Fulton St (A,C,J,Z,2,3,4,5)",40.710373,-74.00657,4050.0,1,46
2021-06-10,628,"Fulton St (A,C,J,Z,2,3,4,5)",40.710373,-74.00657,1524.0,1,44
2021-06-10,628,"Fulton St (A,C,J,Z,2,3,4,5)",40.710373,-74.00657,1524.0,1,42
2021-06-10,628,"Fulton St (A,C,J,Z,2,3,4,5)",40.710373,-74.00657,1524.0,1,44
2021-06-10,628,"Fulton St (A,C,J,Z,2,3,4,5)",40.710373,-74.00657,1524.0,1,46
2021-06-10,628,"Fulton St (A,C,J,Z,2,3,4,5)",40.710373,-74.00657,1524.0,1,57
2021-06-10,628,"Fulton St (A,C,J,Z,2,3,4,5)",40.710373,-74.00657,1524.0,1,46
2021-06-10,628,"Fulton St (A,C,J,Z,2,3,4,5)",40.710373,-74.00657,1524.0,1,47
2021-06-10,628,"Fulton St (A,C,J,Z,2,3,4,5)",40.710373,-74.00657,1524.0,1,46
2021-06-21,628,"Fulton St (A,C,J,Z,2,3,4,5)",40.71037,-74.00769,7.0,0,44
2021-06-21,628,"Fulton St (A,C,J,Z,2,3,4,5)",40.71037,-74.00769,7.0,0,42
2021-06-21,628,"Fulton St (A,C,J,Z,2,3,4,5)",40.71037,-74.00769,7.0,0,44
2021-06-21,628,"Fulton St (A,C,J,Z,2,3,4,5)",40.71037,-74.00769,7.0,0,46
2021-06-21,628,"Fulton St (A,C,J,Z,2,3,4,5)",40.71037,-74.00769,7.0,0,57
2021-06-21,628,"Fulton St (A,C,J,Z,2,3,4,5)",40.71037,-74.00769,7.0,0,46
2021-06-21,628,"Fulton St (A,C,J,Z,2,3,4,5)",40.71037,-74.00769,7.0,0,47
2021-06-21,628,"Fulton St (A,C,J,Z,2,3,4,5)",40.71037,-74.00769,7.0,0,46
2021-06-21,628,"Fulton St (A,C,J,Z,2,3,4,5)",40.71037,-74.00657,43.0,0,44
2021-06-21,628,"Fulton St (A,C,J,Z,2,3,4,5)",40.71037,-74.00657,43.0,0,42
2021-06-21,628,"Fulton St (A,C,J,Z,2,3,4,5)",40.71037,-74.00657,43.0,0,44
2021-06-21,628,"Fulton St (A,C,J,Z,2,3,4,5)",40.71037,-74.00657,43.0,0,46
2021-06-21,628,"Fulton St (A,C,J,Z,2,3,4,5)",40.71037,-74.00657,43.0,0,57
2021-06-21,628,"Fulton St (A,C,J,Z,2,3,4,5)",40.71037,-74.00657,43.0,0,46
2021-06-21,628,"Fulton St (A,C,J,Z,2,3,4,5)",40.71037,-74.00657,43.0,0,47
2021-06-21,628,"Fulton St (A,C,J,Z,2,3,4,5)",40.71037,-74.00657,43.0,0,46
2021-06-21,628,"Fulton St (A,C,J,Z,2,3,4,5)",40.710373,-74.00657,3223.0,1,44
2021-06-21,628,"Fulton St (A,C,J,Z,2,3,4,5)",40.710373,-74.00657,3223.0,1,42
2021-06-21,628,"Fulton St (A,C,J,Z,2,3,4,5)",40.710373,-74.00657,3223.0,1,44
2021-06-21,628,"Fulton St (A,C,J,Z,2,3,4,5)",40.710373,-74.00657,3223.0,1,46
2021-06-21,628,"Fulton St (A,C,J,Z,2,3,4,5)",40.710373,-74.00657,3223.0,1,57
2021-06-21,628,"Fulton St (A,C,J,Z,2,3,4,5)",40.710373,-74.00657,3223.0,1,46
2021-06-21,628,"Fulton St (A,C,J,Z,2,3,4,5)",40.710373,-74.00657,3223.0,1,47
2021-06-21,628,"Fulton St (A,C,J,Z,2,3,4,5)",40.710373,-74.00657,3223.0,1,46
2021-06-30,628,"Fulton St (A,C,J,Z,2,3,4,5)",40.71037,-74.00657,58.0,0,44
2021-06-30,628,"Fulton St (A,C,J,Z,2,3,4,5)",40.71037,-74.00657,58.0,0,42
2021-06-30,628,"Fulton St (A,C,J,Z,2,3,4,5)",40.71037,-74.00657,58.0,0,44
2021-06-30,628,"Fulton St (A,C,J,Z,2,3,4,5)",40.71037,-74.00657,58.0,0,46
2021-06-30,628,"Fulton St (A,C,J,Z,2,3,4,5)",40.71037,-74.00657,58.0,0,57
2021-06-30,628,"Fulton St (A,C,J,Z,2,3,4,5)",40.71037,-74.00657,58.0,0,46
2021-06-30,628,"Fulton St (A,C,J,Z,2,3,4,5)",40.71037,-74.00657,58.0,0,47
2021-06-30,628,"Fulton St (A,C,J,Z,2,3,4,5)",40.71037,-74.00657,58.0,0,46
2021-06-30,628,"Fulton St (A,C,J,Z,2,3,4,5)",40.710373,-74.00657,2325.0,1,44
2021-06-30,628,"Fulton St (A,C,J,Z,2,3,4,5)",40.710373,-74.00657,2325.0,1,42
2021-06-30,628,"Fulton St (A,C,J,Z,2,3,4,5)",40.710373,-74.00657,2325.0,1,44
2021-06-30,628,"Fulton St (A,C,J,Z,2,3,4,5)",40.710373,-74.00657,2325.0,1,46
2021-06-30,628,"Fulton St (A,C,J,Z,2,3,4,5)",40.710373,-74.00657,2325.0,1,57
2021-06-30,628,"Fulton St (A,C,J,Z,2,3,4,5)",40.710373,-74.00657,2325.0,1,46
2021-06-30,628,"Fulton St (A,C,J,Z,2,3,4,5)",40.710373,-74.00657,2325.0,1,47
2021-06-30,628,"Fulton St (A,C,J,Z,2,3,4,5)",40.710373,-74.00657,2325.0,1,46
2021-08-25,628,"Fulton St (A,C,J,Z,2,3,4,5)",40.710197,-74.00657,15.0,0,44
2021-08-25,628,"Fulton St (A,C,J,Z,2,3,4,5)",40.710197,-74.00657,15.0,0,42
2021-08-25,628,"Fulton St (A,C,J,Z,2,3,4,5)",40.710197,-74.00657,15.0,0,44
2021-08-25,628,"Fulton St (A,C,J,Z,2,3,4,5)",40.710197,-74.00657,15.0,0,46
2021-08-25,628,"Fulton St (A,C,J,Z,2,3,4,5)",40.710197,-74.00657,15.0,0,57
2021-08-25,628,"Fulton St (A,C,J,Z,2,3,4,5)",40.710197,-74.00657,15.0,0,46
2021-08-25,628,"Fulton St (A,C,J,Z,2,3,4,5)",40.710197,-74.00657,15.0,0,47
2021-08-25,628,"Fulton St (A,C,J,Z,2,3,4,5)",40.710197,-74.00657,15.0,0,46
2021-08-25,628,"Fulton St (A,C,J,Z,2,3,4,5)",40.71037,-74.00657,9.0,0,44
2021-08-25,628,"Fulton St (A,C,J,Z,2,3,4,5)",40.71037,-74.00657,9.0,0,42
2021-08-25,628,"Fulton St (A,C,J,Z,2,3,4,5)",40.71037,-74.00657,9.0,0,44
2021-08-25,628,"Fulton St (A,C,J,Z,2,3,4,5)",40.71037,-74.00657,9.0,0,46
2021-08-25,628,"Fulton St (A,C,J,Z,2,3,4,5)",40.71037,-74.00657,9.0,0,57
2021-08-25,628,"Fulton St (A,C,J,Z,2,3,4,5)",40.71037,-74.00657,9.0,0,46
2021-08-25,628,"Fulton St (A,C,J,Z,2,3,4,5)",40.71037,-74.00657,9.0,0,47
2021-08-25,628,"Fulton St (A,C,J,Z,2,3,4,5)",40.71037,-74.00657,9.0,0,46
2021-08-25,628,"Fulton St (A,C,J,Z,2,3,4,5)",40.710373,-74.00657,330.0,0,44
2021-08-25,628,"Fulton St (A,C,J,Z,2,3,4,5)",40.710373,-74.00657,330.0,0,42
2021-08-25,628,"Fulton St (A,C,J,Z,2,3,4,5)",40.710373,-74.00657,330.0,0,44
2021-08-25,628,"Fulton St (A,C,J,Z,2,3,4,5)",40.710373,-74.00657,330.0,0,46
2021-08-25,628,"Fulton St (A,C,J,Z,2,3,4,5)",40.710373,-74.00657,330.0,0,57
2021-08-25,628,"Fulton St (A,C,J,Z,2,3,4,5)",40.710373,-74.00657,330.0,0,46
2021-08-25,628,"Fulton St (A,C,J,Z,2,3,4,5)",40.710373,-74.00657,330.0,0,47
2021-08-25,628,"Fulton St (A,C,J,Z,2,3,4,5)",40.710373,-74.00657,330.0,0,46
2021-10-15,628,"Fulton St (A,C,J,Z,2,3,4,5)",40.710373,-74.00657,206.0,0,44
2021-10-15,628,"Fulton St (A,C,J,Z,2,3,4,5)",40.710373,-74.00657,206.0,0,42
2021-10-15,628,"Fulton St (A,C,J,Z,2,3,4,5)",40.710373,-74.00657,206.0,0,44
2021-10-15,628,"Fulton St (A,C,J,Z,2,3,4,5)",40.710373,-74.00657,206.0,0,46
2021-10-15,628,"Fulton St (A,C,J,Z,2,3,4,5)",40.710373,-74.00657,206.0,0,57
2021-10-15,628,"Fulton St (A,C,J,Z,2,3,4,5)",40.710373,-74.00657,206.0,0,46
2021-10-15,628,"Fulton St (A,C,J,Z,2,3,4,5)",40.710373,-74.00657,206.0,0,47
2021-10-15,628,"Fulton St (A,C,J,Z,2,3,4,5)",40.710373,-74.00657,206.0,0,46
2021-10-26,628,"Fulton St (A,C,J,Z,2,3,4,5)",40.71037,-74.00657,23.0,0,44
2021-10-26,628,"Fulton St (A,C,J,Z,2,3,4,5)",40.71037,-74.00657,23.0,0,42
2021-10-26,628,"Fulton St (A,C,J,Z,2,3,4,5)",40.71037,-74.00657,23.0,0,44
2021-10-26,628,"Fulton St (A,C,J,Z,2,3,4,5)",40.71037,-74.00657,23.0,0,46
2021-10-26,628,"Fulton St (A,C,J,Z,2,3,4,5)",40.71037,-74.00657,23.0,0,57
2021-10-26,628,"Fulton St (A,C,J,Z,2,3,4,5)",40.71037,-74.00657,23.0,0,46
2021-10-26,628,"Fulton St (A,C,J,Z,2,3,4,5)",40.71037,-74.00657,23.0,0,47
2021-10-26,628,"Fulton St (A,C,J,Z,2,3,4,5)",40.71037,-74.00657,23.0,0,46
2021-10-26,628,"Fulton St (A,C,J,Z,2,3,4,5)",40.710373,-74.00657,4481.0,1,44
2021-10-26,628,"Fulton St (A,C,J,Z,2,3,4,5)",40.710373,-74.00657,4481.0,1,42
2021-10-26,628,"Fulton St (A,C,J,Z,2,3,4,5)",40.710373,-74.00657,4481.0,1,44
2021-10-26,628,"Fulton St (A,C,J,Z,2,3,4,5)",40.710373,-74.00657,4481.0,1,46
2021-10-26,628,"Fulton St (A,C,J,Z,2,3,4,5)",40.710373,-74.00657,4481.0,1,57
2021-10-26,628,"Fulton St (A,C,J,Z,2,3,4,5)",40.710373,-74.00657,4481.0,1,46
2021-10-26,628,"Fulton St (A,C,J,Z,2,3,4,5)",40.710373,-74.00657,4481.0,1,47
2021-10-26,628,"Fulton St (A,C,J,Z,2,3,4,5)",40.710373,-74.00657,4481.0,1,46
2021-11-17,628,"Fulton St (A,C,J,Z,2,3,4,5)",40.710373,-74.00657,243.0,0,44
2021-11-17,628,"Fulton St (A,C,J,Z,2,3,4,5)",40.710373,-74.00657,243.0,0,42
2021-11-17,628,"Fulton St (A,C,J,Z,2,3,4,5)",40.710373,-74.00657,243.0,0,44
2021-11-17,628,"Fulton St (A,C,J,Z,2,3,4,5)",40.710373,-74.00657,243.0,0,46
2021-11-17,628,"Fulton St (A,C,J,Z,2,3,4,5)",40.710373,-74.00657,243.0,0,57
2021-11-17,628,"Fulton St (A,C,J,Z,2,3,4,5)",40.710373,-74.00657,243.0,0,46
2021-11-17,628,"Fulton St (A,C,J,Z,2,3,4,5)",40.710373,-74.00657,243.0,0,47
2021-11-17,628,"Fulton St (A,C,J,Z,2,3,4,5)",40.710373,-74.00657,243.0,0,46
2021-11-18,628,"Fulton St (A,C,J,Z,2,3,4,5)",40.71037,-74.00657,65.0,0,44
2021-11-18,628,"Fulton St (A,C,J,Z,2,3,4,5)",40.71037,-74.00657,65.0,0,42
2021-11-18,628,"Fulton St (A,C,J,Z,2,3,4,5)",40.71037,-74.00657,65.0,0,44
2021-11-18,628,"Fulton St (A,C,J,Z,2,3,4,5)",40.71037,-74.00657,65.0,0,46
2021-11-18,628,"Fulton St (A,C,J,Z,2,3,4,5)",40.71037,-74.00657,65.0,0,57
2021-11-18,628,"Fulton St (A,C,J,Z,2,3,4,5)",40.71037,-74.00657,65.0,0,46
2021-11-18,628,"Fulton St (A,C,J,Z,2,3,4,5)",40.71037,-74.00657,65.0,0,47
2021-11-18,628,"Fulton St (A,C,J,Z,2,3,4,5)",40.71037,-74.00657,65.0,0,46
2021-11-18,628,"Fulton St (A,C,J,Z,2,3,4,5)",40.710373,-74.00657,7252.0,1,44
2021-11-18,628,"Fulton St (A,C,J,Z,2,3,4,5)",40.710373,-74.00657,7252.0,1,42
2021-11-18,628,"Fulton St (A,C,J,Z,2,3,4,5)",40.710373,-74.00657,7252.0,1,44
2021-11-18,628,"Fulton St (A,C,J,Z,2,3,4,5)",40.710373,-74.00657,7252.0,1,46
2021-11-18,628,"Fulton St (A,C,J,Z,2,3,4,5)",40.710373,-74.00657,7252.0,1,57
2021-11-18,628,"Fulton St (A,C,J,Z,2,3,4,5)",40.710373,-74.00657,7252.0,1,46
2021-11-18,628,"Fulton St (A,C,J,Z,2,3,4,5)",40.710373,-74.00657,7252.0,1,47
2021-11-18,628,"Fulton St (A,C,J,Z,2,3,4,5)",40.710373,-74.00657,7252.0,1,46
2021-12-02,628,"Fulton St (A,C,J,Z,2,3,4,5)",40.71037,-74.00657,33.0,0,44
2021-12-02,628,"Fulton St (A,C,J,Z,2,3,4,5)",40.71037,-74.00657,33.0,0,42
2021-12-02,628,"Fulton St (A,C,J,Z,2,3,4,5)",40.71037,-74.00657,33.0,0,44
2021-12-02,628,"Fulton St (A,C,J,Z,2,3,4,5)",40.71037,-74.00657,33.0,0,46
2021-12-02,628,"Fulton St (A,C,J,Z,2,3,4,5)",40.71037,-74.00657,33.0,0,57
2021-12-02,628,"Fulton St (A,C,J,Z,2,3,4,5)",40.71037,-74.00657,33.0,0,46
2021-12-02,628,"Fulton St (A,C,J,Z,2,3,4,5)",40.71037,-74.00657,33.0,0,47
2021-12-02,628,"Fulton St (A,C,J,Z,2,3,4,5)",40.71037,-74.00657,33.0,0,46
2021-12-02,628,"Fulton St (A,C,J,Z,2,3,4,5)",40.710373,-74.00657,3490.0,1,44
2021-12-02,628,"Fulton St (A,C,J,Z,2,3,4,5)",40.710373,-74.00657,3490.0,1,42
2021-12-02,628,"Fulton St (A,C,J,Z,2,3,4,5)",40.710373,-74.00657,3490.0,1,44
2021-12-02,628,"Fulton St (A,C,J,Z,2,3,4,5)",40.710373,-74.00657,3490.0,1,46
2021-12-02,628,"Fulton St (A,C,J,Z,2,3,4,5)",40.710373,-74.00657,3490.0,1,57
2021-12-02,628,"Fulton St (A,C,J,Z,2,3,4,5)",40.710373,-74.00657,3490.0,1,46
2021-12-02,628,"Fulton St (A,C,J,Z,2,3,4,5)",40.710373,-74.00657,3490.0,1,47
2021-12-02,628,"Fulton St (A,C,J,Z,2,3,4,5)",40.710373,-74.00657,3490.0,1,46
2021-12-16,628,"Fulton St (A,C,J,Z,2,3,4,5)",40.710373,-74.00657,737.0,0,44
2021-12-16,628,"Fulton St (A,C,J,Z,2,3,4,5)",40.710373,-74.00657,737.0,0,42
2021-12-16,628,"Fulton St (A,C,J,Z,2,3,4,5)",40.710373,-74.00657,737.0,0,44
2021-12-16,628,"Fulton St (A,C,J,Z,2,3,4,5)",40.710373,-74.00657,737.0,0,46
2021-12-16,628,"Fulton St (A,C,J,Z,2,3,4,5)",40.710373,-74.00657,737.0,0,57
2021-12-16,628,"Fulton St (A,C,J,Z,2,3,4,5)",40.710373,-74.00657,737.0,0,46
2021-12-16,628,"Fulton St (A,C,J,Z,2,3,4,5)",40.710373,-74.00657,737.0,0,47
2021-12-16,628,"Fulton St (A,C,J,Z,2,3,4,5)",40.710373,-74.00657,737.0,0,46
2021-12-22,628,"Fulton St (A,C,J,Z,2,3,4,5)",40.710373,-74.00657,1217.0,1,44
2021-12-22,628,"Fulton St (A,C,J,Z,2,3,4,5)",40.710373,-74.00657,1217.0,1,42
2021-12-22,628,"Fulton St (A,C,J,Z,2,3,4,5)",40.710373,-74.00657,1217.0,1,44
2021-12-22,628,"Fulton St (A,C,J,Z,2,3,4,5)",40.710373,-74.00657,1217.0,1,46
2021-12-22,628,"Fulton St (A,C,J,Z,2,3,4,5)",40.710373,-74.00657,1217.0,1,57
2021-12-22,628,"Fulton St (A,C,J,Z,2,3,4,5)",40.710373,-74.00657,1217.0,1,46
2021-12-22,628,"Fulton St (A,C,J,Z,2,3,4,5)",40.710373,-74.00657,1217.0,1,47
2021-12-22,628,"Fulton St (A,C,J,Z,2,3,4,5)",40.710373,-74.00657,1217.0,1,46
2022-01-04,628,"Fulton St (A,C,J,Z,2,3,4,5)",40.710373,-74.00657,891.0,0,44
2022-01-04,628,"Fulton St (A,C,J,Z,2,3,4,5)",40.710373,-74.00657,891.0,0,42
2022-01-04,628,"Fulton St (A,C,J,Z,2,3,4,5)",40.710373,-74.00657,891.0,0,44
2022-01-04,628,"Fulton St (A,C,J,Z,2,3,4,5)",40.710373,-74.00657,891.0,0,46
2022-01-04,628,"Fulton St (A,C,J,Z,2,3,4,5)",40.710373,-74.00657,891.0,0,57
2022-01-04,628,"Fulton St (A,C,J,Z,2,3,4,5)",40.710373,-74.00657,891.0,0,46
2022-01-04,628,"Fulton St (A,C,J,Z,2,3,4,5)",40.710373,-74.00657,891.0,0,47
2022-01-04,628,"Fulton St (A,C,J,Z,2,3,4,5)",40.710373,-74.00657,891.0,0,46
2022-01-26,628,"Fulton St (A,C,J,Z,2,3,4,5)",40.71037,-74.00657,27.0,0,44
2022-01-26,628,"Fulton St (A,C,J,Z,2,3,4,5)",40.71037,-74.00657,27.0,0,42
2022-01-26,628,"Fulton St (A,C,J,Z,2,3,4,5)",40.71037,-74.00657,27.0,0,44
2022-01-26,628,"Fulton St (A,C,J,Z,2,3,4,5)",40.71037,-74.00657,27.0,0,46
2022-01-26,628,"Fulton St (A,C,J,Z,2,3,4,5)",40.71037,-74.00657,27.0,0,57
2022-01-26,628,"Fulton St (A,C,J,Z,2,3,4,5)",40.71037,-74.00657,27.0,0,46
2022-01-26,628,"Fulton St (A,C,J,Z,2,3,4,5)",40.71037,-74.00657,27.0,0,47
2022-01-26,628,"Fulton St (A,C,J,Z,2,3,4,5)",40.71037,-74.00657,27.0,0,46
2022-01-26,628,"Fulton St (A,C,J,Z,2,3,4,5)",40.710373,-74.00657,3296.0,1,44
2022-01-26,628,"Fulton St (A,C,J,Z,2,3,4,5)",40.710373,-74.00657,3296.0,1,42
2022-01-26,628,"Fulton St (A,C,J,Z,2,3,4,5)",40.710373,-74.00657,3296.0,1,44
2022-01-26,628,"Fulton St (A,C,J,Z,2,3,4,5)",40.710373,-74.00657,3296.0,1,46
2022-01-26,628,"Fulton St (A,C,J,Z,2,3,4,5)",40.710373,-74.00657,3296.0,1,57
2022-01-26,628,"Fulton St (A,C,J,Z,2,3,4,5)",40.710373,-74.00657,3296.0,1,46
2022-01-26,628,"Fulton St (A,C,J,Z,2,3,4,5)",40.710373,-74.00657,3296.0,1,47
2022-01-26,628,"Fulton St (A,C,J,Z,2,3,4,5)",40.710373,-74.00657,3296.0,1,46
2022-02-07,628,"Fulton St (A,C,J,Z,2,3,4,5)",40.71037,-74.00657,31.0,0,44
2022-02-07,628,"Fulton St (A,C,J,Z,2,3,4,5)",40.71037,-74.00657,31.0,0,42
2022-02-07,628,"Fulton St (A,C,J,Z,2,3,4,5)",40.71037,-74.00657,31.0,0,44
2022-02-07,628,"Fulton St (A,C,J,Z,2,3,4,5)",40.71037,-74.00657,31.0,0,46
2022-02-07,628,"Fulton St (A,C,J,Z,2,3,4,5)",40.71037,-74.00657,31.0,0,57
2022-02-07,628,"Fulton St (A,C,J,Z,2,3,4,5)",40.71037,-74.00657,31.0,0,46
2022-02-07,628,"Fulton St (A,C,J,Z,2,3,4,5)",40.71037,-74.00657,31.0,0,47
2022-02-07,628,"Fulton St (A,C,J,Z,2,3,4,5)",40.71037,-74.00657,31.0,0,46
2022-02-07,628,"Fulton St (A,C,J,Z,2,3,4,5)",40.710373,-74.00657,3931.0,1,44
2022-02-07,628,"Fulton St (A,C,J,Z,2,3,4,5)",40.710373,-74.00657,3931.0,1,42
2022-02-07,628,"Fulton St (A,C,J,Z,2,3,4,5)",40.710373,-74.00657,3931.0,1,44
2022-02-07,628,"Fulton St (A,C,J,Z,2,3,4,5)",40.710373,-74.00657,3931.0,1,46
2022-02-07,628,"Fulton St (A,C,J,Z,2,3,4,5)",40.710373,-74.00657,3931.0,1,57
2022-02-07,628,"Fulton St (A,C,J,Z,2,3,4,5)",40.710373,-74.00657,3931.0,1,46
2022-02-07,628,"Fulton St (A,C,J,Z,2,3,4,5)",40.710373,-74.00657,3931.0,1,47
2022-02-07,628,"Fulton St (A,C,J,Z,2,3,4,5)",40.710373,-74.00657,3931.0,1,46
2022-02-08,628,"Fulton St (A,C,J,Z,2,3,4,5)",40.71037,-74.00657,14.0,0,44
2022-02-08,628,"Fulton St (A,C,J,Z,2,3,4,5)",40.71037,-74.00657,14.0,0,42
2022-02-08,628,"Fulton St (A,C,J,Z,2,3,4,5)",40.71037,-74.00657,14.0,0,44
2022-02-08,628,"Fulton St (A,C,J,Z,2,3,4,5)",40.71037,-74.00657,14.0,0,46
2022-02-08,628,"Fulton St (A,C,J,Z,2,3,4,5)",40.71037,-74.00657,14.0,0,57
2022-02-08,628,"Fulton St (A,C,J,Z,2,3,4,5)",40.71037,-74.00657,14.0,0,46
2022-02-08,628,"Fulton St (A,C,J,Z,2,3,4,5)",40.71037,-74.00657,14.0,0,47
2022-02-08,628,"Fulton St (A,C,J,Z,2,3,4,5)",40.71037,-74.00657,14.0,0,46
2022-02-08,628,"Fulton St (A,C,J,Z,2,3,4,5)",40.710373,-74.00657,4908.0,1,44
2022-02-08,628,"Fulton St (A,C,J,Z,2,3,4,5)",40.710373,-74.00657,4908.0,1,42
2022-02-08,628,"Fulton St (A,C,J,Z,2,3,4,5)",40.710373,-74.00657,4908.0,1,44
2022-02-08,628,"Fulton St (A,C,J,Z,2,3,4,5)",40.710373,-74.00657,4908.0,1,46
2022-02-08,628,"Fulton St (A,C,J,Z,2,3,4,5)",40.710373,-74.00657,4908.0,1,57
2022-02-08,628,"Fulton St (A,C,J,Z,2,3,4,5)",40.710373,-74.00657,4908.0,1,46
2022-02-08,628,"Fulton St (A,C,J,Z,2,3,4,5)",40.710373,-74.00657,4908.0,1,47
2022-02-08,628,"Fulton St (A,C,J,Z,2,3,4,5)",40.710373,-74.00657,4908.0,1,46
2022-02-09,628,"Fulton St (A,C,J,Z,2,3,4,5)",40.710373,-74.00657,4748.0,1,44
2022-02-09,628,"Fulton St (A,C,J,Z,2,3,4,5)",40.710373,-74.00657,4748.0,1,42
2022-02-09,628,"Fulton St (A,C,J,Z,2,3,4,5)",40.710373,-74.00657,4748.0,1,44
2022-02-09,628,"Fulton St (A,C,J,Z,2,3,4,5)",40.710373,-74.00657,4748.0,1,46
2022-02-09,628,"Fulton St (A,C,J,Z,2,3,4,5)",40.710373,-74.00657,4748.0,1,57
2022-02-09,628,"Fulton St (A,C,J,Z,2,3,4,5)",40.710373,-74.00657,4748.0,1,46
2022-02-09,628,"Fulton St (A,C,J,Z,2,3,4,5)",40.710373,-74.00657,4748.0,1,47
2022-02-09,628,"Fulton St (A,C,J,Z,2,3,4,5)",40.710373,-74.00657,4748.0,1,46
2022-02-10,628,"Fulton St (A,C,J,Z,2,3,4,5)",40.710373,-74.00657,2006.0,1,44
2022-02-10,628,"Fulton St (A,C,J,Z,2,3,4,5)",40.710373,-74.00657,2006.0,1,42
2022-02-10,628,"Fulton St (A,C,J,Z,2,3,4,5)",40.710373,-74.00657,2006.0,1,44
2022-02-10,628,"Fulton St (A,C,J,Z,2,3,4,5)",40.710373,-74.00657,2006.0,1,46
2022-02-10,628,"Fulton St (A,C,J,Z,2,3,4,5)",40.710373,-74.00657,2006.0,1,57
2022-02-10,628,"Fulton St (A,C,J,Z,2,3,4,5)",40.710373,-74.00657,2006.0,1,46
2022-02-10,628,"Fulton St (A,C,J,Z,2,3,4,5)",40.710373,-74.00657,2006.0,1,47
2022-02-10,628,"Fulton St (A,C,J,Z,2,3,4,5)",40.710373,-74.00657,2006.0,1,46
2022-02-18,628,"Fulton St (A,C,J,Z,2,3,4,5)",40.71037,-74.00657,138.0,0,44
2022-02-18,628,"Fulton St (A,C,J,Z,2,3,4,5)",40.71037,-74.00657,138.0,0,42
2022-02-18,628,"Fulton St (A,C,J,Z,2,3,4,5)",40.71037,-74.00657,138.0,0,44
2022-02-18,628,"Fulton St (A,C,J,Z,2,3,4,5)",40.71037,-74.00657,138.0,0,46
2022-02-18,628,"Fulton St (A,C,J,Z,2,3,4,5)",40.71037,-74.00657,138.0,0,57
2022-02-18,628,"Fulton St (A,C,J,Z,2,3,4,5)",40.71037,-74.00657,138.0,0,46
2022-02-18,628,"Fulton St (A,C,J,Z,2,3,4,5)",40.71037,-74.00657,138.0,0,47
2022-02-18,628,"Fulton St (A,C,J,Z,2,3,4,5)",40.71037,-74.00657,138.0,0,46
2022-02-18,628,"Fulton St (A,C,J,Z,2,3,4,5)",40.710373,-74.00657,4574.0,1,44
2022-02-18,628,"Fulton St (A,C,J,Z,2,3,4,5)",40.710373,-74.00657,4574.0,1,42
2022-02-18,628,"Fulton St (A,C,J,Z,2,3,4,5)",40.710373,-74.00657,4574.0,1,44
2022-02-18,628,"Fulton St (A,C,J,Z,2,3,4,5)",40.710373,-74.00657,4574.0,1,46
2022-02-18,628,"Fulton St (A,C,J,Z,2,3,4,5)",40.710373,-74.00657,4574.0,1,57
2022-02-18,628,"Fulton St (A,C,J,Z,2,3,4,5)",40.710373,-74.00657,4574.0,1,46
2022-02-18,628,"Fulton St (A,C,J,Z,2,3,4,5)",40.710373,-74.00657,4574.0,1,47
2022-02-18,628,"Fulton St (A,C,J,Z,2,3,4,5)",40.710373,-74.00657,4574.0,1,46
2022-03-02,628,"Fulton St (A,C,J,Z,2,3,4,5)",40.71037,-74.00657,59.0,0,44
2022-03-02,628,"Fulton St (A,C,J,Z,2,3,4,5)",40.71037,-74.00657,59.0,0,42
2022-03-02,628,"Fulton St (A,C,J,Z,2,3,4,5)",40.71037,-74.00657,59.0,0,44
2022-03-02,628,"Fulton St (A,C,J,Z,2,3,4,5)",40.71037,-74.00657,59.0,0,46
2022-03-02,628,"Fulton St (A,C,J,Z,2,3,4,5)",40.71037,-74.00657,59.0,0,57
2022-03-02,628,"Fulton St (A,C,J,Z,2,3,4,5)",40.71037,-74.00657,59.0,0,46
2022-03-02,628,"Fulton St (A,C,J,Z,2,3,4,5)",40.71037,-74.00657,59.0,0,47
2022-03-02,628,"Fulton St (A,C,J,Z,2,3,4,5)",40.71037,-74.00657,59.0,0,46
2022-03-02,628,"Fulton St (A,C,J,Z,2,3,4,5)",40.710373,-74.00657,6004.0,1,44
2022-03-02,628,"Fulton St (A,C,J,Z,2,3,4,5)",40.710373,-74.00657,6004.0,1,42
2022-03-02,628,"Fulton St (A,C,J,Z,2,3,4,5)",40.710373,-74.00657,6004.0,1,44
2022-03-02,628,"Fulton St (A,C,J,Z,2,3,4,5)",40.710373,-74.00657,6004.0,1,46
2022-03-02,628,"Fulton St (A,C,J,Z,2,3,4,5)",40.710373,-74.00657,6004.0,1,57
2022-03-02,628,"Fulton St (A,C,J,Z,2,3,4,5)",40.710373,-74.00657,6004.0,1,46
2022-03-02,628,"Fulton St (A,C,J,Z,2,3,4,5)",40.710373,-74.00657,6004.0,1,47
2022-03-02,628,"Fulton St (A,C,J,Z,2,3,4,5)",40.710373,-74.00657,6004.0,1,46
2022-03-08,628,"Fulton St (A,C,J,Z,2,3,4,5)",40.71037,-74.00657,58.0,0,44
2022-03-08,628,"Fulton St (A,C,J,Z,2,3,4,5)",40.71037,-74.00657,58.0,0,42
2022-03-08,628,"Fulton St (A,C,J,Z,2,3,4,5)",40.71037,-74.00657,58.0,0,44
2022-03-08,628,"Fulton St (A,C,J,Z,2,3,4,5)",40.71037,-74.00657,58.0,0,46
2022-03-08,628,"Fulton St (A,C,J,Z,2,3,4,5)",40.71037,-74.00657,58.0,0,57
2022-03-08,628,"Fulton St (A,C,J,Z,2,3,4,5)",40.71037,-74.00657,58.0,0,46
2022-03-08,628,"Fulton St (A,C,J,Z,2,3,4,5)",40.71037,-74.00657,58.0,0,47
2022-03-08,628,"Fulton St (A,C,J,Z,2,3,4,5)",40.71037,-74.00657,58.0,0,46
2022-03-08,628,"Fulton St (A,C,J,Z,2,3,4,5)",40.710373,-74.00657,8784.0,1,44
2022-03-08,628,"Fulton St (A,C,J,Z,2,3,4,5)",40.710373,-74.00657,8784.0,1,42
2022-03-08,628,"Fulton St (A,C,J,Z,2,3,4,5)",40.710373,-74.00657,8784.0,1,44
2022-03-08,628,"Fulton St (A,C,J,Z,2,3,4,5)",40.710373,-74.00657,8784.0,1,46
2022-03-08,628,"Fulton St (A,C,J,Z,2,3,4,5)",40.710373,-74.00657,8784.0,1,57
2022-03-08,628,"Fulton St (A,C,J,Z,2,3,4,5)",40.710373,-74.00657,8784.0,1,46
2022-03-08,628,"Fulton St (A,C,J,Z,2,3,4,5)",40.710373,-74.00657,8784.0,1,47
2022-03-08,628,"Fulton St (A,C,J,Z,2,3,4,5)",40.710373,-74.00657,8784.0,1,46
2022-03-15,628,"Fulton St (A,C,J,Z,2,3,4,5)",40.71037,-74.00951,2.0,0,44
2022-03-15,628,"Fulton St (A,C,J,Z,2,3,4,5)",40.71037,-74.00951,2.0,0,42
2022-03-15,628,"Fulton St (A,C,J,Z,2,3,4,5)",40.71037,-74.00951,2.0,0,44
2022-03-15,628,"Fulton St (A,C,J,Z,2,3,4,5)",40.71037,-74.00951,2.0,0,46
2022-03-15,628,"Fulton St (A,C,J,Z,2,3,4,5)",40.71037,-74.00951,2.0,0,57
2022-03-15,628,"Fulton St (A,C,J,Z,2,3,4,5)",40.71037,-74.00951,2.0,0,46
2022-03-15,628,"Fulton St (A,C,J,Z,2,3,4,5)",40.71037,-74.00951,2.0,0,47
2022-03-15,628,"Fulton St (A,C,J,Z,2,3,4,5)",40.71037,-74.00951,2.0,0,46
2022-03-15,628,"Fulton St (A,C,J,Z,2,3,4,5)",40.71037,-74.00657,71.0,0,44
2022-03-15,628,"Fulton St (A,C,J,Z,2,3,4,5)",40.71037,-74.00657,71.0,0,42
2022-03-15,628,"Fulton St (A,C,J,Z,2,3,4,5)",40.71037,-74.00657,71.0,0,44
2022-03-15,628,"Fulton St (A,C,J,Z,2,3,4,5)",40.71037,-74.00657,71.0,0,46
2022-03-15,628,"Fulton St (A,C,J,Z,2,3,4,5)",40.71037,-74.00657,71.0,0,57
2022-03-15,628,"Fulton St (A,C,J,Z,2,3,4,5)",40.71037,-74.00657,71.0,0,46
2022-03-15,628,"Fulton St (A,C,J,Z,2,3,4,5)",40.71037,-74.00657,71.0,0,47
2022-03-15,628,"Fulton St (A,C,J,Z,2,3,4,5)",40.71037,-74.00657,71.0,0,46
2022-03-15,628,"Fulton St (A,C,J,Z,2,3,4,5)",40.710373,-74.00657,4987.0,1,44
2022-03-15,628,"Fulton St (A,C,J,Z,2,3,4,5)",40.710373,-74.00657,4987.0,1,42
2022-03-15,628,"Fulton St (A,C,J,Z,2,3,4,5)",40.710373,-74.00657,4987.0,1,44
2022-03-15,628,"Fulton St (A,C,J,Z,2,3,4,5)",40.710373,-74.00657,4987.0,1,46
2022-03-15,628,"Fulton St (A,C,J,Z,2,3,4,5)",40.710373,-74.00657,4987.0,1,57
2022-03-15,628,"Fulton St (A,C,J,Z,2,3,4,5)",40.710373,-74.00657,4987.0,1,46
2022-03-15,628,"Fulton St (A,C,J,Z,2,3,4,5)",40.710373,-74.00657,4987.0,1,47
2022-03-15,628,"Fulton St (A,C,J,Z,2,3,4,5)",40.710373,-74.00657,4987.0,1,46
2022-03-29,628,"Fulton St (A,C,J,Z,2,3,4,5)",40.71037,-74.00657,89.0,0,44
2022-03-29,628,"Fulton St (A,C,J,Z,2,3,4,5)",40.71037,-74.00657,89.0,0,42
2022-03-29,628,"Fulton St (A,C,J,Z,2,3,4,5)",40.71037,-74.00657,89.0,0,44
2022-03-29,628,"Fulton St (A,C,J,Z,2,3,4,5)",40.71037,-74.00657,89.0,0,46
2022-03-29,628,"Fulton St (A,C,J,Z,2,3,4,5)",40.71037,-74.00657,89.0,0,57
2022-03-29,628,"Fulton St (A,C,J,Z,2,3,4,5)",40.71037,-74.00657,89.0,0,46
2022-03-29,628,"Fulton St (A,C,J,Z,2,3,4,5)",40.71037,-74.00657,89.0,0,47
2022-03-29,628,"Fulton St (A,C,J,Z,2,3,4,5)",40.71037,-74.00657,89.0,0,46
2022-03-29,628,"Fulton St (A,C,J,Z,2,3,4,5)",40.710373,-74.00657,8134.0,1,44
2022-03-29,628,"Fulton St (A,C,J,Z,2,3,4,5)",40.710373,-74.00657,8134.0,1,42
2022-03-29,628,"Fulton St (A,C,J,Z,2,3,4,5)",40.710373,-74.00657,8134.0,1,44
2022-03-29,628,"Fulton St (A,C,J,Z,2,3,4,5)",40.710373,-74.00657,8134.0,1,46
2022-03-29,628,"Fulton St (A,C,J,Z,2,3,4,5)",40.710373,-74.00657,8134.0,1,57
2022-03-29,628,"Fulton St (A,C,J,Z,2,3,4,5)",40.710373,-74.00657,8134.0,1,46
2022-03-29,628,"Fulton St (A,C,J,Z,2,3,4,5)",40.710373,-74.00657,8134.0,1,47
2022-03-29,628,"Fulton St (A,C,J,Z,2,3,4,5)",40.710373,-74.00657,8134.0,1,46
2022-04-07,628,"Fulton St (A,C,J,Z,2,3,4,5)",40.710373,-74.00657,771.0,0,44
2022-04-07,628,"Fulton St (A,C,J,Z,2,3,4,5)",40.710373,-74.00657,771.0,0,42
2022-04-07,628,"Fulton St (A,C,J,Z,2,3,4,5)",40.710373,-74.00657,771.0,0,44
2022-04-07,628,"Fulton St (A,C,J,Z,2,3,4,5)",40.710373,-74.00657,771.0,0,46
2022-04-07,628,"Fulton St (A,C,J,Z,2,3,4,5)",40.710373,-74.00657,771.0,0,57
2022-04-07,628,"Fulton St (A,C,J,Z,2,3,4,5)",40.710373,-74.00657,771.0,0,46
2022-04-07,628,"Fulton St (A,C,J,Z,2,3,4,5)",40.710373,-74.00657,771.0,0,47
2022-04-07,628,"Fulton St (A,C,J,Z,2,3,4,5)",40.710373,-74.00657,771.0,0,46
2022-04-20,628,"Fulton St (A,C,J,Z,2,3,4,5)",40.710373,-74.00657,953.0,0,44
2022-04-20,628,"Fulton St (A,C,J,Z,2,3,4,5)",40.710373,-74.00657,953.0,0,42
2022-04-20,628,"Fulton St (A,C,J,Z,2,3,4,5)",40.710373,-74.00657,953.0,0,44
2022-04-20,628,"Fulton St (A,C,J,Z,2,3,4,5)",40.710373,-74.00657,953.0,0,46
2022-04-20,628,"Fulton St (A,C,J,Z,2,3,4,5)",40.710373,-74.00657,953.0,0,57
2022-04-20,628,"Fulton St (A,C,J,Z,2,3,4,5)",40.710373,-74.00657,953.0,0,46
2022-04-20,628,"Fulton St (A,C,J,Z,2,3,4,5)",40.710373,-74.00657,953.0,0,47
2022-04-20,628,"Fulton St (A,C,J,Z,2,3,4,5)",40.710373,-74.00657,953.0,0,46
2022-04-27,628,"Fulton St (A,C,J,Z,2,3,4,5)",40.71037,-74.00657,88.0,0,44
2022-04-27,628,"Fulton St (A,C,J,Z,2,3,4,5)",40.71037,-74.00657,88.0,0,42
2022-04-27,628,"Fulton St (A,C,J,Z,2,3,4,5)",40.71037,-74.00657,88.0,0,44
2022-04-27,628,"Fulton St (A,C,J,Z,2,3,4,5)",40.71037,-74.00657,88.0,0,46
2022-04-27,628,"Fulton St (A,C,J,Z,2,3,4,5)",40.71037,-74.00657,88.0,0,57
2022-04-27,628,"Fulton St (A,C,J,Z,2,3,4,5)",40.71037,-74.00657,88.0,0,46
2022-04-27,628,"Fulton St (A,C,J,Z,2,3,4,5)",40.71037,-74.00657,88.0,0,47
2022-04-27,628,"Fulton St (A,C,J,Z,2,3,4,5)",40.71037,-74.00657,88.0,0,46
2022-04-27,628,"Fulton St (A,C,J,Z,2,3,4,5)",40.710373,-74.00657,5385.0,1,44
2022-04-27,628,"Fulton St (A,C,J,Z,2,3,4,5)",40.710373,-74.00657,5385.0,1,42
2022-04-27,628,"Fulton St (A,C,J,Z,2,3,4,5)",40.710373,-74.00657,5385.0,1,44
2022-04-27,628,"Fulton St (A,C,J,Z,2,3,4,5)",40.710373,-74.00657,5385.0,1,46
2022-04-27,628,"Fulton St (A,C,J,Z,2,3,4,5)",40.710373,-74.00657,5385.0,1,57
2022-04-27,628,"Fulton St (A,C,J,Z,2,3,4,5)",40.710373,-74.00657,5385.0,1,46
2022-04-27,628,"Fulton St (A,C,J,Z,2,3,4,5)",40.710373,-74.00657,5385.0,1,47
2022-04-27,628,"Fulton St (A,C,J,Z,2,3,4,5)",40.710373,-74.00657,5385.0,1,46
2022-05-31,628,"Fulton St (A,C,J,Z,2,3,4,5)",40.710373,-74.00657,1970.0,1,44
2022-05-31,628,"Fulton St (A,C,J,Z,2,3,4,5)",40.710373,-74.00657,1970.0,1,42
2022-05-31,628,"Fulton St (A,C,J,Z,2,3,4,5)",40.710373,-74.00657,1970.0,1,44
2022-05-31,628,"Fulton St (A,C,J,Z,2,3,4,5)",40.710373,-74.00657,1970.0,1,46
2022-05-31,628,"Fulton St (A,C,J,Z,2,3,4,5)",40.710373,-74.00657,1970.0,1,57
2022-05-31,628,"Fulton St (A,C,J,Z,2,3,4,5)",40.710373,-74.00657,1970.0,1,46
2022-05-31,628,"Fulton St (A,C,J,Z,2,3,4,5)",40.710373,-74.00657,1970.0,1,47
2022-05-31,628,"Fulton St (A,C,J,Z,2,3,4,5)",40.710373,-74.00657,1970.0,1,46
2022-06-01,628,"Fulton St (A,C,J,Z,2,3,4,5)",40.710373,-74.00758,20.0,0,44
2022-06-01,628,"Fulton St (A,C,J,Z,2,3,4,5)",40.710373,-74.00758,20.0,0,42
2022-06-01,628,"Fulton St (A,C,J,Z,2,3,4,5)",40.710373,-74.00758,20.0,0,44
2022-06-01,628,"Fulton St (A,C,J,Z,2,3,4,5)",40.710373,-74.00758,20.0,0,46
2022-06-01,628,"Fulton St (A,C,J,Z,2,3,4,5)",40.710373,-74.00758,20.0,0,57
2022-06-01,628,"Fulton St (A,C,J,Z,2,3,4,5)",40.710373,-74.00758,20.0,0,46
2022-06-01,628,"Fulton St (A,C,J,Z,2,3,4,5)",40.710373,-74.00758,20.0,0,47
2022-06-01,628,"Fulton St (A,C,J,Z,2,3,4,5)",40.710373,-74.00758,20.0,0,46
2022-06-01,628,"Fulton St (A,C,J,Z,2,3,4,5)",40.710373,-74.00657,6490.0,1,44
2022-06-01,628,"Fulton St (A,C,J,Z,2,3,4,5)",40.710373,-74.00657,6490.0,1,42
2022-06-01,628,"Fulton St (A,C,J,Z,2,3,4,5)",40.710373,-74.00657,6490.0,1,44
2022-06-01,628,"Fulton St (A,C,J,Z,2,3,4,5)",40.710373,-74.00657,6490.0,1,46
2022-06-01,628,"Fulton St (A,C,J,Z,2,3,4,5)",40.710373,-74.00657,6490.0,1,57
2022-06-01,628,"Fulton St (A,C,J,Z,2,3,4,5)",40.710373,-74.00657,6490.0,1,46
2022-06-01,628,"Fulton St (A,C,J,Z,2,3,4,5)",40.710373,-74.00657,6490.0,1,47
2022-06-01,628,"Fulton St (A,C,J,Z,2,3,4,5)",40.710373,-74.00657,6490.0,1,46
2022-07-18,628,"Fulton St (A,C,J,Z,2,3,4,5)",40.71037,-74.00657,26.0,0,44
2022-07-18,628,"Fulton St (A,C,J,Z,2,3,4,5)",40.71037,-74.00657,26.0,0,42
2022-07-18,628,"Fulton St (A,C,J,Z,2,3,4,5)",40.71037,-74.00657,26.0,0,44
2022-07-18,628,"Fulton St (A,C,J,Z,2,3,4,5)",40.71037,-74.00657,26.0,0,46
2022-07-18,628,"Fulton St (A,C,J,Z,2,3,4,5)",40.71037,-74.00657,26.0,0,57
2022-07-18,628,"Fulton St (A,C,J,Z,2,3,4,5)",40.71037,-74.00657,26.0,0,46
2022-07-18,628,"Fulton St (A,C,J,Z,2,3,4,5)",40.71037,-74.00657,26.0,0,47
2022-07-18,628,"Fulton St (A,C,J,Z,2,3,4,5)",40.71037,-74.00657,26.0,0,46
2022-07-18,628,"Fulton St (A,C,J,Z,2,3,4,5)",40.710373,-74.00657,4276.0,1,44
2022-07-18,628,"Fulton St (A,C,J,Z,2,3,4,5)",40.710373,-74.00657,4276.0,1,42
2022-07-18,628,"Fulton St (A,C,J,Z,2,3,4,5)",40.710373,-74.00657,4276.0,1,44
2022-07-18,628,"Fulton St (A,C,J,Z,2,3,4,5)",40.710373,-74.00657,4276.0,1,46
2022-07-18,628,"Fulton St (A,C,J,Z,2,3,4,5)",40.710373,-74.00657,4276.0,1,57
2022-07-18,628,"Fulton St (A,C,J,Z,2,3,4,5)",40.710373,-74.00657,4276.0,1,46
2022-07-18,628,"Fulton St (A,C,J,Z,2,3,4,5)",40.710373,-74.00657,4276.0,1,47
2022-07-18,628,"Fulton St (A,C,J,Z,2,3,4,5)",40.710373,-74.00657,4276.0,1,46
2022-08-05,628,"Fulton St (A,C,J,Z,2,3,4,5)",40.71037,-74.00657,24.0,0,44
2022-08-05,628,"Fulton St (A,C,J,Z,2,3,4,5)",40.71037,-74.00657,24.0,0,42
2022-08-05,628,"Fulton St (A,C,J,Z,2,3,4,5)",40.71037,-74.00657,24.0,0,44
2022-08-05,628,"Fulton St (A,C,J,Z,2,3,4,5)",40.71037,-74.00657,24.0,0,46
2022-08-05,628,"Fulton St (A,C,J,Z,2,3,4,5)",40.71037,-74.00657,24.0,0,57
2022-08-05,628,"Fulton St (A,C,J,Z,2,3,4,5)",40.71037,-74.00657,24.0,0,46
2022-08-05,628,"Fulton St (A,C,J,Z,2,3,4,5)",40.71037,-74.00657,24.0,0,47
2022-08-05,628,"Fulton St (A,C,J,Z,2,3,4,5)",40.71037,-74.00657,24.0,0,46
2022-08-05,628,"Fulton St (A,C,J,Z,2,3,4,5)",40.710373,-74.00657,1517.0,1,44
2022-08-05,628,"Fulton St (A,C,J,Z,2,3,4,5)",40.710373,-74.00657,1517.0,1,42
2022-08-05,628,"Fulton St (A,C,J,Z,2,3,4,5)",40.710373,-74.00657,1517.0,1,44
2022-08-05,628,"Fulton St (A,C,J,Z,2,3,4,5)",40.710373,-74.00657,1517.0,1,46
2022-08-05,628,"Fulton St (A,C,J,Z,2,3,4,5)",40.710373,-74.00657,1517.0,1,57
2022-08-05,628,"Fulton St (A,C,J,Z,2,3,4,5)",40.710373,-74.00657,1517.0,1,46
2022-08-05,628,"Fulton St (A,C,J,Z,2,3,4,5)",40.710373,-74.00657,1517.0,1,47
2022-08-05,628,"Fulton St (A,C,J,Z,2,3,4,5)",40.710373,-74.00657,1517.0,1,46
2022-08-08,628,"Fulton St (A,C,J,Z,2,3,4,5)",40.710373,-74.00657,2864.0,1,44
2022-08-08,628,"Fulton St (A,C,J,Z,2,3,4,5)",40.710373,-74.00657,2864.0,1,42
2022-08-08,628,"Fulton St (A,C,J,Z,2,3,4,5)",40.710373,-74.00657,2864.0,1,44
2022-08-08,628,"Fulton St (A,C,J,Z,2,3,4,5)",40.710373,-74.00657,2864.0,1,46
2022-08-08,628,"Fulton St (A,C,J,Z,2,3,4,5)",40.710373,-74.00657,2864.0,1,57
2022-08-08,628,"Fulton St (A,C,J,Z,2,3,4,5)",40.710373,-74.00657,2864.0,1,46
2022-08-08,628,"Fulton St (A,C,J,Z,2,3,4,5)",40.710373,-74.00657,2864.0,1,47
2022-08-08,628,"Fulton St (A,C,J,Z,2,3,4,5)",40.710373,-74.00657,2864.0,1,46
2022-08-09,628,"Fulton St (A,C,J,Z,2,3,4,5)",40.71037,-74.00769,18.0,0,44
2022-08-09,628,"Fulton St (A,C,J,Z,2,3,4,5)",40.71037,-74.00769,18.0,0,42
2022-08-09,628,"Fulton St (A,C,J,Z,2,3,4,5)",40.71037,-74.00769,18.0,0,44
2022-08-09,628,"Fulton St (A,C,J,Z,2,3,4,5)",40.71037,-74.00769,18.0,0,46
2022-08-09,628,"Fulton St (A,C,J,Z,2,3,4,5)",40.71037,-74.00769,18.0,0,57
2022-08-09,628,"Fulton St (A,C,J,Z,2,3,4,5)",40.71037,-74.00769,18.0,0,46
2022-08-09,628,"Fulton St (A,C,J,Z,2,3,4,5)",40.71037,-74.00769,18.0,0,47
2022-08-09,628,"Fulton St (A,C,J,Z,2,3,4,5)",40.71037,-74.00769,18.0,0,46
2022-08-09,628,"Fulton St (A,C,J,Z,2,3,4,5)",40.71037,-74.00657,44.0,0,44
2022-08-09,628,"Fulton St (A,C,J,Z,2,3,4,5)",40.71037,-74.00657,44.0,0,42
2022-08-09,628,"Fulton St (A,C,J,Z,2,3,4,5)",40.71037,-74.00657,44.0,0,44
2022-08-09,628,"Fulton St (A,C,J,Z,2,3,4,5)",40.71037,-74.00657,44.0,0,46
2022-08-09,628,"Fulton St (A,C,J,Z,2,3,4,5)",40.71037,-74.00657,44.0,0,57
2022-08-09,628,"Fulton St (A,C,J,Z,2,3,4,5)",40.71037,-74.00657,44.0,0,46
2022-08-09,628,"Fulton St (A,C,J,Z,2,3,4,5)",40.71037,-74.00657,44.0,0,47
2022-08-09,628,"Fulton St (A,C,J,Z,2,3,4,5)",40.71037,-74.00657,44.0,0,46
2022-08-09,628,"Fulton St (A,C,J,Z,2,3,4,5)",40.710373,-74.00657,7506.0,1,44
2022-08-09,628,"Fulton St (A,C,J,Z,2,3,4,5)",40.710373,-74.00657,7506.0,1,42
2022-08-09,628,"Fulton St (A,C,J,Z,2,3,4,5)",40.710373,-74.00657,7506.0,1,44
2022-08-09,628,"Fulton St (A,C,J,Z,2,3,4,5)",40.710373,-74.00657,7506.0,1,46
2022-08-09,628,"Fulton St (A,C,J,Z,2,3,4,5)",40.710373,-74.00657,7506.0,1,57
2022-08-09,628,"Fulton St (A,C,J,Z,2,3,4,5)",40.710373,-74.00657,7506.0,1,46
2022-08-09,628,"Fulton St (A,C,J,Z,2,3,4,5)",40.710373,-74.00657,7506.0,1,47
2022-08-09,628,"Fulton St (A,C,J,Z,2,3,4,5)",40.710373,-74.00657,7506.0,1,46
2022-08-30,628,"Fulton St (A,C,J,Z,2,3,4,5)",40.710373,-74.00657,4275.0,1,44
2022-08-30,628,"Fulton St (A,C,J,Z,2,3,4,5)",40.710373,-74.00657,4275.0,1,42
2022-08-30,628,"Fulton St (A,C,J,Z,2,3,4,5)",40.710373,-74.00657,4275.0,1,44
2022-08-30,628,"Fulton St (A,C,J,Z,2,3,4,5)",40.710373,-74.00657,4275.0,1,46
2022-08-30,628,"Fulton St (A,C,J,Z,2,3,4,5)",40.710373,-74.00657,4275.0,1,57
2022-08-30,628,"Fulton St (A,C,J,Z,2,3,4,5)",40.710373,-74.00657,4275.0,1,46
2022-08-30,628,"Fulton St (A,C,J,Z,2,3,4,5)",40.710373,-74.00657,4275.0,1,47
2022-08-30,628,"Fulton St (A,C,J,Z,2,3,4,5)",40.710373,-74.00657,4275.0,1,46
2022-09-13,628,"Fulton St (A,C,J,Z,2,3,4,5)",40.71037,-74.00657,91.0,0,44
2022-09-13,628,"Fulton St (A,C,J,Z,2,3,4,5)",40.71037,-74.00657,91.0,0,42
2022-09-13,628,"Fulton St (A,C,J,Z,2,3,4,5)",40.71037,-74.00657,91.0,0,44
2022-09-13,628,"Fulton St (A,C,J,Z,2,3,4,5)",40.71037,-74.00657,91.0,0,46
2022-09-13,628,"Fulton St (A,C,J,Z,2,3,4,5)",40.71037,-74.00657,91.0,0,57
2022-09-13,628,"Fulton St (A,C,J,Z,2,3,4,5)",40.71037,-74.00657,91.0,0,46
2022-09-13,628,"Fulton St (A,C,J,Z,2,3,4,5)",40.71037,-74.00657,91.0,0,47
2022-09-13,628,"Fulton St (A,C,J,Z,2,3,4,5)",40.71037,-74.00657,91.0,0,46
2022-09-13,628,"Fulton St (A,C,J,Z,2,3,4,5)",40.710373,-74.00657,8883.0,1,44
2022-09-13,628,"Fulton St (A,C,J,Z,2,3,4,5)",40.710373,-74.00657,8883.0,1,42
2022-09-13,628,"Fulton St (A,C,J,Z,2,3,4,5)",40.710373,-74.00657,8883.0,1,44
2022-09-13,628,"Fulton St (A,C,J,Z,2,3,4,5)",40.710373,-74.00657,8883.0,1,46
2022-09-13,628,"Fulton St (A,C,J,Z,2,3,4,5)",40.710373,-74.00657,8883.0,1,57
2022-09-13,628,"Fulton St (A,C,J,Z,2,3,4,5)",40.710373,-74.00657,8883.0,1,46
2022-09-13,628,"Fulton St (A,C,J,Z,2,3,4,5)",40.710373,-74.00657,8883.0,1,47
2022-09-13,628,"Fulton St (A,C,J,Z,2,3,4,5)",40.710373,-74.00657,8883.0,1,46
2023-05-11,628,"Fulton St (A,C,J,Z,2,3,4,5)",40.710373,-74.00657,2806.0,1,44
2023-05-11,628,"Fulton St (A,C,J,Z,2,3,4,5)",40.710373,-74.00657,2806.0,1,42
2023-05-11,628,"Fulton St (A,C,J,Z,2,3,4,5)",40.710373,-74.00657,2806.0,1,44
2023-05-11,628,"Fulton St (A,C,J,Z,2,3,4,5)",40.710373,-74.00657,2806.0,1,46
2023-05-11,628,"Fulton St (A,C,J,Z,2,3,4,5)",40.710373,-74.00657,2806.0,1,57
2023-05-11,628,"Fulton St (A,C,J,Z,2,3,4,5)",40.710373,-74.00657,2806.0,1,46
2023-05-11,628,"Fulton St (A,C,J,Z,2,3,4,5)",40.710373,-74.00657,2806.0,1,47
2023-05-11,628,"Fulton St (A,C,J,Z,2,3,4,5)",40.710373,-74.00657,2806.0,1,46
2023-06-14,628,"Fulton St (A,C,J,Z,2,3,4,5)",40.710373,-74.00657,4900.0,1,44
2023-06-14,628,"Fulton St (A,C,J,Z,2,3,4,5)",40.710373,-74.00657,4900.0,1,42
2023-06-14,628,"Fulton St (A,C,J,Z,2,3,4,5)",40.710373,-74.00657,4900.0,1,44
2023-06-14,628,"Fulton St (A,C,J,Z,2,3,4,5)",40.710373,-74.00657,4900.0,1,46
2023-06-14,628,"Fulton St (A,C,J,Z,2,3,4,5)",40.710373,-74.00657,4900.0,1,57
2023-06-14,628,"Fulton St (A,C,J,Z,2,3,4,5)",40.710373,-74.00657,4900.0,1,46
2023-06-14,628,"Fulton St (A,C,J,Z,2,3,4,5)",40.710373,-74.00657,4900.0,1,47
2023-06-14,628,"Fulton St (A,C,J,Z,2,3,4,5)",40.710373,-74.00657,4900.0,1,46
2023-09-27,628,"Fulton St (A,C,J,Z,2,3,4,5)",40.71037,-74.00657,29.0,0,44
2023-09-27,628,"Fulton St (A,C,J,Z,2,3,4,5)",40.71037,-74.00657,29.0,0,42
2023-09-27,628,"Fulton St (A,C,J,Z,2,3,4,5)",40.71037,-74.00657,29.0,0,44
2023-09-27,628,"Fulton St (A,C,J,Z,2,3,4,5)",40.71037,-74.00657,29.0,0,46
2023-09-27,628,"Fulton St (A,C,J,Z,2,3,4,5)",40.71037,-74.00657,29.0,0,57
2023-09-27,628,"Fulton St (A,C,J,Z,2,3,4,5)",40.71037,-74.00657,29.0,0,46
2023-09-27,628,"Fulton St (A,C,J,Z,2,3,4,5)",40.71037,-74.00657,29.0,0,47
2023-09-27,628,"Fulton St (A,C,J,Z,2,3,4,5)",40.71037,-74.00657,29.0,0,46
2023-09-27,628,"Fulton St (A,C,J,Z,2,3,4,5)",40.710373,-74.00758,2.0,0,44
2023-09-27,628,"Fulton St (A,C,J,Z,2,3,4,5)",40.710373,-74.00758,2.0,0,42
2023-09-27,628,"Fulton St (A,C,J,Z,2,3,4,5)",40.710373,-74.00758,2.0,0,44
2023-09-27,628,"Fulton St (A,C,J,Z,2,3,4,5)",40.710373,-74.00758,2.0,0,46
2023-09-27,628,"Fulton St (A,C,J,Z,2,3,4,5)",40.710373,-74.00758,2.0,0,57
2023-09-27,628,"Fulton St (A,C,J,Z,2,3,4,5)",40.710373,-74.00758,2.0,0,46
2023-09-27,628,"Fulton St (A,C,J,Z,2,3,4,5)",40.710373,-74.00758,2.0,0,47
2023-09-27,628,"Fulton St (A,C,J,Z,2,3,4,5)",40.710373,-74.00758,2.0,0,46
2023-09-27,628,"Fulton St (A,C,J,Z,2,3,4,5)",40.710373,-74.00657,4014.0,1,44
2023-09-27,628,"Fulton St (A,C,J,Z,2,3,4,5)",40.710373,-74.00657,4014.0,1,42
2023-09-27,628,"Fulton St (A,C,J,Z,2,3,4,5)",40.710373,-74.00657,4014.0,1,44
2023-09-27,628,"Fulton St (A,C,J,Z,2,3,4,5)",40.710373,-74.00657,4014.0,1,46
2023-09-27,628,"Fulton St (A,C,J,Z,2,3,4,5)",40.710373,-74.00657,4014.0,1,57
2023-09-27,628,"Fulton St (A,C,J,Z,2,3,4,5)",40.710373,-74.00657,4014.0,1,46
2023-09-27,628,"Fulton St (A,C,J,Z,2,3,4,5)",40.710373,-74.00657,4014.0,1,47
2023-09-27,628,"Fulton St (A,C,J,Z,2,3,4,5)",40.710373,-74.00657,4014.0,1,46
2023-10-04,628,"Fulton St (A,C,J,Z,2,3,4,5)",40.710373,-74.00758,4.0,0,44
2023-10-04,628,"Fulton St (A,C,J,Z,2,3,4,5)",40.710373,-74.00758,4.0,0,42
2023-10-04,628,"Fulton St (A,C,J,Z,2,3,4,5)",40.710373,-74.00758,4.0,0,44
2023-10-04,628,"Fulton St (A,C,J,Z,2,3,4,5)",40.710373,-74.00758,4.0,0,46
2023-10-04,628,"Fulton St (A,C,J,Z,2,3,4,5)",40.710373,-74.00758,4.0,0,57
2023-10-04,628,"Fulton St (A,C,J,Z,2,3,4,5)",40.710373,-74.00758,4.0,0,46
2023-10-04,628,"Fulton St (A,C,J,Z,2,3,4,5)",40.710373,-74.00758,4.0,0,47
2023-10-04,628,"Fulton St (A,C,J,Z,2,3,4,5)",40.710373,-74.00758,4.0,0,46
2023-10-04,628,"Fulton St (A,C,J,Z,2,3,4,5)",40.710373,-74.00657,2784.0,1,44
2023-10-04,628,"Fulton St (A,C,J,Z,2,3,4,5)",40.710373,-74.00657,2784.0,1,42
2023-10-04,628,"Fulton St (A,C,J,Z,2,3,4,5)",40.710373,-74.00657,2784.0,1,44
2023-10-04,628,"Fulton St (A,C,J,Z,2,3,4,5)",40.710373,-74.00657,2784.0,1,46
2023-10-04,628,"Fulton St (A,C,J,Z,2,3,4,5)",40.710373,-74.00657,2784.0,1,57
2023-10-04,628,"Fulton St (A,C,J,Z,2,3,4,5)",40.710373,-74.00657,2784.0,1,46
2023-10-04,628,"Fulton St (A,C,J,Z,2,3,4,5)",40.710373,-74.00657,2784.0,1,47
2023-10-04,628,"Fulton St (A,C,J,Z,2,3,4,5)",40.710373,-74.00657,2784.0,1,46
2023-10-17,628,"Fulton St (A,C,J,Z,2,3,4,5)",40.710197,-74.00657,7.0,0,44
2023-10-17,628,"Fulton St (A,C,J,Z,2,3,4,5)",40.710197,-74.00657,7.0,0,42
2023-10-17,628,"Fulton St (A,C,J,Z,2,3,4,5)",40.710197,-74.00657,7.0,0,44
2023-10-17,628,"Fulton St (A,C,J,Z,2,3,4,5)",40.710197,-74.00657,7.0,0,46
2023-10-17,628,"Fulton St (A,C,J,Z,2,3,4,5)",40.710197,-74.00657,7.0,0,57
2023-10-17,628,"Fulton St (A,C,J,Z,2,3,4,5)",40.710197,-74.00657,7.0,0,46
2023-10-17,628,"Fulton St (A,C,J,Z,2,3,4,5)",40.710197,-74.00657,7.0,0,47
2023-10-17,628,"Fulton St (A,C,J,Z,2,3,4,5)",40.710197,-74.00657,7.0,0,46
2023-10-17,628,"Fulton St (A,C,J,Z,2,3,4,5)",40.71037,-74.00769,15.0,0,44
2023-10-17,628,"Fulton St (A,C,J,Z,2,3,4,5)",40.71037,-74.00769,15.0,0,42
2023-10-17,628,"Fulton St (A,C,J,Z,2,3,4,5)",40.71037,-74.00769,15.0,0,44
2023-10-17,628,"Fulton St (A,C,J,Z,2,3,4,5)",40.71037,-74.00769,15.0,0,46
2023-10-17,628,"Fulton St (A,C,J,Z,2,3,4,5)",40.71037,-74.00769,15.0,0,57
2023-10-17,628,"Fulton St (A,C,J,Z,2,3,4,5)",40.71037,-74.00769,15.0,0,46
2023-10-17,628,"Fulton St (A,C,J,Z,2,3,4,5)",40.71037,-74.00769,15.0,0,47
2023-10-17,628,"Fulton St (A,C,J,Z,2,3,4,5)",40.71037,-74.00769,15.0,0,46
2023-10-17,628,"Fulton St (A,C,J,Z,2,3,4,5)",40.710373,-74.00657,7036.0,1,44
2023-10-17,628,"Fulton St (A,C,J,Z,2,3,4,5)",40.710373,-74.00657,7036.0,1,42
2023-10-17,628,"Fulton St (A,C,J,Z,2,3,4,5)",40.710373,-74.00657,7036.0,1,44
2023-10-17,628,"Fulton St (A,C,J,Z,2,3,4,5)",40.710373,-74.00657,7036.0,1,46
2023-10-17,628,"Fulton St (A,C,J,Z,2,3,4,5)",40.710373,-74.00657,7036.0,1,57
2023-10-17,628,"Fulton St (A,C,J,Z,2,3,4,5)",40.710373,-74.00657,7036.0,1,46
2023-10-17,628,"Fulton St (A,C,J,Z,2,3,4,5)",40.710373,-74.00657,7036.0,1,47
2023-10-17,628,"Fulton St (A,C,J,Z,2,3,4,5)",40.710373,-74.00657,7036.0,1,46
2023-11-02,628,"Fulton St (A,C,J,Z,2,3,4,5)",40.71037,-74.00657,6.0,0,44
2023-11-02,628,"Fulton St (A,C,J,Z,2,3,4,5)",40.71037,-74.00657,6.0,0,42
2023-11-02,628,"Fulton St (A,C,J,Z,2,3,4,5)",40.71037,-74.00657,6.0,0,44
2023-11-02,628,"Fulton St (A,C,J,Z,2,3,4,5)",40.71037,-74.00657,6.0,0,46
2023-11-02,628,"Fulton St (A,C,J,Z,2,3,4,5)",40.71037,-74.00657,6.0,0,57
2023-11-02,628,"Fulton St (A,C,J,Z,2,3,4,5)",40.71037,-74.00657,6.0,0,46
2023-11-02,628,"Fulton St (A,C,J,Z,2,3,4,5)",40.71037,-74.00657,6.0,0,47
2023-11-02,628,"Fulton St (A,C,J,Z,2,3,4,5)",40.71037,-74.00657,6.0,0,46
2023-11-02,628,"Fulton St (A,C,J,Z,2,3,4,5)",40.710373,-74.00657,8020.0,1,44
2023-11-02,628,"Fulton St (A,C,J,Z,2,3,4,5)",40.710373,-74.00657,8020.0,1,42
2023-11-02,628,"Fulton St (A,C,J,Z,2,3,4,5)",40.710373,-74.00657,8020.0,1,44
2023-11-02,628,"Fulton St (A,C,J,Z,2,3,4,5)",40.710373,-74.00657,8020.0,1,46
2023-11-02,628,"Fulton St (A,C,J,Z,2,3,4,5)",40.710373,-74.00657,8020.0,1,57
2023-11-02,628,"Fulton St (A,C,J,Z,2,3,4,5)",40.710373,-74.00657,8020.0,1,46
2023-11-02,628,"Fulton St (A,C,J,Z,2,3,4,5)",40.710373,-74.00657,8020.0,1,47
2023-11-02,628,"Fulton St (A,C,J,Z,2,3,4,5)",40.710373,-74.00657,8020.0,1,46
2023-11-03,628,"Fulton St (A,C,J,Z,2,3,4,5)",40.710197,-74.00769,1.0,0,44
2023-11-03,628,"Fulton St (A,C,J,Z,2,3,4,5)",40.710197,-74.00769,1.0,0,42
2023-11-03,628,"Fulton St (A,C,J,Z,2,3,4,5)",40.710197,-74.00769,1.0,0,44
2023-11-03,628,"Fulton St (A,C,J,Z,2,3,4,5)",40.710197,-74.00769,1.0,0,46
2023-11-03,628,"Fulton St (A,C,J,Z,2,3,4,5)",40.710197,-74.00769,1.0,0,57
2023-11-03,628,"Fulton St (A,C,J,Z,2,3,4,5)",40.710197,-74.00769,1.0,0,46
2023-11-03,628,"Fulton St (A,C,J,Z,2,3,4,5)",40.710197,-74.00769,1.0,0,47
2023-11-03,628,"Fulton St (A,C,J,Z,2,3,4,5)",40.710197,-74.00769,1.0,0,46
2023-11-03,628,"Fulton St (A,C,J,Z,2,3,4,5)",40.71037,-74.00657,33.0,0,44
2023-11-03,628,"Fulton St (A,C,J,Z,2,3,4,5)",40.71037,-74.00657,33.0,0,42
2023-11-03,628,"Fulton St (A,C,J,Z,2,3,4,5)",40.71037,-74.00657,33.0,0,44
2023-11-03,628,"Fulton St (A,C,J,Z,2,3,4,5)",40.71037,-74.00657,33.0,0,46
2023-11-03,628,"Fulton St (A,C,J,Z,2,3,4,5)",40.71037,-74.00657,33.0,0,57
2023-11-03,628,"Fulton St (A,C,J,Z,2,3,4,5)",40.71037,-74.00657,33.0,0,46
2023-11-03,628,"Fulton St (A,C,J,Z,2,3,4,5)",40.71037,-74.00657,33.0,0,47
2023-11-03,628,"Fulton St (A,C,J,Z,2,3,4,5)",40.71037,-74.00657,33.0,0,46
2023-11-03,628,"Fulton St (A,C,J,Z,2,3,4,5)",40.710373,-74.00657,3495.0,1,44
2023-11-03,628,"Fulton St (A,C,J,Z,2,3,4,5)",40.710373,-74.00657,3495.0,1,42
2023-11-03,628,"Fulton St (A,C,J,Z,2,3,4,5)",40.710373,-74.00657,3495.0,1,44
2023-11-03,628,"Fulton St (A,C,J,Z,2,3,4,5)",40.710373,-74.00657,3495.0,1,46
2023-11-03,628,"Fulton St (A,C,J,Z,2,3,4,5)",40.710373,-74.00657,3495.0,1,57
2023-11-03,628,"Fulton St (A,C,J,Z,2,3,4,5)",40.710373,-74.00657,3495.0,1,46
2023-11-03,628,"Fulton St (A,C,J,Z,2,3,4,5)",40.710373,-74.00657,3495.0,1,47
2023-11-03,628,"Fulton St (A,C,J,Z,2,3,4,5)",40.710373,-74.00657,3495.0,1,46
2023-11-08,628,"Fulton St (A,C,J,Z,2,3,4,5)",40.710197,-74.00769,1.0,0,44
2023-11-08,628,"Fulton St (A,C,J,Z,2,3,4,5)",40.710197,-74.00769,1.0,0,42
2023-11-08,628,"Fulton St (A,C,J,Z,2,3,4,5)",40.710197,-74.00769,1.0,0,44
2023-11-08,628,"Fulton St (A,C,J,Z,2,3,4,5)",40.710197,-74.00769,1.0,0,46
2023-11-08,628,"Fulton St (A,C,J,Z,2,3,4,5)",40.710197,-74.00769,1.0,0,57
2023-11-08,628,"Fulton St (A,C,J,Z,2,3,4,5)",40.710197,-74.00769,1.0,0,46
2023-11-08,628,"Fulton St (A,C,J,Z,2,3,4,5)",40.710197,-74.00769,1.0,0,47
2023-11-08,628,"Fulton St (A,C,J,Z,2,3,4,5)",40.710197,-74.00769,1.0,0,46
2023-11-08,628,"Fulton St (A,C,J,Z,2,3,4,5)",40.71037,-74.00657,37.0,0,44
2023-11-08,628,"Fulton St (A,C,J,Z,2,3,4,5)",40.71037,-74.00657,37.0,0,42
2023-11-08,628,"Fulton St (A,C,J,Z,2,3,4,5)",40.71037,-74.00657,37.0,0,44
2023-11-08,628,"Fulton St (A,C,J,Z,2,3,4,5)",40.71037,-74.00657,37.0,0,46
2023-11-08,628,"Fulton St (A,C,J,Z,2,3,4,5)",40.71037,-74.00657,37.0,0,57
2023-11-08,628,"Fulton St (A,C,J,Z,2,3,4,5)",40.71037,-74.00657,37.0,0,46
2023-11-08,628,"Fulton St (A,C,J,Z,2,3,4,5)",40.71037,-74.00657,37.0,0,47
2023-11-08,628,"Fulton St (A,C,J,Z,2,3,4,5)",40.71037,-74.00657,37.0,0,46
2023-11-08,628,"Fulton St (A,C,J,Z,2,3,4,5)",40.710373,-74.00657,3096.0,1,44
2023-11-08,628,"Fulton St (A,C,J,Z,2,3,4,5)",40.710373,-74.00657,3096.0,1,42
2023-11-08,628,"Fulton St (A,C,J,Z,2,3,4,5)",40.710373,-74.00657,3096.0,1,44
2023-11-08,628,"Fulton St (A,C,J,Z,2,3,4,5)",40.710373,-74.00657,3096.0,1,46
2023-11-08,628,"Fulton St (A,C,J,Z,2,3,4,5)",40.710373,-74.00657,3096.0,1,57
2023-11-08,628,"Fulton St (A,C,J,Z,2,3,4,5)",40.710373,-74.00657,3096.0,1,46
2023-11-08,628,"Fulton St (A,C,J,Z,2,3,4,5)",40.710373,-74.00657,3096.0,1,47
2023-11-08,628,"Fulton St (A,C,J,Z,2,3,4,5)",40.710373,-74.00657,3096.0,1,46
2023-11-17,628,"Fulton St (A,C,J,Z,2,3,4,5)",40.710373,-74.00657,27.0,0,44
2023-11-17,628,"Fulton St (A,C,J,Z,2,3,4,5)",40.710373,-74.00657,27.0,0,42
2023-11-17,628,"Fulton St (A,C,J,Z,2,3,4,5)",40.710373,-74.00657,27.0,0,44
2023-11-17,628,"Fulton St (A,C,J,Z,2,3,4,5)",40.710373,-74.00657,27.0,0,46
2023-11-17,628,"Fulton St (A,C,J,Z,2,3,4,5)",40.710373,-74.00657,27.0,0,57
2023-11-17,628,"Fulton St (A,C,J,Z,2,3,4,5)",40.710373,-74.00657,27.0,0,46
2023-11-17,628,"Fulton St (A,C,J,Z,2,3,4,5)",40.710373,-74.00657,27.0,0,47
2023-11-17,628,"Fulton St (A,C,J,Z,2,3,4,5)",40.710373,-74.00657,27.0,0,46
2023-11-23,628,"Fulton St (A,C,J,Z,2,3,4,5)",40.71037,-74.00657,10.0,0,44
2023-11-23,628,"Fulton St (A,C,J,Z,2,3,4,5)",40.71037,-74.00657,10.0,0,42
2023-11-23,628,"Fulton St (A,C,J,Z,2,3,4,5)",40.71037,-74.00657,10.0,0,44
2023-11-23,628,"Fulton St (A,C,J,Z,2,3,4,5)",40.71037,-74.00657,10.0,0,46
2023-11-23,628,"Fulton St (A,C,J,Z,2,3,4,5)",40.71037,-74.00657,10.0,0,57
2023-11-23,628,"Fulton St (A,C,J,Z,2,3,4,5)",40.71037,-74.00657,10.0,0,46
2023-11-23,628,"Fulton St (A,C,J,Z,2,3,4,5)",40.71037,-74.00657,10.0,0,47
2023-11-23,628,"Fulton St (A,C,J,Z,2,3,4,5)",40.71037,-74.00657,10.0,0,46
2023-11-23,628,"Fulton St (A,C,J,Z,2,3,4,5)",40.710373,-74.00657,169.0,0,44
2023-11-23,628,"Fulton St (A,C,J,Z,2,3,4,5)",40.710373,-74.00657,169.0,0,42
2023-11-23,628,"Fulton St (A,C,J,Z,2,3,4,5)",40.710373,-74.00657,169.0,0,44
2023-11-23,628,"Fulton St (A,C,J,Z,2,3,4,5)",40.710373,-74.00657,169.0,0,46
2023-11-23,628,"Fulton St (A,C,J,Z,2,3,4,5)",40.710373,-74.00657,169.0,0,57
2023-11-23,628,"Fulton St (A,C,J,Z,2,3,4,5)",40.710373,-74.00657,169.0,0,46
2023-11-23,628,"Fulton St (A,C,J,Z,2,3,4,5)",40.710373,-74.00657,169.0,0,47
2023-11-23,628,"Fulton St (A,C,J,Z,2,3,4,5)",40.710373,-74.00657,169.0,0,46
2024-01-15,628,"Fulton St (A,C,J,Z,2,3,4,5)",40.709415,-74.00657,2.0,0,44
2024-01-15,628,"Fulton St (A,C,J,Z,2,3,4,5)",40.709415,-74.00657,2.0,0,42
2024-01-15,628,"Fulton St (A,C,J,Z,2,3,4,5)",40.709415,-74.00657,2.0,0,44
2024-01-15,628,"Fulton St (A,C,J,Z,2,3,4,5)",40.709415,-74.00657,2.0,0,46
2024-01-15,628,"Fulton St (A,C,J,Z,2,3,4,5)",40.709415,-74.00657,2.0,0,57
2024-01-15,628,"Fulton St (A,C,J,Z,2,3,4,5)",40.709415,-74.00657,2.0,0,46
2024-01-15,628,"Fulton St (A,C,J,Z,2,3,4,5)",40.709415,-74.00657,2.0,0,47
2024-01-15,628,"Fulton St (A,C,J,Z,2,3,4,5)",40.709415,-74.00657,2.0,0,46
2024-01-15,628,"Fulton St (A,C,J,Z,2,3,4,5)",40.71037,-74.00769,21.0,0,44
2024-01-15,628,"Fulton St (A,C,J,Z,2,3,4,5)",40.71037,-74.00769,21.0,0,42
2024-01-15,628,"Fulton St (A,C,J,Z,2,3,4,5)",40.71037,-74.00769,21.0,0,44
2024-01-15,628,"Fulton St (A,C,J,Z,2,3,4,5)",40.71037,-74.00769,21.0,0,46
2024-01-15,628,"Fulton St (A,C,J,Z,2,3,4,5)",40.71037,-74.00769,21.0,0,57
2024-01-15,628,"Fulton St (A,C,J,Z,2,3,4,5)",40.71037,-74.00769,21.0,0,46
2024-01-15,628,"Fulton St (A,C,J,Z,2,3,4,5)",40.71037,-74.00769,21.0,0,47
2024-01-15,628,"Fulton St (A,C,J,Z,2,3,4,5)",40.71037,-74.00769,21.0,0,46
2024-01-15,628,"Fulton St (A,C,J,Z,2,3,4,5)",40.71037,-74.00657,26.0,0,44
2024-01-15,628,"Fulton St (A,C,J,Z,2,3,4,5)",40.71037,-74.00657,26.0,0,42
2024-01-15,628,"Fulton St (A,C,J,Z,2,3,4,5)",40.71037,-74.00657,26.0,0,44
2024-01-15,628,"Fulton St (A,C,J,Z,2,3,4,5)",40.71037,-74.00657,26.0,0,46
2024-01-15,628,"Fulton St (A,C,J,Z,2,3,4,5)",40.71037,-74.00657,26.0,0,57
2024-01-15,628,"Fulton St (A,C,J,Z,2,3,4,5)",40.71037,-74.00657,26.0,0,46
2024-01-15,628,"Fulton St (A,C,J,Z,2,3,4,5)",40.71037,-74.00657,26.0,0,47
2024-01-15,628,"Fulton St (A,C,J,Z,2,3,4,5)",40.71037,-74.00657,26.0,0,46
2024-01-15,628,"Fulton St (A,C,J,Z,2,3,4,5)",40.710373,-74.00657,2404.0,1,44
2024-01-15,628,"Fulton St (A,C,J,Z,2,3,4,5)",40.710373,-74.00657,2404.0,1,42
2024-01-15,628,"Fulton St (A,C,J,Z,2,3,4,5)",40.710373,-74.00657,2404.0,1,44
2024-01-15,628,"Fulton St (A,C,J,Z,2,3,4,5)",40.710373,-74.00657,2404.0,1,46
2024-01-15,628,"Fulton St (A,C,J,Z,2,3,4,5)",40.710373,-74.00657,2404.0,1,57
2024-01-15,628,"Fulton St (A,C,J,Z,2,3,4,5)",40.710373,-74.00657,2404.0,1,46
2024-01-15,628,"Fulton St (A,C,J,Z,2,3,4,5)",40.710373,-74.00657,2404.0,1,47
2024-01-15,628,"Fulton St (A,C,J,Z,2,3,4,5)",40.710373,-74.00657,2404.0,1,46
2024-02-29,628,"Fulton St (A,C,J,Z,2,3,4,5)",40.710373,-74.00657,1419.0,1,44
2024-02-29,628,"Fulton St (A,C,J,Z,2,3,4,5)",40.710373,-74.00657,1419.0,1,42
2024-02-29,628,"Fulton St (A,C,J,Z,2,3,4,5)",40.710373,-74.00657,1419.0,1,44
2024-02-29,628,"Fulton St (A,C,J,Z,2,3,4,5)",40.710373,-74.00657,1419.0,1,46
2024-02-29,628,"Fulton St (A,C,J,Z,2,3,4,5)",40.710373,-74.00657,1419.0,1,57
2024-02-29,628,"Fulton St (A,C,J,Z,2,3,4,5)",40.710373,-74.00657,1419.0,1,46
2024-02-29,628,"Fulton St (A,C,J,Z,2,3,4,5)",40.710373,-74.00657,1419.0,1,47
2024-02-29,628,"Fulton St (A,C,J,Z,2,3,4,5)",40.710373,-74.00657,1419.0,1,46
2024-03-05,628,"Fulton St (A,C,J,Z,2,3,4,5)",40.710197,-74.00657,7.0,0,44
2024-03-05,628,"Fulton St (A,C,J,Z,2,3,4,5)",40.710197,-74.00657,7.0,0,42
2024-03-05,628,"Fulton St (A,C,J,Z,2,3,4,5)",40.710197,-74.00657,7.0,0,44
2024-03-05,628,"Fulton St (A,C,J,Z,2,3,4,5)",40.710197,-74.00657,7.0,0,46
2024-03-05,628,"Fulton St (A,C,J,Z,2,3,4,5)",40.710197,-74.00657,7.0,0,57
2024-03-05,628,"Fulton St (A,C,J,Z,2,3,4,5)",40.710197,-74.00657,7.0,0,46
2024-03-05,628,"Fulton St (A,C,J,Z,2,3,4,5)",40.710197,-74.00657,7.0,0,47
2024-03-05,628,"Fulton St (A,C,J,Z,2,3,4,5)",40.710197,-74.00657,7.0,0,46
2024-03-05,628,"Fulton St (A,C,J,Z,2,3,4,5)",40.71037,-74.00657,77.0,0,44
2024-03-05,628,"Fulton St (A,C,J,Z,2,3,4,5)",40.71037,-74.00657,77.0,0,42
2024-03-05,628,"Fulton St (A,C,J,Z,2,3,4,5)",40.71037,-74.00657,77.0,0,44
2024-03-05,628,"Fulton St (A,C,J,Z,2,3,4,5)",40.71037,-74.00657,77.0,0,46
2024-03-05,628,"Fulton St (A,C,J,Z,2,3,4,5)",40.71037,-74.00657,77.0,0,57
2024-03-05,628,"Fulton St (A,C,J,Z,2,3,4,5)",40.71037,-74.00657,77.0,0,46
2024-03-05,628,"Fulton St (A,C,J,Z,2,3,4,5)",40.71037,-74.00657,77.0,0,47
2024-03-05,628,"Fulton St (A,C,J,Z,2,3,4,5)",40.71037,-74.00657,77.0,0,46
2024-03-05,628,"Fulton St (A,C,J,Z,2,3,4,5)",40.710373,-74.00657,9600.0,1,44
2024-03-05,628,"Fulton St (A,C,J,Z,2,3,4,5)",40.710373,-74.00657,9600.0,1,42
2024-03-05,628,"Fulton St (A,C,J,Z,2,3,4,5)",40.710373,-74.00657,9600.0,1,44
2024-03-05,628,"Fulton St (A,C,J,Z,2,3,4,5)",40.710373,-74.00657,9600.0,1,46
2024-03-05,628,"Fulton St (A,C,J,Z,2,3,4,5)",40.710373,-74.00657,9600.0,1,57
2024-03-05,628,"Fulton St (A,C,J,Z,2,3,4,5)",40.710373,-74.00657,9600.0,1,46
2024-03-05,628,"Fulton St (A,C,J,Z,2,3,4,5)",40.710373,-74.00657,9600.0,1,47
2024-03-05,628,"Fulton St (A,C,J,Z,2,3,4,5)",40.710373,-74.00657,9600.0,1,46
2024-04-05,628,"Fulton St (A,C,J,Z,2,3,4,5)",40.71037,-74.00657,69.0,0,44
2024-04-05,628,"Fulton St (A,C,J,Z,2,3,4,5)",40.71037,-74.00657,69.0,0,42
2024-04-05,628,"Fulton St (A,C,J,Z,2,3,4,5)",40.71037,-74.00657,69.0,0,44
2024-04-05,628,"Fulton St (A,C,J,Z,2,3,4,5)",40.71037,-74.00657,69.0,0,46
2024-04-05,628,"Fulton St (A,C,J,Z,2,3,4,5)",40.71037,-74.00657,69.0,0,57
2024-04-05,628,"Fulton St (A,C,J,Z,2,3,4,5)",40.71037,-74.00657,69.0,0,46
2024-04-05,628,"Fulton St (A,C,J,Z,2,3,4,5)",40.71037,-74.00657,69.0,0,47
2024-04-05,628,"Fulton St (A,C,J,Z,2,3,4,5)",40.71037,-74.00657,69.0,0,46
2024-04-05,628,"Fulton St (A,C,J,Z,2,3,4,5)",40.710373,-74.00657,879.0,0,44
2024-04-05,628,"Fulton St (A,C,J,Z,2,3,4,5)",40.710373,-74.00657,879.0,0,42
2024-04-05,628,"Fulton St (A,C,J,Z,2,3,4,5)",40.710373,-74.00657,879.0,0,44
2024-04-05,628,"Fulton St (A,C,J,Z,2,3,4,5)",40.710373,-74.00657,879.0,0,46
2024-04-05,628,"Fulton St (A,C,J,Z,2,3,4,5)",40.710373,-74.00657,879.0,0,57
2024-04-05,628,"Fulton St (A,C,J,Z,2,3,4,5)",40.710373,-74.00657,879.0,0,46
2024-04-05,628,"Fulton St (A,C,J,Z,2,3,4,5)",40.710373,-74.00657,879.0,0,47
2024-04-05,628,"Fulton St (A,C,J,Z,2,3,4,5)",40.710373,-74.00657,879.0,0,46
2024-04-16,628,"Fulton St (A,C,J,Z,2,3,4,5)",40.710373,-74.00657,367.0,0,44
2024-04-16,628,"Fulton St (A,C,J,Z,2,3,4,5)",40.710373,-74.00657,367.0,0,42
2024-04-16,628,"Fulton St (A,C,J,Z,2,3,4,5)",40.710373,-74.00657,367.0,0,44
2024-04-16,628,"Fulton St (A,C,J,Z,2,3,4,5)",40.710373,-74.00657,367.0,0,46
2024-04-16,628,"Fulton St (A,C,J,Z,2,3,4,5)",40.710373,-74.00657,367.0,0,57
2024-04-16,628,"Fulton St (A,C,J,Z,2,3,4,5)",40.710373,-74.00657,367.0,0,46
2024-04-16,628,"Fulton St (A,C,J,Z,2,3,4,5)",40.710373,-74.00657,367.0,0,47
2024-04-16,628,"Fulton St (A,C,J,Z,2,3,4,5)",40.710373,-74.00657,367.0,0,46
2024-05-03,628,"Fulton St (A,C,J,Z,2,3,4,5)",40.710197,-74.00769,1.0,0,44
2024-05-03,628,"Fulton St (A,C,J,Z,2,3,4,5)",40.710197,-74.00769,1.0,0,42
2024-05-03,628,"Fulton St (A,C,J,Z,2,3,4,5)",40.710197,-74.00769,1.0,0,44
2024-05-03,628,"Fulton St (A,C,J,Z,2,3,4,5)",40.710197,-74.00769,1.0,0,46
2024-05-03,628,"Fulton St (A,C,J,Z,2,3,4,5)",40.710197,-74.00769,1.0,0,57
2024-05-03,628,"Fulton St (A,C,J,Z,2,3,4,5)",40.710197,-74.00769,1.0,0,46
2024-05-03,628,"Fulton St (A,C,J,Z,2,3,4,5)",40.710197,-74.00769,1.0,0,47
2024-05-03,628,"Fulton St (A,C,J,Z,2,3,4,5)",40.710197,-74.00769,1.0,0,46
2024-05-03,628,"Fulton St (A,C,J,Z,2,3,4,5)",40.710373,-74.00657,2882.0,1,44
2024-05-03,628,"Fulton St (A,C,J,Z,2,3,4,5)",40.710373,-74.00657,2882.0,1,42
2024-05-03,628,"Fulton St (A,C,J,Z,2,3,4,5)",40.710373,-74.00657,2882.0,1,44
2024-05-03,628,"Fulton St (A,C,J,Z,2,3,4,5)",40.710373,-74.00657,2882.0,1,46
2024-05-03,628,"Fulton St (A,C,J,Z,2,3,4,5)",40.710373,-74.00657,2882.0,1,57
2024-05-03,628,"Fulton St (A,C,J,Z,2,3,4,5)",40.710373,-74.00657,2882.0,1,46
2024-05-03,628,"Fulton St (A,C,J,Z,2,3,4,5)",40.710373,-74.00657,2882.0,1,47
2024-05-03,628,"Fulton St (A,C,J,Z,2,3,4,5)",40.710373,-74.00657,2882.0,1,46
2024-05-07,628,"Fulton St (A,C,J,Z,2,3,4,5)",40.71037,-74.00769,6.0,0,44
2024-05-07,628,"Fulton St (A,C,J,Z,2,3,4,5)",40.71037,-74.00769,6.0,0,42
2024-05-07,628,"Fulton St (A,C,J,Z,2,3,4,5)",40.71037,-74.00769,6.0,0,44
2024-05-07,628,"Fulton St (A,C,J,Z,2,3,4,5)",40.71037,-74.00769,6.0,0,46
2024-05-07,628,"Fulton St (A,C,J,Z,2,3,4,5)",40.71037,-74.00769,6.0,0,57
2024-05-07,628,"Fulton St (A,C,J,Z,2,3,4,5)",40.71037,-74.00769,6.0,0,46
2024-05-07,628,"Fulton St (A,C,J,Z,2,3,4,5)",40.71037,-74.00769,6.0,0,47
2024-05-07,628,"Fulton St (A,C,J,Z,2,3,4,5)",40.71037,-74.00769,6.0,0,46
2024-05-07,628,"Fulton St (A,C,J,Z,2,3,4,5)",40.71037,-74.00657,102.0,0,44
2024-05-07,628,"Fulton St (A,C,J,Z,2,3,4,5)",40.71037,-74.00657,102.0,0,42
2024-05-07,628,"Fulton St (A,C,J,Z,2,3,4,5)",40.71037,-74.00657,102.0,0,44
2024-05-07,628,"Fulton St (A,C,J,Z,2,3,4,5)",40.71037,-74.00657,102.0,0,46
2024-05-07,628,"Fulton St (A,C,J,Z,2,3,4,5)",40.71037,-74.00657,102.0,0,57
2024-05-07,628,"Fulton St (A,C,J,Z,2,3,4,5)",40.71037,-74.00657,102.0,0,46
2024-05-07,628,"Fulton St (A,C,J,Z,2,3,4,5)",40.71037,-74.00657,102.0,0,47
2024-05-07,628,"Fulton St (A,C,J,Z,2,3,4,5)",40.71037,-74.00657,102.0,0,46
2024-05-07,628,"Fulton St (A,C,J,Z,2,3,4,5)",40.710373,-74.00657,4614.0,1,44
2024-05-07,628,"Fulton St (A,C,J,Z,2,3,4,5)",40.710373,-74.00657,4614.0,1,42
2024-05-07,628,"Fulton St (A,C,J,Z,2,3,4,5)",40.710373,-74.00657,4614.0,1,44
2024-05-07,628,"Fulton St (A,C,J,Z,2,3,4,5)",40.710373,-74.00657,4614.0,1,46
2024-05-07,628,"Fulton St (A,C,J,Z,2,3,4,5)",40.710373,-74.00657,4614.0,1,57
2024-05-07,628,"Fulton St (A,C,J,Z,2,3,4,5)",40.710373,-74.00657,4614.0,1,46
2024-05-07,628,"Fulton St (A,C,J,Z,2,3,4,5)",40.710373,-74.00657,4614.0,1,47
2024-05-07,628,"Fulton St (A,C,J,Z,2,3,4,5)",40.710373,-74.00657,4614.0,1,46
2024-05-17,628,"Fulton St (A,C,J,Z,2,3,4,5)",40.710197,-74.00657,3.0,0,44
2024-05-17,628,"Fulton St (A,C,J,Z,2,3,4,5)",40.710197,-74.00657,3.0,0,42
2024-05-17,628,"Fulton St (A,C,J,Z,2,3,4,5)",40.710197,-74.00657,3.0,0,44
2024-05-17,628,"Fulton St (A,C,J,Z,2,3,4,5)",40.710197,-74.00657,3.0,0,46
2024-05-17,628,"Fulton St (A,C,J,Z,2,3,4,5)",40.710197,-74.00657,3.0,0,57
2024-05-17,628,"Fulton St (A,C,J,Z,2,3,4,5)",40.710197,-74.00657,3.0,0,46
2024-05-17,628,"Fulton St (A,C,J,Z,2,3,4,5)",40.710197,-74.00657,3.0,0,47
2024-05-17,628,"Fulton St (A,C,J,Z,2,3,4,5)",40.710197,-74.00657,3.0,0,46
2024-05-17,628,"Fulton St (A,C,J,Z,2,3,4,5)",40.710373,-74.00657,2505.0,1,44
2024-05-17,628,"Fulton St (A,C,J,Z,2,3,4,5)",40.710373,-74.00657,2505.0,1,42
2024-05-17,628,"Fulton St (A,C,J,Z,2,3,4,5)",40.710373,-74.00657,2505.0,1,44
2024-05-17,628,"Fulton St (A,C,J,Z,2,3,4,5)",40.710373,-74.00657,2505.0,1,46
2024-05-17,628,"Fulton St (A,C,J,Z,2,3,4,5)",40.710373,-74.00657,2505.0,1,57
2024-05-17,628,"Fulton St (A,C,J,Z,2,3,4,5)",40.710373,-74.00657,2505.0,1,46
2024-05-17,628,"Fulton St (A,C,J,Z,2,3,4,5)",40.710373,-74.00657,2505.0,1,47
2024-05-17,628,"Fulton St (A,C,J,Z,2,3,4,5)",40.710373,-74.00657,2505.0,1,46
2024-05-24,628,"Fulton St (A,C,J,Z,2,3,4,5)",40.710197,-74.00657,8.0,0,44
2024-05-24,628,"Fulton St (A,C,J,Z,2,3,4,5)",40.710197,-74.00657,8.0,0,42
2024-05-24,628,"Fulton St (A,C,J,Z,2,3,4,5)",40.710197,-74.00657,8.0,0,44
2024-05-24,628,"Fulton St (A,C,J,Z,2,3,4,5)",40.710197,-74.00657,8.0,0,46
2024-05-24,628,"Fulton St (A,C,J,Z,2,3,4,5)",40.710197,-74.00657,8.0,0,57
2024-05-24,628,"Fulton St (A,C,J,Z,2,3,4,5)",40.710197,-74.00657,8.0,0,46
2024-05-24,628,"Fulton St (A,C,J,Z,2,3,4,5)",40.710197,-74.00657,8.0,0,47
2024-05-24,628,"Fulton St (A,C,J,Z,2,3,4,5)",40.710197,-74.00657,8.0,0,46
2024-05-24,628,"Fulton St (A,C,J,Z,2,3,4,5)",40.71037,-74.00657,61.0,0,44
2024-05-24,628,"Fulton St (A,C,J,Z,2,3,4,5)",40.71037,-74.00657,61.0,0,42
2024-05-24,628,"Fulton St (A,C,J,Z,2,3,4,5)",40.71037,-74.00657,61.0,0,44
2024-05-24,628,"Fulton St (A,C,J,Z,2,3,4,5)",40.71037,-74.00657,61.0,0,46
2024-05-24,628,"Fulton St (A,C,J,Z,2,3,4,5)",40.71037,-74.00657,61.0,0,57
2024-05-24,628,"Fulton St (A,C,J,Z,2,3,4,5)",40.71037,-74.00657,61.0,0,46
2024-05-24,628,"Fulton St (A,C,J,Z,2,3,4,5)",40.71037,-74.00657,61.0,0,47
2024-05-24,628,"Fulton St (A,C,J,Z,2,3,4,5)",40.71037,-74.00657,61.0,0,46
2024-05-24,628,"Fulton St (A,C,J,Z,2,3,4,5)",40.710373,-74.00657,3658.0,1,44
2024-05-24,628,"Fulton St (A,C,J,Z,2,3,4,5)",40.710373,-74.00657,3658.0,1,42
2024-05-24,628,"Fulton St (A,C,J,Z,2,3,4,5)",40.710373,-74.00657,3658.0,1,44
2024-05-24,628,"Fulton St (A,C,J,Z,2,3,4,5)",40.710373,-74.00657,3658.0,1,46
2024-05-24,628,"Fulton St (A,C,J,Z,2,3,4,5)",40.710373,-74.00657,3658.0,1,57
2024-05-24,628,"Fulton St (A,C,J,Z,2,3,4,5)",40.710373,-74.00657,3658.0,1,46
2024-05-24,628,"Fulton St (A,C,J,Z,2,3,4,5)",40.710373,-74.00657,3658.0,1,47
2024-05-24,628,"Fulton St (A,C,J,Z,2,3,4,5)",40.710373,-74.00657,3658.0,1,46
2024-05-31,628,"Fulton St (A,C,J,Z,2,3,4,5)",40.710197,-74.00769,4.0,0,44
2024-05-31,628,"Fulton St (A,C,J,Z,2,3,4,5)",40.710197,-74.00769,4.0,0,42
2024-05-31,628,"Fulton St (A,C,J,Z,2,3,4,5)",40.710197,-74.00769,4.0,0,44
2024-05-31,628,"Fulton St (A,C,J,Z,2,3,4,5)",40.710197,-74.00769,4.0,0,46
2024-05-31,628,"Fulton St (A,C,J,Z,2,3,4,5)",40.710197,-74.00769,4.0,0,57
2024-05-31,628,"Fulton St (A,C,J,Z,2,3,4,5)",40.710197,-74.00769,4.0,0,46
2024-05-31,628,"Fulton St (A,C,J,Z,2,3,4,5)",40.710197,-74.00769,4.0,0,47
2024-05-31,628,"Fulton St (A,C,J,Z,2,3,4,5)",40.710197,-74.00769,4.0,0,46
2024-05-31,628,"Fulton St (A,C,J,Z,2,3,4,5)",40.71037,-74.00769,4.0,0,44
2024-05-31,628,"Fulton St (A,C,J,Z,2,3,4,5)",40.71037,-74.00769,4.0,0,42
2024-05-31,628,"Fulton St (A,C,J,Z,2,3,4,5)",40.71037,-74.00769,4.0,0,44
2024-05-31,628,"Fulton St (A,C,J,Z,2,3,4,5)",40.71037,-74.00769,4.0,0,46
2024-05-31,628,"Fulton St (A,C,J,Z,2,3,4,5)",40.71037,-74.00769,4.0,0,57
2024-05-31,628,"Fulton St (A,C,J,Z,2,3,4,5)",40.71037,-74.00769,4.0,0,46
2024-05-31,628,"Fulton St (A,C,J,Z,2,3,4,5)",40.71037,-74.00769,4.0,0,47
2024-05-31,628,"Fulton St (A,C,J,Z,2,3,4,5)",40.71037,-74.00769,4.0,0,46
2024-05-31,628,"Fulton St (A,C,J,Z,2,3,4,5)",40.71037,-74.00657,6.0,0,44
2024-05-31,628,"Fulton St (A,C,J,Z,2,3,4,5)",40.71037,-74.00657,6.0,0,42
2024-05-31,628,"Fulton St (A,C,J,Z,2,3,4,5)",40.71037,-74.00657,6.0,0,44
2024-05-31,628,"Fulton St (A,C,J,Z,2,3,4,5)",40.71037,-74.00657,6.0,0,46
2024-05-31,628,"Fulton St (A,C,J,Z,2,3,4,5)",40.71037,-74.00657,6.0,0,57
2024-05-31,628,"Fulton St (A,C,J,Z,2,3,4,5)",40.71037,-74.00657,6.0,0,46
2024-05-31,628,"Fulton St (A,C,J,Z,2,3,4,5)",40.71037,-74.00657,6.0,0,47
2024-05-31,628,"Fulton St (A,C,J,Z,2,3,4,5)",40.71037,-74.00657,6.0,0,46
2024-05-31,628,"Fulton St (A,C,J,Z,2,3,4,5)",40.710373,-74.00657,5910.0,1,44
2024-05-31,628,"Fulton St (A,C,J,Z,2,3,4,5)",40.710373,-74.00657,5910.0,1,42
2024-05-31,628,"Fulton St (A,C,J,Z,2,3,4,5)",40.710373,-74.00657,5910.0,1,44
2024-05-31,628,"Fulton St (A,C,J,Z,2,3,4,5)",40.710373,-74.00657,5910.0,1,46
2024-05-31,628,"Fulton St (A,C,J,Z,2,3,4,5)",40.710373,-74.00657,5910.0,1,57
2024-05-31,628,"Fulton St (A,C,J,Z,2,3,4,5)",40.710373,-74.00657,5910.0,1,46
2024-05-31,628,"Fulton St (A,C,J,Z,2,3,4,5)",40.710373,-74.00657,5910.0,1,47
2024-05-31,628,"Fulton St (A,C,J,Z,2,3,4,5)",40.710373,-74.00657,5910.0,1,46
2024-06-03,628,"Fulton St (A,C,J,Z,2,3,4,5)",40.71037,-74.00951,5.0,0,44
2024-06-03,628,"Fulton St (A,C,J,Z,2,3,4,5)",40.71037,-74.00951,5.0,0,42
2024-06-03,628,"Fulton St (A,C,J,Z,2,3,4,5)",40.71037,-74.00951,5.0,0,44
2024-06-03,628,"Fulton St (A,C,J,Z,2,3,4,5)",40.71037,-74.00951,5.0,0,46
2024-06-03,628,"Fulton St (A,C,J,Z,2,3,4,5)",40.71037,-74.00951,5.0,0,57
2024-06-03,628,"Fulton St (A,C,J,Z,2,3,4,5)",40.71037,-74.00951,5.0,0,46
2024-06-03,628,"Fulton St (A,C,J,Z,2,3,4,5)",40.71037,-74.00951,5.0,0,47
2024-06-03,628,"Fulton St (A,C,J,Z,2,3,4,5)",40.71037,-74.00951,5.0,0,46
2024-06-03,628,"Fulton St (A,C,J,Z,2,3,4,5)",40.71037,-74.00657,192.0,0,44
2024-06-03,628,"Fulton St (A,C,J,Z,2,3,4,5)",40.71037,-74.00657,192.0,0,42
2024-06-03,628,"Fulton St (A,C,J,Z,2,3,4,5)",40.71037,-74.00657,192.0,0,44
2024-06-03,628,"Fulton St (A,C,J,Z,2,3,4,5)",40.71037,-74.00657,192.0,0,46
2024-06-03,628,"Fulton St (A,C,J,Z,2,3,4,5)",40.71037,-74.00657,192.0,0,57
2024-06-03,628,"Fulton St (A,C,J,Z,2,3,4,5)",40.71037,-74.00657,192.0,0,46
2024-06-03,628,"Fulton St (A,C,J,Z,2,3,4,5)",40.71037,-74.00657,192.0,0,47
2024-06-03,628,"Fulton St (A,C,J,Z,2,3,4,5)",40.71037,-74.00657,192.0,0,46
2024-06-03,628,"Fulton St (A,C,J,Z,2,3,4,5)",40.710373,-74.00657,9315.0,1,44
2024-06-03,628,"Fulton St (A,C,J,Z,2,3,4,5)",40.710373,-74.00657,9315.0,1,42
2024-06-03,628,"Fulton St (A,C,J,Z,2,3,4,5)",40.710373,-74.00657,9315.0,1,44
2024-06-03,628,"Fulton St (A,C,J,Z,2,3,4,5)",40.710373,-74.00657,9315.0,1,46
2024-06-03,628,"Fulton St (A,C,J,Z,2,3,4,5)",40.710373,-74.00657,9315.0,1,57
2024-06-03,628,"Fulton St (A,C,J,Z,2,3,4,5)",40.710373,-74.00657,9315.0,1,46
2024-06-03,628,"Fulton St (A,C,J,Z,2,3,4,5)",40.710373,-74.00657,9315.0,1,47
2024-06-03,628,"Fulton St (A,C,J,Z,2,3,4,5)",40.710373,-74.00657,9315.0,1,46
2024-06-13,628,"Fulton St (A,C,J,Z,2,3,4,5)",40.710373,-74.00657,1641.0,1,44
2024-06-13,628,"Fulton St (A,C,J,Z,2,3,4,5)",40.710373,-74.00657,1641.0,1,42
2024-06-13,628,"Fulton St (A,C,J,Z,2,3,4,5)",40.710373,-74.00657,1641.0,1,44
2024-06-13,628,"Fulton St (A,C,J,Z,2,3,4,5)",40.710373,-74.00657,1641.0,1,46
2024-06-13,628,"Fulton St (A,C,J,Z,2,3,4,5)",40.710373,-74.00657,1641.0,1,57
2024-06-13,628,"Fulton St (A,C,J,Z,2,3,4,5)",40.710373,-74.00657,1641.0,1,46
2024-06-13,628,"Fulton St (A,C,J,Z,2,3,4,5)",40.710373,-74.00657,1641.0,1,47
2024-06-13,628,"Fulton St (A,C,J,Z,2,3,4,5)",40.710373,-74.00657,1641.0,1,46
2024-06-18,628,"Fulton St (A,C,J,Z,2,3,4,5)",40.71037,-74.00657,10.0,0,44
2024-06-18,628,"Fulton St (A,C,J,Z,2,3,4,5)",40.71037,-74.00657,10.0,0,42
2024-06-18,628,"Fulton St (A,C,J,Z,2,3,4,5)",40.71037,-74.00657,10.0,0,44
2024-06-18,628,"Fulton St (A,C,J,Z,2,3,4,5)",40.71037,-74.00657,10.0,0,46
2024-06-18,628,"Fulton St (A,C,J,Z,2,3,4,5)",40.71037,-74.00657,10.0,0,57
2024-06-18,628,"Fulton St (A,C,J,Z,2,3,4,5)",40.71037,-74.00657,10.0,0,46
2024-06-18,628,"Fulton St (A,C,J,Z,2,3,4,5)",40.71037,-74.00657,10.0,0,47
2024-06-18,628,"Fulton St (A,C,J,Z,2,3,4,5)",40.71037,-74.00657,10.0,0,46
2024-06-18,628,"Fulton St (A,C,J,Z,2,3,4,5)",40.710373,-74.00657,3067.0,1,44
2024-06-18,628,"Fulton St (A,C,J,Z,2,3,4,5)",40.710373,-74.00657,3067.0,1,42
2024-06-18,628,"Fulton St (A,C,J,Z,2,3,4,5)",40.710373,-74.00657,3067.0,1,44
2024-06-18,628,"Fulton St (A,C,J,Z,2,3,4,5)",40.710373,-74.00657,3067.0,1,46
2024-06-18,628,"Fulton St (A,C,J,Z,2,3,4,5)",40.710373,-74.00657,3067.0,1,57
2024-06-18,628,"Fulton St (A,C,J,Z,2,3,4,5)",40.710373,-74.00657,3067.0,1,46
2024-06-18,628,"Fulton St (A,C,J,Z,2,3,4,5)",40.710373,-74.00657,3067.0,1,47
2024-06-18,628,"Fulton St (A,C,J,Z,2,3,4,5)",40.710373,-74.00657,3067.0,1,46
2024-06-20,628,"Fulton St (A,C,J,Z,2,3,4,5)",40.710373,-74.00657,710.0,0,44
2024-06-20,628,"Fulton St (A,C,J,Z,2,3,4,5)",40.710373,-74.00657,710.0,0,42
2024-06-20,628,"Fulton St (A,C,J,Z,2,3,4,5)",40.710373,-74.00657,710.0,0,44
2024-06-20,628,"Fulton St (A,C,J,Z,2,3,4,5)",40.710373,-74.00657,710.0,0,46
2024-06-20,628,"Fulton St (A,C,J,Z,2,3,4,5)",40.710373,-74.00657,710.0,0,57
2024-06-20,628,"Fulton St (A,C,J,Z,2,3,4,5)",40.710373,-74.00657,710.0,0,46
2024-06-20,628,"Fulton St (A,C,J,Z,2,3,4,5)",40.710373,-74.00657,710.0,0,47
2024-06-20,628,"Fulton St (A,C,J,Z,2,3,4,5)",40.710373,-74.00657,710.0,0,46
2024-06-21,628,"Fulton St (A,C,J,Z,2,3,4,5)",40.710197,-74.00769,6.0,0,44
2024-06-21,628,"Fulton St (A,C,J,Z,2,3,4,5)",40.710197,-74.00769,6.0,0,42
2024-06-21,628,"Fulton St (A,C,J,Z,2,3,4,5)",40.710197,-74.00769,6.0,0,44
2024-06-21,628,"Fulton St (A,C,J,Z,2,3,4,5)",40.710197,-74.00769,6.0,0,46
2024-06-21,628,"Fulton St (A,C,J,Z,2,3,4,5)",40.710197,-74.00769,6.0,0,57
2024-06-21,628,"Fulton St (A,C,J,Z,2,3,4,5)",40.710197,-74.00769,6.0,0,46
2024-06-21,628,"Fulton St (A,C,J,Z,2,3,4,5)",40.710197,-74.00769,6.0,0,47
2024-06-21,628,"Fulton St (A,C,J,Z,2,3,4,5)",40.710197,-74.00769,6.0,0,46
2024-06-21,628,"Fulton St (A,C,J,Z,2,3,4,5)",40.710197,-74.00657,7.0,0,44
2024-06-21,628,"Fulton St (A,C,J,Z,2,3,4,5)",40.710197,-74.00657,7.0,0,42
2024-06-21,628,"Fulton St (A,C,J,Z,2,3,4,5)",40.710197,-74.00657,7.0,0,44
2024-06-21,628,"Fulton St (A,C,J,Z,2,3,4,5)",40.710197,-74.00657,7.0,0,46
2024-06-21,628,"Fulton St (A,C,J,Z,2,3,4,5)",40.710197,-74.00657,7.0,0,57
2024-06-21,628,"Fulton St (A,C,J,Z,2,3,4,5)",40.710197,-74.00657,7.0,0,46
2024-06-21,628,"Fulton St (A,C,J,Z,2,3,4,5)",40.710197,-74.00657,7.0,0,47
2024-06-21,628,"Fulton St (A,C,J,Z,2,3,4,5)",40.710197,-74.00657,7.0,0,46
2024-06-21,628,"Fulton St (A,C,J,Z,2,3,4,5)",40.71037,-74.00951,9.0,0,44
2024-06-21,628,"Fulton St (A,C,J,Z,2,3,4,5)",40.71037,-74.00951,9.0,0,42
2024-06-21,628,"Fulton St (A,C,J,Z,2,3,4,5)",40.71037,-74.00951,9.0,0,44
2024-06-21,628,"Fulton St (A,C,J,Z,2,3,4,5)",40.71037,-74.00951,9.0,0,46
2024-06-21,628,"Fulton St (A,C,J,Z,2,3,4,5)",40.71037,-74.00951,9.0,0,57
2024-06-21,628,"Fulton St (A,C,J,Z,2,3,4,5)",40.71037,-74.00951,9.0,0,46
2024-06-21,628,"Fulton St (A,C,J,Z,2,3,4,5)",40.71037,-74.00951,9.0,0,47
2024-06-21,628,"Fulton St (A,C,J,Z,2,3,4,5)",40.71037,-74.00951,9.0,0,46
2024-06-21,628,"Fulton St (A,C,J,Z,2,3,4,5)",40.71037,-74.00769,10.0,0,44
2024-06-21,628,"Fulton St (A,C,J,Z,2,3,4,5)",40.71037,-74.00769,10.0,0,42
2024-06-21,628,"Fulton St (A,C,J,Z,2,3,4,5)",40.71037,-74.00769,10.0,0,44
2024-06-21,628,"Fulton St (A,C,J,Z,2,3,4,5)",40.71037,-74.00769,10.0,0,46
2024-06-21,628,"Fulton St (A,C,J,Z,2,3,4,5)",40.71037,-74.00769,10.0,0,57
2024-06-21,628,"Fulton St (A,C,J,Z,2,3,4,5)",40.71037,-74.00769,10.0,0,46
2024-06-21,628,"Fulton St (A,C,J,Z,2,3,4,5)",40.71037,-74.00769,10.0,0,47
2024-06-21,628,"Fulton St (A,C,J,Z,2,3,4,5)",40.71037,-74.00769,10.0,0,46
2024-06-21,628,"Fulton St (A,C,J,Z,2,3,4,5)",40.71037,-74.00657,43.0,0,44
2024-06-21,628,"Fulton St (A,C,J,Z,2,3,4,5)",40.71037,-74.00657,43.0,0,42
2024-06-21,628,"Fulton St (A,C,J,Z,2,3,4,5)",40.71037,-74.00657,43.0,0,44
2024-06-21,628,"Fulton St (A,C,J,Z,2,3,4,5)",40.71037,-74.00657,43.0,0,46
2024-06-21,628,"Fulton St (A,C,J,Z,2,3,4,5)",40.71037,-74.00657,43.0,0,57
2024-06-21,628,"Fulton St (A,C,J,Z,2,3,4,5)",40.71037,-74.00657,43.0,0,46
2024-06-21,628,"Fulton St (A,C,J,Z,2,3,4,5)",40.71037,-74.00657,43.0,0,47
2024-06-21,628,"Fulton St (A,C,J,Z,2,3,4,5)",40.71037,-74.00657,43.0,0,46
2024-06-21,628,"Fulton St (A,C,J,Z,2,3,4,5)",40.710373,-74.00657,7790.0,1,44
2024-06-21,628,"Fulton St (A,C,J,Z,2,3,4,5)",40.710373,-74.00657,7790.0,1,42
2024-06-21,628,"Fulton St (A,C,J,Z,2,3,4,5)",40.710373,-74.00657,7790.0,1,44
2024-06-21,628,"Fulton St (A,C,J,Z,2,3,4,5)",40.710373,-74.00657,7790.0,1,46
2024-06-21,628,"Fulton St (A,C,J,Z,2,3,4,5)",40.710373,-74.00657,7790.0,1,57
2024-06-21,628,"Fulton St (A,C,J,Z,2,3,4,5)",40.710373,-74.00657,7790.0,1,46
2024-06-21,628,"Fulton St (A,C,J,Z,2,3,4,5)",40.710373,-74.00657,7790.0,1,47
2024-06-21,628,"Fulton St (A,C,J,Z,2,3,4,5)",40.710373,-74.00657,7790.0,1,46
2024-06-28,628,"Fulton St (A,C,J,Z,2,3,4,5)",40.710197,-74.00657,2.0,0,44
2024-06-28,628,"Fulton St (A,C,J,Z,2,3,4,5)",40.710197,-74.00657,2.0,0,42
2024-06-28,628,"Fulton St (A,C,J,Z,2,3,4,5)",40.710197,-74.00657,2.0,0,44
2024-06-28,628,"Fulton St (A,C,J,Z,2,3,4,5)",40.710197,-74.00657,2.0,0,46
2024-06-28,628,"Fulton St (A,C,J,Z,2,3,4,5)",40.710197,-74.00657,2.0,0,57
2024-06-28,628,"Fulton St (A,C,J,Z,2,3,4,5)",40.710197,-74.00657,2.0,0,46
2024-06-28,628,"Fulton St (A,C,J,Z,2,3,4,5)",40.710197,-74.00657,2.0,0,47
2024-06-28,628,"Fulton St (A,C,J,Z,2,3,4,5)",40.710197,-74.00657,2.0,0,46
2024-06-28,628,"Fulton St (A,C,J,Z,2,3,4,5)",40.71037,-74.00657,73.0,0,44
2024-06-28,628,"Fulton St (A,C,J,Z,2,3,4,5)",40.71037,-74.00657,73.0,0,42
2024-06-28,628,"Fulton St (A,C,J,Z,2,3,4,5)",40.71037,-74.00657,73.0,0,44
2024-06-28,628,"Fulton St (A,C,J,Z,2,3,4,5)",40.71037,-74.00657,73.0,0,46
2024-06-28,628,"Fulton St (A,C,J,Z,2,3,4,5)",40.71037,-74.00657,73.0,0,57
2024-06-28,628,"Fulton St (A,C,J,Z,2,3,4,5)",40.71037,-74.00657,73.0,0,46
2024-06-28,628,"Fulton St (A,C,J,Z,2,3,4,5)",40.71037,-74.00657,73.0,0,47
2024-06-28,628,"Fulton St (A,C,J,Z,2,3,4,5)",40.71037,-74.00657,73.0,0,46
2024-06-28,628,"Fulton St (A,C,J,Z,2,3,4,5)",40.710373,-74.00657,3325.0,1,44
2024-06-28,628,"Fulton St (A,C,J,Z,2,3,4,5)",40.710373,-74.00657,3325.0,1,42
2024-06-28,628,"Fulton St (A,C,J,Z,2,3,4,5)",40.710373,-74.00657,3325.0,1,44
2024-06-28,628,"Fulton St (A,C,J,Z,2,3,4,5)",40.710373,-74.00657,3325.0,1,46
2024-06-28,628,"Fulton St (A,C,J,Z,2,3,4,5)",40.710373,-74.00657,3325.0,1,57
2024-06-28,628,"Fulton St (A,C,J,Z,2,3,4,5)",40.710373,-74.00657,3325.0,1,46
2024-06-28,628,"Fulton St (A,C,J,Z,2,3,4,5)",40.710373,-74.00657,3325.0,1,47
2024-06-28,628,"Fulton St (A,C,J,Z,2,3,4,5)",40.710373,-74.00657,3325.0,1,46
2024-08-28,628,"Fulton St (A,C,J,Z,2,3,4,5)",40.710373,-74.00657,5317.0,1,44
2024-08-28,628,"Fulton St (A,C,J,Z,2,3,4,5)",40.710373,-74.00657,5317.0,1,42
2024-08-28,628,"Fulton St (A,C,J,Z,2,3,4,5)",40.710373,-74.00657,5317.0,1,44
2024-08-28,628,"Fulton St (A,C,J,Z,2,3,4,5)",40.710373,-74.00657,5317.0,1,46
2024-08-28,628,"Fulton St (A,C,J,Z,2,3,4,5)",40.710373,-74.00657,5317.0,1,57
2024-08-28,628,"Fulton St (A,C,J,Z,2,3,4,5)",40.710373,-74.00657,5317.0,1,46
2024-08-28,628,"Fulton St (A,C,J,Z,2,3,4,5)",40.710373,-74.00657,5317.0,1,47
2024-08-28,628,"Fulton St (A,C,J,Z,2,3,4,5)",40.710373,-74.00657,5317.0,1,46
2024-08-29,628,"Fulton St (A,C,J,Z,2,3,4,5)",40.71037,-74.00657,8.0,0,44
2024-08-29,628,"Fulton St (A,C,J,Z,2,3,4,5)",40.71037,-74.00657,8.0,0,42
2024-08-29,628,"Fulton St (A,C,J,Z,2,3,4,5)",40.71037,-74.00657,8.0,0,44
2024-08-29,628,"Fulton St (A,C,J,Z,2,3,4,5)",40.71037,-74.00657,8.0,0,46
2024-08-29,628,"Fulton St (A,C,J,Z,2,3,4,5)",40.71037,-74.00657,8.0,0,57
2024-08-29,628,"Fulton St (A,C,J,Z,2,3,4,5)",40.71037,-74.00657,8.0,0,46
2024-08-29,628,"Fulton St (A,C,J,Z,2,3,4,5)",40.71037,-74.00657,8.0,0,47
2024-08-29,628,"Fulton St (A,C,J,Z,2,3,4,5)",40.71037,-74.00657,8.0,0,46
2024-08-29,628,"Fulton St (A,C,J,Z,2,3,4,5)",40.710373,-74.00657,3314.0,1,44
2024-08-29,628,"Fulton St (A,C,J,Z,2,3,4,5)",40.710373,-74.00657,3314.0,1,42
2024-08-29,628,"Fulton St (A,C,J,Z,2,3,4,5)",40.710373,-74.00657,3314.0,1,44
2024-08-29,628,"Fulton St (A,C,J,Z,2,3,4,5)",40.710373,-74.00657,3314.0,1,46
2024-08-29,628,"Fulton St (A,C,J,Z,2,3,4,5)",40.710373,-74.00657,3314.0,1,57
2024-08-29,628,"Fulton St (A,C,J,Z,2,3,4,5)",40.710373,-74.00657,3314.0,1,46
2024-08-29,628,"Fulton St (A,C,J,Z,2,3,4,5)",40.710373,-74.00657,3314.0,1,47
2024-08-29,628,"Fulton St (A,C,J,Z,2,3,4,5)",40.710373,-74.00657,3314.0,1,46
2024-09-04,628,"Fulton St (A,C,J,Z,2,3,4,5)",40.710197,-74.00769,8.0,0,44
2024-09-04,628,"Fulton St (A,C,J,Z,2,3,4,5)",40.710197,-74.00769,8.0,0,42
2024-09-04,628,"Fulton St (A,C,J,Z,2,3,4,5)",40.710197,-74.00769,8.0,0,44
2024-09-04,628,"Fulton St (A,C,J,Z,2,3,4,5)",40.710197,-74.00769,8.0,0,46
2024-09-04,628,"Fulton St (A,C,J,Z,2,3,4,5)",40.710197,-74.00769,8.0,0,57
2024-09-04,628,"Fulton St (A,C,J,Z,2,3,4,5)",40.710197,-74.00769,8.0,0,46
2024-09-04,628,"Fulton St (A,C,J,Z,2,3,4,5)",40.710197,-74.00769,8.0,0,47
2024-09-04,628,"Fulton St (A,C,J,Z,2,3,4,5)",40.710197,-74.00769,8.0,0,46
2024-09-04,628,"Fulton St (A,C,J,Z,2,3,4,5)",40.710197,-74.00657,18.0,0,44
2024-09-04,628,"Fulton St (A,C,J,Z,2,3,4,5)",40.710197,-74.00657,18.0,0,42
2024-09-04,628,"Fulton St (A,C,J,Z,2,3,4,5)",40.710197,-74.00657,18.0,0,44
2024-09-04,628,"Fulton St (A,C,J,Z,2,3,4,5)",40.710197,-74.00657,18.0,0,46
2024-09-04,628,"Fulton St (A,C,J,Z,2,3,4,5)",40.710197,-74.00657,18.0,0,57
2024-09-04,628,"Fulton St (A,C,J,Z,2,3,4,5)",40.710197,-74.00657,18.0,0,46
2024-09-04,628,"Fulton St (A,C,J,Z,2,3,4,5)",40.710197,-74.00657,18.0,0,47
2024-09-04,628,"Fulton St (A,C,J,Z,2,3,4,5)",40.710197,-74.00657,18.0,0,46
2024-09-04,628,"Fulton St (A,C,J,Z,2,3,4,5)",40.71037,-74.00951,1.0,0,44
2024-09-04,628,"Fulton St (A,C,J,Z,2,3,4,5)",40.71037,-74.00951,1.0,0,42
2024-09-04,628,"Fulton St (A,C,J,Z,2,3,4,5)",40.71037,-74.00951,1.0,0,44
2024-09-04,628,"Fulton St (A,C,J,Z,2,3,4,5)",40.71037,-74.00951,1.0,0,46
2024-09-04,628,"Fulton St (A,C,J,Z,2,3,4,5)",40.71037,-74.00951,1.0,0,57
2024-09-04,628,"Fulton St (A,C,J,Z,2,3,4,5)",40.71037,-74.00951,1.0,0,46
2024-09-04,628,"Fulton St (A,C,J,Z,2,3,4,5)",40.71037,-74.00951,1.0,0,47
2024-09-04,628,"Fulton St (A,C,J,Z,2,3,4,5)",40.71037,-74.00951,1.0,0,46
2024-09-04,628,"Fulton St (A,C,J,Z,2,3,4,5)",40.71037,-74.00769,3.0,0,44
2024-09-04,628,"Fulton St (A,C,J,Z,2,3,4,5)",40.71037,-74.00769,3.0,0,42
2024-09-04,628,"Fulton St (A,C,J,Z,2,3,4,5)",40.71037,-74.00769,3.0,0,44
2024-09-04,628,"Fulton St (A,C,J,Z,2,3,4,5)",40.71037,-74.00769,3.0,0,46
2024-09-04,628,"Fulton St (A,C,J,Z,2,3,4,5)",40.71037,-74.00769,3.0,0,57
2024-09-04,628,"Fulton St (A,C,J,Z,2,3,4,5)",40.71037,-74.00769,3.0,0,46
2024-09-04,628,"Fulton St (A,C,J,Z,2,3,4,5)",40.71037,-74.00769,3.0,0,47
2024-09-04,628,"Fulton St (A,C,J,Z,2,3,4,5)",40.71037,-74.00769,3.0,0,46
2024-09-04,628,"Fulton St (A,C,J,Z,2,3,4,5)",40.71037,-74.00657,23.0,0,44
2024-09-04,628,"Fulton St (A,C,J,Z,2,3,4,5)",40.71037,-74.00657,23.0,0,42
2024-09-04,628,"Fulton St (A,C,J,Z,2,3,4,5)",40.71037,-74.00657,23.0,0,44
2024-09-04,628,"Fulton St (A,C,J,Z,2,3,4,5)",40.71037,-74.00657,23.0,0,46
2024-09-04,628,"Fulton St (A,C,J,Z,2,3,4,5)",40.71037,-74.00657,23.0,0,57
2024-09-04,628,"Fulton St (A,C,J,Z,2,3,4,5)",40.71037,-74.00657,23.0,0,46
2024-09-04,628,"Fulton St (A,C,J,Z,2,3,4,5)",40.71037,-74.00657,23.0,0,47
2024-09-04,628,"Fulton St (A,C,J,Z,2,3,4,5)",40.71037,-74.00657,23.0,0,46
2024-09-04,628,"Fulton St (A,C,J,Z,2,3,4,5)",40.710373,-74.00657,7771.0,1,44
2024-09-04,628,"Fulton St (A,C,J,Z,2,3,4,5)",40.710373,-74.00657,7771.0,1,42
2024-09-04,628,"Fulton St (A,C,J,Z,2,3,4,5)",40.710373,-74.00657,7771.0,1,44
2024-09-04,628,"Fulton St (A,C,J,Z,2,3,4,5)",40.710373,-74.00657,7771.0,1,46
2024-09-04,628,"Fulton St (A,C,J,Z,2,3,4,5)",40.710373,-74.00657,7771.0,1,57
2024-09-04,628,"Fulton St (A,C,J,Z,2,3,4,5)",40.710373,-74.00657,7771.0,1,46
2024-09-04,628,"Fulton St (A,C,J,Z,2,3,4,5)",40.710373,-74.00657,7771.0,1,47
2024-09-04,628,"Fulton St (A,C,J,Z,2,3,4,5)",40.710373,-74.00657,7771.0,1,46
2024-09-05,628,"Fulton St (A,C,J,Z,2,3,4,5)",40.710197,-74.00769,7.0,0,44
2024-09-05,628,"Fulton St (A,C,J,Z,2,3,4,5)",40.710197,-74.00769,7.0,0,42
2024-09-05,628,"Fulton St (A,C,J,Z,2,3,4,5)",40.710197,-74.00769,7.0,0,44
2024-09-05,628,"Fulton St (A,C,J,Z,2,3,4,5)",40.710197,-74.00769,7.0,0,46
2024-09-05,628,"Fulton St (A,C,J,Z,2,3,4,5)",40.710197,-74.00769,7.0,0,57
2024-09-05,628,"Fulton St (A,C,J,Z,2,3,4,5)",40.710197,-74.00769,7.0,0,46
2024-09-05,628,"Fulton St (A,C,J,Z,2,3,4,5)",40.710197,-74.00769,7.0,0,47
2024-09-05,628,"Fulton St (A,C,J,Z,2,3,4,5)",40.710197,-74.00769,7.0,0,46
2024-09-05,628,"Fulton St (A,C,J,Z,2,3,4,5)",40.71037,-74.00769,15.0,0,44
2024-09-05,628,"Fulton St (A,C,J,Z,2,3,4,5)",40.71037,-74.00769,15.0,0,42
2024-09-05,628,"Fulton St (A,C,J,Z,2,3,4,5)",40.71037,-74.00769,15.0,0,44
2024-09-05,628,"Fulton St (A,C,J,Z,2,3,4,5)",40.71037,-74.00769,15.0,0,46
2024-09-05,628,"Fulton St (A,C,J,Z,2,3,4,5)",40.71037,-74.00769,15.0,0,57
2024-09-05,628,"Fulton St (A,C,J,Z,2,3,4,5)",40.71037,-74.00769,15.0,0,46
2024-09-05,628,"Fulton St (A,C,J,Z,2,3,4,5)",40.71037,-74.00769,15.0,0,47
2024-09-05,628,"Fulton St (A,C,J,Z,2,3,4,5)",40.71037,-74.00769,15.0,0,46
2024-09-05,628,"Fulton St (A,C,J,Z,2,3,4,5)",40.71037,-74.00657,12.0,0,44
2024-09-05,628,"Fulton St (A,C,J,Z,2,3,4,5)",40.71037,-74.00657,12.0,0,42
2024-09-05,628,"Fulton St (A,C,J,Z,2,3,4,5)",40.71037,-74.00657,12.0,0,44
2024-09-05,628,"Fulton St (A,C,J,Z,2,3,4,5)",40.71037,-74.00657,12.0,0,46
2024-09-05,628,"Fulton St (A,C,J,Z,2,3,4,5)",40.71037,-74.00657,12.0,0,57
2024-09-05,628,"Fulton St (A,C,J,Z,2,3,4,5)",40.71037,-74.00657,12.0,0,46
2024-09-05,628,"Fulton St (A,C,J,Z,2,3,4,5)",40.71037,-74.00657,12.0,0,47
2024-09-05,628,"Fulton St (A,C,J,Z,2,3,4,5)",40.71037,-74.00657,12.0,0,46
2024-09-05,628,"Fulton St (A,C,J,Z,2,3,4,5)",40.710373,-74.00758,5.0,0,44
2024-09-05,628,"Fulton St (A,C,J,Z,2,3,4,5)",40.710373,-74.00758,5.0,0,42
2024-09-05,628,"Fulton St (A,C,J,Z,2,3,4,5)",40.710373,-74.00758,5.0,0,44
2024-09-05,628,"Fulton St (A,C,J,Z,2,3,4,5)",40.710373,-74.00758,5.0,0,46
2024-09-05,628,"Fulton St (A,C,J,Z,2,3,4,5)",40.710373,-74.00758,5.0,0,57
2024-09-05,628,"Fulton St (A,C,J,Z,2,3,4,5)",40.710373,-74.00758,5.0,0,46
2024-09-05,628,"Fulton St (A,C,J,Z,2,3,4,5)",40.710373,-74.00758,5.0,0,47
2024-09-05,628,"Fulton St (A,C,J,Z,2,3,4,5)",40.710373,-74.00758,5.0,0,46
2024-09-05,628,"Fulton St (A,C,J,Z,2,3,4,5)",40.710373,-74.00657,6002.0,1,44
2024-09-05,628,"Fulton St (A,C,J,Z,2,3,4,5)",40.710373,-74.00657,6002.0,1,42
2024-09-05,628,"Fulton St (A,C,J,Z,2,3,4,5)",40.710373,-74.00657,6002.0,1,44
2024-09-05,628,"Fulton St (A,C,J,Z,2,3,4,5)",40.710373,-74.00657,6002.0,1,46
2024-09-05,628,"Fulton St (A,C,J,Z,2,3,4,5)",40.710373,-74.00657,6002.0,1,57
2024-09-05,628,"Fulton St (A,C,J,Z,2,3,4,5)",40.710373,-74.00657,6002.0,1,46
2024-09-05,628,"Fulton St (A,C,J,Z,2,3,4,5)",40.710373,-74.00657,6002.0,1,47
2024-09-05,628,"Fulton St (A,C,J,Z,2,3,4,5)",40.710373,-74.00657,6002.0,1,46
2024-09-13,628,"Fulton St (A,C,J,Z,2,3,4,5)",40.710197,-74.00769,1.0,0,44
2024-09-13,628,"Fulton St (A,C,J,Z,2,3,4,5)",40.710197,-74.00769,1.0,0,42
2024-09-13,628,"Fulton St (A,C,J,Z,2,3,4,5)",40.710197,-74.00769,1.0,0,44
2024-09-13,628,"Fulton St (A,C,J,Z,2,3,4,5)",40.710197,-74.00769,1.0,0,46
2024-09-13,628,"Fulton St (A,C,J,Z,2,3,4,5)",40.710197,-74.00769,1.0,0,57
2024-09-13,628,"Fulton St (A,C,J,Z,2,3,4,5)",40.710197,-74.00769,1.0,0,46
2024-09-13,628,"Fulton St (A,C,J,Z,2,3,4,5)",40.710197,-74.00769,1.0,0,47
2024-09-13,628,"Fulton St (A,C,J,Z,2,3,4,5)",40.710197,-74.00769,1.0,0,46
2024-09-13,628,"Fulton St (A,C,J,Z,2,3,4,5)",40.710197,-74.00657,6.0,0,44
2024-09-13,628,"Fulton St (A,C,J,Z,2,3,4,5)",40.710197,-74.00657,6.0,0,42
2024-09-13,628,"Fulton St (A,C,J,Z,2,3,4,5)",40.710197,-74.00657,6.0,0,44
2024-09-13,628,"Fulton St (A,C,J,Z,2,3,4,5)",40.710197,-74.00657,6.0,0,46
2024-09-13,628,"Fulton St (A,C,J,Z,2,3,4,5)",40.710197,-74.00657,6.0,0,57
2024-09-13,628,"Fulton St (A,C,J,Z,2,3,4,5)",40.710197,-74.00657,6.0,0,46
2024-09-13,628,"Fulton St (A,C,J,Z,2,3,4,5)",40.710197,-74.00657,6.0,0,47
2024-09-13,628,"Fulton St (A,C,J,Z,2,3,4,5)",40.710197,-74.00657,6.0,0,46
2024-09-13,628,"Fulton St (A,C,J,Z,2,3,4,5)",40.71037,-74.00769,7.0,0,44
2024-09-13,628,"Fulton St (A,C,J,Z,2,3,4,5)",40.71037,-74.00769,7.0,0,42
2024-09-13,628,"Fulton St (A,C,J,Z,2,3,4,5)",40.71037,-74.00769,7.0,0,44
2024-09-13,628,"Fulton St (A,C,J,Z,2,3,4,5)",40.71037,-74.00769,7.0,0,46
2024-09-13,628,"Fulton St (A,C,J,Z,2,3,4,5)",40.71037,-74.00769,7.0,0,57
2024-09-13,628,"Fulton St (A,C,J,Z,2,3,4,5)",40.71037,-74.00769,7.0,0,46
2024-09-13,628,"Fulton St (A,C,J,Z,2,3,4,5)",40.71037,-74.00769,7.0,0,47
2024-09-13,628,"Fulton St (A,C,J,Z,2,3,4,5)",40.71037,-74.00769,7.0,0,46
2024-09-13,628,"Fulton St (A,C,J,Z,2,3,4,5)",40.710373,-74.00758,13.0,0,44
2024-09-13,628,"Fulton St (A,C,J,Z,2,3,4,5)",40.710373,-74.00758,13.0,0,42
2024-09-13,628,"Fulton St (A,C,J,Z,2,3,4,5)",40.710373,-74.00758,13.0,0,44
2024-09-13,628,"Fulton St (A,C,J,Z,2,3,4,5)",40.710373,-74.00758,13.0,0,46
2024-09-13,628,"Fulton St (A,C,J,Z,2,3,4,5)",40.710373,-74.00758,13.0,0,57
2024-09-13,628,"Fulton St (A,C,J,Z,2,3,4,5)",40.710373,-74.00758,13.0,0,46
2024-09-13,628,"Fulton St (A,C,J,Z,2,3,4,5)",40.710373,-74.00758,13.0,0,47
2024-09-13,628,"Fulton St (A,C,J,Z,2,3,4,5)",40.710373,-74.00758,13.0,0,46
2024-09-13,628,"Fulton St (A,C,J,Z,2,3,4,5)",40.710373,-74.00657,6675.0,1,44
2024-09-13,628,"Fulton St (A,C,J,Z,2,3,4,5)",40.710373,-74.00657,6675.0,1,42
2024-09-13,628,"Fulton St (A,C,J,Z,2,3,4,5)",40.710373,-74.00657,6675.0,1,44
2024-09-13,628,"Fulton St (A,C,J,Z,2,3,4,5)",40.710373,-74.00657,6675.0,1,46
2024-09-13,628,"Fulton St (A,C,J,Z,2,3,4,5)",40.710373,-74.00657,6675.0,1,57
2024-09-13,628,"Fulton St (A,C,J,Z,2,3,4,5)",40.710373,-74.00657,6675.0,1,46
2024-09-13,628,"Fulton St (A,C,J,Z,2,3,4,5)",40.710373,-74.00657,6675.0,1,47
2024-09-13,628,"Fulton St (A,C,J,Z,2,3,4,5)",40.710373,-74.00657,6675.0,1,46
2024-09-28,628,"Fulton St (A,C,J,Z,2,3,4,5)",40.71037,-74.00657,21.0,0,44
2024-09-28,628,"Fulton St (A,C,J,Z,2,3,4,5)",40.71037,-74.00657,21.0,0,42
2024-09-28,628,"Fulton St (A,C,J,Z,2,3,4,5)",40.71037,-74.00657,21.0,0,44
2024-09-28,628,"Fulton St (A,C,J,Z,2,3,4,5)",40.71037,-74.00657,21.0,0,46
2024-09-28,628,"Fulton St (A,C,J,Z,2,3,4,5)",40.71037,-74.00657,21.0,0,57
2024-09-28,628,"Fulton St (A,C,J,Z,2,3,4,5)",40.71037,-74.00657,21.0,0,46
2024-09-28,628,"Fulton St (A,C,J,Z,2,3,4,5)",40.71037,-74.00657,21.0,0,47
2024-09-28,628,"Fulton St (A,C,J,Z,2,3,4,5)",40.71037,-74.00657,21.0,0,46
2024-09-28,628,"Fulton St (A,C,J,Z,2,3,4,5)",40.710373,-74.00758,2.0,0,44
2024-09-28,628,"Fulton St (A,C,J,Z,2,3,4,5)",40.710373,-74.00758,2.0,0,42
2024-09-28,628,"Fulton St (A,C,J,Z,2,3,4,5)",40.710373,-74.00758,2.0,0,44
2024-09-28,628,"Fulton St (A,C,J,Z,2,3,4,5)",40.710373,-74.00758,2.0,0,46
2024-09-28,628,"Fulton St (A,C,J,Z,2,3,4,5)",40.710373,-74.00758,2.0,0,57
2024-09-28,628,"Fulton St (A,C,J,Z,2,3,4,5)",40.710373,-74.00758,2.0,0,46
2024-09-28,628,"Fulton St (A,C,J,Z,2,3,4,5)",40.710373,-74.00758,2.0,0,47
2024-09-28,628,"Fulton St (A,C,J,Z,2,3,4,5)",40.710373,-74.00758,2.0,0,46
2024-09-28,628,"Fulton St (A,C,J,Z,2,3,4,5)",40.710373,-74.00657,1596.0,1,44
2024-09-28,628,"Fulton St (A,C,J,Z,2,3,4,5)",40.710373,-74.00657,1596.0,1,42
2024-09-28,628,"Fulton St (A,C,J,Z,2,3,4,5)",40.710373,-74.00657,1596.0,1,44
2024-09-28,628,"Fulton St (A,C,J,Z,2,3,4,5)",40.710373,-74.00657,1596.0,1,46
2024-09-28,628,"Fulton St (A,C,J,Z,2,3,4,5)",40.710373,-74.00657,1596.0,1,57
2024-09-28,628,"Fulton St (A,C,J,Z,2,3,4,5)",40.710373,-74.00657,1596.0,1,46
2024-09-28,628,"Fulton St (A,C,J,Z,2,3,4,5)",40.710373,-74.00657,1596.0,1,47
2024-09-28,628,"Fulton St (A,C,J,Z,2,3,4,5)",40.710373,-74.00657,1596.0,1,46
2024-11-21,628,"Fulton St (A,C,J,Z,2,3,4,5)",40.710373,-74.00657,635.0,0,44
2024-11-21,628,"Fulton St (A,C,J,Z,2,3,4,5)",40.710373,-74.00657,635.0,0,42
2024-11-21,628,"Fulton St (A,C,J,Z,2,3,4,5)",40.710373,-74.00657,635.0,0,44
2024-11-21,628,"Fulton St (A,C,J,Z,2,3,4,5)",40.710373,-74.00657,635.0,0,46
2024-11-21,628,"Fulton St (A,C,J,Z,2,3,4,5)",40.710373,-74.00657,635.0,0,57
2024-11-21,628,"Fulton St (A,C,J,Z,2,3,4,5)",40.710373,-74.00657,635.0,0,46
2024-11-21,628,"Fulton St (A,C,J,Z,2,3,4,5)",40.710373,-74.00657,635.0,0,47
2024-11-21,628,"Fulton St (A,C,J,Z,2,3,4,5)",40.710373,-74.00657,635.0,0,46
2024-11-22,628,"Fulton St (A,C,J,Z,2,3,4,5)",40.710197,-74.00769,1.0,0,44
2024-11-22,628,"Fulton St (A,C,J,Z,2,3,4,5)",40.710197,-74.00769,1.0,0,42
2024-11-22,628,"Fulton St (A,C,J,Z,2,3,4,5)",40.710197,-74.00769,1.0,0,44
2024-11-22,628,"Fulton St (A,C,J,Z,2,3,4,5)",40.710197,-74.00769,1.0,0,46
2024-11-22,628,"Fulton St (A,C,J,Z,2,3,4,5)",40.710197,-74.00769,1.0,0,57
2024-11-22,628,"Fulton St (A,C,J,Z,2,3,4,5)",40.710197,-74.00769,1.0,0,46
2024-11-22,628,"Fulton St (A,C,J,Z,2,3,4,5)",40.710197,-74.00769,1.0,0,47
2024-11-22,628,"Fulton St (A,C,J,Z,2,3,4,5)",40.710197,-74.00769,1.0,0,46
2024-11-22,628,"Fulton St (A,C,J,Z,2,3,4,5)",40.710197,-74.00657,11.0,0,44
2024-11-22,628,"Fulton St (A,C,J,Z,2,3,4,5)",40.710197,-74.00657,11.0,0,42
2024-11-22,628,"Fulton St (A,C,J,Z,2,3,4,5)",40.710197,-74.00657,11.0,0,44
2024-11-22,628,"Fulton St (A,C,J,Z,2,3,4,5)",40.710197,-74.00657,11.0,0,46
2024-11-22,628,"Fulton St (A,C,J,Z,2,3,4,5)",40.710197,-74.00657,11.0,0,57
2024-11-22,628,"Fulton St (A,C,J,Z,2,3,4,5)",40.710197,-74.00657,11.0,0,46
2024-11-22,628,"Fulton St (A,C,J,Z,2,3,4,5)",40.710197,-74.00657,11.0,0,47
2024-11-22,628,"Fulton St (A,C,J,Z,2,3,4,5)",40.710197,-74.00657,11.0,0,46
2024-11-22,628,"Fulton St (A,C,J,Z,2,3,4,5)",40.71037,-74.00657,137.0,0,44
2024-11-22,628,"Fulton St (A,C,J,Z,2,3,4,5)",40.71037,-74.00657,137.0,0,42
2024-11-22,628,"Fulton St (A,C,J,Z,2,3,4,5)",40.71037,-74.00657,137.0,0,44
2024-11-22,628,"Fulton St (A,C,J,Z,2,3,4,5)",40.71037,-74.00657,137.0,0,46
2024-11-22,628,"Fulton St (A,C,J,Z,2,3,4,5)",40.71037,-74.00657,137.0,0,57
2024-11-22,628,"Fulton St (A,C,J,Z,2,3,4,5)",40.71037,-74.00657,137.0,0,46
2024-11-22,628,"Fulton St (A,C,J,Z,2,3,4,5)",40.71037,-74.00657,137.0,0,47
2024-11-22,628,"Fulton St (A,C,J,Z,2,3,4,5)",40.71037,-74.00657,137.0,0,46
2024-11-22,628,"Fulton St (A,C,J,Z,2,3,4,5)",40.710373,-74.00758,6.0,0,44
2024-11-22,628,"Fulton St (A,C,J,Z,2,3,4,5)",40.710373,-74.00758,6.0,0,42
2024-11-22,628,"Fulton St (A,C,J,Z,2,3,4,5)",40.710373,-74.00758,6.0,0,44
2024-11-22,628,"Fulton St (A,C,J,Z,2,3,4,5)",40.710373,-74.00758,6.0,0,46
2024-11-22,628,"Fulton St (A,C,J,Z,2,3,4,5)",40.710373,-74.00758,6.0,0,57
2024-11-22,628,"Fulton St (A,C,J,Z,2,3,4,5)",40.710373,-74.00758,6.0,0,46
2024-11-22,628,"Fulton St (A,C,J,Z,2,3,4,5)",40.710373,-74.00758,6.0,0,47
2024-11-22,628,"Fulton St (A,C,J,Z,2,3,4,5)",40.710373,-74.00758,6.0,0,46
2024-11-22,628,"Fulton St (A,C,J,Z,2,3,4,5)",40.710373,-74.00657,6854.0,1,44
2024-11-22,628,"Fulton St (A,C,J,Z,2,3,4,5)",40.710373,-74.00657,6854.0,1,42
2024-11-22,628,"Fulton St (A,C,J,Z,2,3,4,5)",40.710373,-74.00657,6854.0,1,44
2024-11-22,628,"Fulton St (A,C,J,Z,2,3,4,5)",40.710373,-74.00657,6854.0,1,46
2024-11-22,628,"Fulton St (A,C,J,Z,2,3,4,5)",40.710373,-74.00657,6854.0,1,57
2024-11-22,628,"Fulton St (A,C,J,Z,2,3,4,5)",40.710373,-74.00657,6854.0,1,46
2024-11-22,628,"Fulton St (A,C,J,Z,2,3,4,5)",40.710373,-74.00657,6854.0,1,47
2024-11-22,628,"Fulton St (A,C,J,Z,2,3,4,5)",40.710373,-74.00657,6854.0,1,46
2024-12-03,628,"Fulton St (A,C,J,Z,2,3,4,5)",40.710373,-74.00657,2131.0,1,44
2024-12-03,628,"Fulton St (A,C,J,Z,2,3,4,5)",40.710373,-74.00657,2131.0,1,42
2024-12-03,628,"Fulton St (A,C,J,Z,2,3,4,5)",40.710373,-74.00657,2131.0,1,44
2024-12-03,628,"Fulton St (A,C,J,Z,2,3,4,5)",40.710373,-74.00657,2131.0,1,46
2024-12-03,628,"Fulton St (A,C,J,Z,2,3,4,5)",40.710373,-74.00657,2131.0,1,57
2024-12-03,628,"Fulton St (A,C,J,Z,2,3,4,5)",40.710373,-74.00657,2131.0,1,46
2024-12-03,628,"Fulton St (A,C,J,Z,2,3,4,5)",40.710373,-74.00657,2131.0,1,47
2024-12-03,628,"Fulton St (A,C,J,Z,2,3,4,5)",40.710373,-74.00657,2131.0,1,46
2024-12-13,628,"Fulton St (A,C,J,Z,2,3,4,5)",40.710197,-74.00769,5.0,0,44
2024-12-13,628,"Fulton St (A,C,J,Z,2,3,4,5)",40.710197,-74.00769,5.0,0,42
2024-12-13,628,"Fulton St (A,C,J,Z,2,3,4,5)",40.710197,-74.00769,5.0,0,44
2024-12-13,628,"Fulton St (A,C,J,Z,2,3,4,5)",40.710197,-74.00769,5.0,0,46
2024-12-13,628,"Fulton St (A,C,J,Z,2,3,4,5)",40.710197,-74.00769,5.0,0,57
2024-12-13,628,"Fulton St (A,C,J,Z,2,3,4,5)",40.710197,-74.00769,5.0,0,46
2024-12-13,628,"Fulton St (A,C,J,Z,2,3,4,5)",40.710197,-74.00769,5.0,0,47
2024-12-13,628,"Fulton St (A,C,J,Z,2,3,4,5)",40.710197,-74.00769,5.0,0,46
2024-12-13,628,"Fulton St (A,C,J,Z,2,3,4,5)",40.71037,-74.00769,4.0,0,44
2024-12-13,628,"Fulton St (A,C,J,Z,2,3,4,5)",40.71037,-74.00769,4.0,0,42
2024-12-13,628,"Fulton St (A,C,J,Z,2,3,4,5)",40.71037,-74.00769,4.0,0,44
2024-12-13,628,"Fulton St (A,C,J,Z,2,3,4,5)",40.71037,-74.00769,4.0,0,46
2024-12-13,628,"Fulton St (A,C,J,Z,2,3,4,5)",40.71037,-74.00769,4.0,0,57
2024-12-13,628,"Fulton St (A,C,J,Z,2,3,4,5)",40.71037,-74.00769,4.0,0,46
2024-12-13,628,"Fulton St (A,C,J,Z,2,3,4,5)",40.71037,-74.00769,4.0,0,47
2024-12-13,628,"Fulton St (A,C,J,Z,2,3,4,5)",40.71037,-74.00769,4.0,0,46
2024-12-13,628,"Fulton St (A,C,J,Z,2,3,4,5)",40.71037,-74.00657,59.0,0,44
2024-12-13,628,"Fulton St (A,C,J,Z,2,3,4,5)",40.71037,-74.00657,59.0,0,42
2024-12-13,628,"Fulton St (A,C,J,Z,2,3,4,5)",40.71037,-74.00657,59.0,0,44
2024-12-13,628,"Fulton St (A,C,J,Z,2,3,4,5)",40.71037,-74.00657,59.0,0,46
2024-12-13,628,"Fulton St (A,C,J,Z,2,3,4,5)",40.71037,-74.00657,59.0,0,57
2024-12-13,628,"Fulton St (A,C,J,Z,2,3,4,5)",40.71037,-74.00657,59.0,0,46
2024-12-13,628,"Fulton St (A,C,J,Z,2,3,4,5)",40.71037,-74.00657,59.0,0,47
2024-12-13,628,"Fulton St (A,C,J,Z,2,3,4,5)",40.71037,-74.00657,59.0,0,46
2024-12-13,628,"Fulton St (A,C,J,Z,2,3,4,5)",40.710373,-74.00758,8.0,0,44
2024-12-13,628,"Fulton St (A,C,J,Z,2,3,4,5)",40.710373,-74.00758,8.0,0,42
2024-12-13,628,"Fulton St (A,C,J,Z,2,3,4,5)",40.710373,-74.00758,8.0,0,44
2024-12-13,628,"Fulton St (A,C,J,Z,2,3,4,5)",40.710373,-74.00758,8.0,0,46
2024-12-13,628,"Fulton St (A,C,J,Z,2,3,4,5)",40.710373,-74.00758,8.0,0,57
2024-12-13,628,"Fulton St (A,C,J,Z,2,3,4,5)",40.710373,-74.00758,8.0,0,46
2024-12-13,628,"Fulton St (A,C,J,Z,2,3,4,5)",40.710373,-74.00758,8.0,0,47
2024-12-13,628,"Fulton St (A,C,J,Z,2,3,4,5)",40.710373,-74.00758,8.0,0,46
2024-12-13,628,"Fulton St (A,C,J,Z,2,3,4,5)",40.710373,-74.00657,4171.0,1,44
2024-12-13,628,"Fulton St (A,C,J,Z,2,3,4,5)",40.710373,-74.00657,4171.0,1,42
2024-12-13,628,"Fulton St (A,C,J,Z,2,3,4,5)",40.710373,-74.00657,4171.0,1,44
2024-12-13,628,"Fulton St (A,C,J,Z,2,3,4,5)",40.710373,-74.00657,4171.0,1,46
2024-12-13,628,"Fulton St (A,C,J,Z,2,3,4,5)",40.710373,-74.00657,4171.0,1,57
2024-12-13,628,"Fulton St (A,C,J,Z,2,3,4,5)",40.710373,-74.00657,4171.0,1,46
2024-12-13,628,"Fulton St (A,C,J,Z,2,3,4,5)",40.710373,-74.00657,4171.0,1,47
2024-12-13,628,"Fulton St (A,C,J,Z,2,3,4,5)",40.710373,-74.00657,4171.0,1,46
2024-12-26,628,"Fulton St (A,C,J,Z,2,3,4,5)",40.71037,-74.00951,1.0,0,44
2024-12-26,628,"Fulton St (A,C,J,Z,2,3,4,5)",40.71037,-74.00951,1.0,0,42
2024-12-26,628,"Fulton St (A,C,J,Z,2,3,4,5)",40.71037,-74.00951,1.0,0,44
2024-12-26,628,"Fulton St (A,C,J,Z,2,3,4,5)",40.71037,-74.00951,1.0,0,46
2024-12-26,628,"Fulton St (A,C,J,Z,2,3,4,5)",40.71037,-74.00951,1.0,0,57
2024-12-26,628,"Fulton St (A,C,J,Z,2,3,4,5)",40.71037,-74.00951,1.0,0,46
2024-12-26,628,"Fulton St (A,C,J,Z,2,3,4,5)",40.71037,-74.00951,1.0,0,47
2024-12-26,628,"Fulton St (A,C,J,Z,2,3,4,5)",40.71037,-74.00951,1.0,0,46
2024-12-26,628,"Fulton St (A,C,J,Z,2,3,4,5)",40.71037,-74.00657,15.0,0,44
2024-12-26,628,"Fulton St (A,C,J,Z,2,3,4,5)",40.71037,-74.00657,15.0,0,42
2024-12-26,628,"Fulton St (A,C,J,Z,2,3,4,5)",40.71037,-74.00657,15.0,0,44
2024-12-26,628,"Fulton St (A,C,J,Z,2,3,4,5)",40.71037,-74.00657,15.0,0,46
2024-12-26,628,"Fulton St (A,C,J,Z,2,3,4,5)",40.71037,-74.00657,15.0,0,57
2024-12-26,628,"Fulton St (A,C,J,Z,2,3,4,5)",40.71037,-74.00657,15.0,0,46
2024-12-26,628,"Fulton St (A,C,J,Z,2,3,4,5)",40.71037,-74.00657,15.0,0,47
2024-12-26,628,"Fulton St (A,C,J,Z,2,3,4,5)",40.71037,-74.00657,15.0,0,46
2024-12-26,628,"Fulton St (A,C,J,Z,2,3,4,5)",40.710373,-74.00758,4.0,0,44
2024-12-26,628,"Fulton St (A,C,J,Z,2,3,4,5)",40.710373,-74.00758,4.0,0,42
2024-12-26,628,"Fulton St (A,C,J,Z,2,3,4,5)",40.710373,-74.00758,4.0,0,44
2024-12-26,628,"Fulton St (A,C,J,Z,2,3,4,5)",40.710373,-74.00758,4.0,0,46
2024-12-26,628,"Fulton St (A,C,J,Z,2,3,4,5)",40.710373,-74.00758,4.0,0,57
2024-12-26,628,"Fulton St (A,C,J,Z,2,3,4,5)",40.710373,-74.00758,4.0,0,46
2024-12-26,628,"Fulton St (A,C,J,Z,2,3,4,5)",40.710373,-74.00758,4.0,0,47
2024-12-26,628,"Fulton St (A,C,J,Z,2,3,4,5)",40.710373,-74.00758,4.0,0,46
2024-12-26,628,"Fulton St (A,C,J,Z,2,3,4,5)",40.710373,-74.00657,4485.0,1,44
2024-12-26,628,"Fulton St (A,C,J,Z,2,3,4,5)",40.710373,-74.00657,4485.0,1,42
2024-12-26,628,"Fulton St (A,C,J,Z,2,3,4,5)",40.710373,-74.00657,4485.0,1,44
2024-12-26,628,"Fulton St (A,C,J,Z,2,3,4,5)",40.710373,-74.00657,4485.0,1,46
2024-12-26,628,"Fulton St (A,C,J,Z,2,3,4,5)",40.710373,-74.00657,4485.0,1,57
2024-12-26,628,"Fulton St (A,C,J,Z,2,3,4,5)",40.710373,-74.00657,4485.0,1,46
2024-12-26,628,"Fulton St (A,C,J,Z,2,3,4,5)",40.710373,-74.00657,4485.0,1,47
2024-12-26,628,"Fulton St (A,C,J,Z,2,3,4,5)",40.710373,-74.00657,4485.0,1,46
2024-12-31,628,"Fulton St (A,C,J,Z,2,3,4,5)",40.710197,-74.00769,1.0,0,44
2024-12-31,628,"Fulton St (A,C,J,Z,2,3,4,5)",40.710197,-74.00769,1.0,0,42
2024-12-31,628,"Fulton St (A,C,J,Z,2,3,4,5)",40.710197,-74.00769,1.0,0,44
2024-12-31,628,"Fulton St (A,C,J,Z,2,3,4,5)",40.710197,-74.00769,1.0,0,46
2024-12-31,628,"Fulton St (A,C,J,Z,2,3,4,5)",40.710197,-74.00769,1.0,0,57
2024-12-31,628,"Fulton St (A,C,J,Z,2,3,4,5)",40.710197,-74.00769,1.0,0,46
2024-12-31,628,"Fulton St (A,C,J,Z,2,3,4,5)",40.710197,-74.00769,1.0,0,47
2024-12-31,628,"Fulton St (A,C,J,Z,2,3,4,5)",40.710197,-74.00769,1.0,0,46
2024-12-31,628,"Fulton St (A,C,J,Z,2,3,4,5)",40.710197,-74.00657,6.0,0,44
2024-12-31,628,"Fulton St (A,C,J,Z,2,3,4,5)",40.710197,-74.00657,6.0,0,42
2024-12-31,628,"Fulton St (A,C,J,Z,2,3,4,5)",40.710197,-74.00657,6.0,0,44
2024-12-31,628,"Fulton St (A,C,J,Z,2,3,4,5)",40.710197,-74.00657,6.0,0,46
2024-12-31,628,"Fulton St (A,C,J,Z,2,3,4,5)",40.710197,-74.00657,6.0,0,57
2024-12-31,628,"Fulton St (A,C,J,Z,2,3,4,5)",40.710197,-74.00657,6.0,0,46
2024-12-31,628,"Fulton St (A,C,J,Z,2,3,4,5)",40.710197,-74.00657,6.0,0,47
2024-12-31,628,"Fulton St (A,C,J,Z,2,3,4,5)",40.710197,-74.00657,6.0,0,46
2024-12-31,628,"Fulton St (A,C,J,Z,2,3,4,5)",40.71037,-74.00951,4.0,0,44
2024-12-31,628,"Fulton St (A,C,J,Z,2,3,4,5)",40.71037,-74.00951,4.0,0,42
2024-12-31,628,"Fulton St (A,C,J,Z,2,3,4,5)",40.71037,-74.00951,4.0,0,44
2024-12-31,628,"Fulton St (A,C,J,Z,2,3,4,5)",40.71037,-74.00951,4.0,0,46
2024-12-31,628,"Fulton St (A,C,J,Z,2,3,4,5)",40.71037,-74.00951,4.0,0,57
2024-12-31,628,"Fulton St (A,C,J,Z,2,3,4,5)",40.71037,-74.00951,4.0,0,46
2024-12-31,628,"Fulton St (A,C,J,Z,2,3,4,5)",40.71037,-74.00951,4.0,0,47
2024-12-31,628,"Fulton St (A,C,J,Z,2,3,4,5)",40.71037,-74.00951,4.0,0,46
2024-12-31,628,"Fulton St (A,C,J,Z,2,3,4,5)",40.71037,-74.00657,21.0,0,44
2024-12-31,628,"Fulton St (A,C,J,Z,2,3,4,5)",40.71037,-74.00657,21.0,0,42
2024-12-31,628,"Fulton St (A,C,J,Z,2,3,4,5)",40.71037,-74.00657,21.0,0,44
2024-12-31,628,"Fulton St (A,C,J,Z,2,3,4,5)",40.71037,-74.00657,21.0,0,46
2024-12-31,628,"Fulton St (A,C,J,Z,2,3,4,5)",40.71037,-74.00657,21.0,0,57
2024-12-31,628,"Fulton St (A,C,J,Z,2,3,4,5)",40.71037,-74.00657,21.0,0,46
2024-12-31,628,"Fulton St (A,C,J,Z,2,3,4,5)",40.71037,-74.00657,21.0,0,47
2024-12-31,628,"Fulton St (A,C,J,Z,2,3,4,5)",40.71037,-74.00657,21.0,0,46
2024-12-31,628,"Fulton St (A,C,J,Z,2,3,4,5)",40.710373,-74.00758,12.0,0,44
2024-12-31,628,"Fulton St (A,C,J,Z,2,3,4,5)",40.710373,-74.00758,12.0,0,42
2024-12-31,628,"Fulton St (A,C,J,Z,2,3,4,5)",40.710373,-74.00758,12.0,0,44
2024-12-31,628,"Fulton St (A,C,J,Z,2,3,4,5)",40.710373,-74.00758,12.0,0,46
2024-12-31,628,"Fulton St (A,C,J,Z,2,3,4,5)",40.710373,-74.00758,12.0,0,57
2024-12-31,628,"Fulton St (A,C,J,Z,2,3,4,5)",40.710373,-74.00758,12.0,0,46
2024-12-31,628,"Fulton St (A,C,J,Z,2,3,4,5)",40.710373,-74.00758,12.0,0,47
2024-12-31,628,"Fulton St (A,C,J,Z,2,3,4,5)",40.710373,-74.00758,12.0,0,46
2024-12-31,628,"Fulton St (A,C,J,Z,2,3,4,5)",40.710373,-74.00657,4781.0,1,44
2024-12-31,628,"Fulton St (A,C,J,Z,2,3,4,5)",40.710373,-74.00657,4781.0,1,42
2024-12-31,628,"Fulton St (A,C,J,Z,2,3,4,5)",40.710373,-74.00657,4781.0,1,44
2024-12-31,628,"Fulton St (A,C,J,Z,2,3,4,5)",40.710373,-74.00657,4781.0,1,46
2024-12-31,628,"Fulton St (A,C,J,Z,2,3,4,5)",40.710373,-74.00657,4781.0,1,57
2024-12-31,628,"Fulton St (A,C,J,Z,2,3,4,5)",40.710373,-74.00657,4781.0,1,46
2024-12-31,628,"Fulton St (A,C,J,Z,2,3,4,5)",40.710373,-74.00657,4781.0,1,47
2024-12-31,628,"Fulton St (A,C,J,Z,2,3,4,5)",40.710373,-74.00657,4781.0,1,46
2021-05-21,635,"South Ferry (1)/Whitehall St (R,W)",40.703087,-74.01299,645.0,0,36
2021-05-21,635,"South Ferry (1)/Whitehall St (R,W)",40.703087,-74.01299,645.0,0,27
2021-05-26,635,"South Ferry (1)/Whitehall St (R,W)",40.703087,-74.01299,1853.0,1,36
2021-05-26,635,"South Ferry (1)/Whitehall St (R,W)",40.703087,-74.01299,1853.0,1,27
2021-06-10,635,"South Ferry (1)/Whitehall St (R,W)",40.703087,-74.01299,47.0,0,36
2021-06-10,635,"South Ferry (1)/Whitehall St (R,W)",40.703087,-74.01299,47.0,0,27
2021-06-21,635,"South Ferry (1)/Whitehall St (R,W)",40.703087,-74.01299,1352.0,1,36
2021-06-21,635,"South Ferry (1)/Whitehall St (R,W)",40.703087,-74.01299,1352.0,1,27
2021-06-30,635,"South Ferry (1)/Whitehall St (R,W)",40.70207,-74.013664,1.0,0,36
2021-06-30,635,"South Ferry (1)/Whitehall St (R,W)",40.70207,-74.013664,1.0,0,27
2021-06-30,635,"South Ferry (1)/Whitehall St (R,W)",40.703087,-74.01299,1497.0,1,36
2021-06-30,635,"South Ferry (1)/Whitehall St (R,W)",40.703087,-74.01299,1497.0,1,27
2021-08-25,635,"South Ferry (1)/Whitehall St (R,W)",40.703087,-74.01299,243.0,0,36
2021-08-25,635,"South Ferry (1)/Whitehall St (R,W)",40.703087,-74.01299,243.0,0,27
2021-10-15,635,"South Ferry (1)/Whitehall St (R,W)",40.703087,-74.01299,487.0,0,36
2021-10-15,635,"South Ferry (1)/Whitehall St (R,W)",40.703087,-74.01299,487.0,0,27
2021-10-26,635,"South Ferry (1)/Whitehall St (R,W)",40.703087,-74.01299,2135.0,1,36
2021-10-26,635,"South Ferry (1)/Whitehall St (R,W)",40.703087,-74.01299,2135.0,1,27
2021-11-17,635,"South Ferry (1)/Whitehall St (R,W)",40.703087,-74.01299,206.0,0,36
2021-11-17,635,"South Ferry (1)/Whitehall St (R,W)",40.703087,-74.01299,206.0,0,27
2021-11-18,635,"South Ferry (1)/Whitehall St (R,W)",40.703087,-74.01299,1937.0,1,36
2021-11-18,635,"South Ferry (1)/Whitehall St (R,W)",40.703087,-74.01299,1937.0,1,27
2021-12-16,635,"South Ferry (1)/Whitehall St (R,W)",40.703087,-74.01299,1116.0,0,36
2021-12-16,635,"South Ferry (1)/Whitehall St (R,W)",40.703087,-74.01299,1116.0,0,27
2021-12-22,635,"South Ferry (1)/Whitehall St (R,W)",40.703087,-74.01299,240.0,0,36
2021-12-22,635,"South Ferry (1)/Whitehall St (R,W)",40.703087,-74.01299,240.0,0,27
2022-01-04,635,"South Ferry (1)/Whitehall St (R,W)",40.703087,-74.01299,355.0,0,36
2022-01-04,635,"South Ferry (1)/Whitehall St (R,W)",40.703087,-74.01299,355.0,0,27
2022-01-26,635,"South Ferry (1)/Whitehall St (R,W)",40.703087,-74.01299,1945.0,1,36
2022-01-26,635,"South Ferry (1)/Whitehall St (R,W)",40.703087,-74.01299,1945.0,1,27
2022-02-07,635,"South Ferry (1)/Whitehall St (R,W)",40.703087,-74.01299,1132.0,0,36
2022-02-07,635,"South Ferry (1)/Whitehall St (R,W)",40.703087,-74.01299,1132.0,0,27
2022-02-08,635,"South Ferry (1)/Whitehall St (R,W)",40.703087,-74.01299,2226.0,1,36
2022-02-08,635,"South Ferry (1)/Whitehall St (R,W)",40.703087,-74.01299,2226.0,1,27
2022-02-09,635,"South Ferry (1)/Whitehall St (R,W)",40.703087,-74.01299,1186.0,1,36
2022-02-09,635,"South Ferry (1)/Whitehall St (R,W)",40.703087,-74.01299,1186.0,1,27
2022-02-10,635,"South Ferry (1)/Whitehall St (R,W)",40.703087,-74.01299,390.0,0,36
2022-02-10,635,"South Ferry (1)/Whitehall St (R,W)",40.703087,-74.01299,390.0,0,27
2022-02-18,635,"South Ferry (1)/Whitehall St (R,W)",40.703087,-74.01299,2496.0,1,36
2022-02-18,635,"South Ferry (1)/Whitehall St (R,W)",40.703087,-74.01299,2496.0,1,27
2022-03-02,635,"South Ferry (1)/Whitehall St (R,W)",40.703087,-74.01299,1501.0,1,36
2022-03-02,635,"South Ferry (1)/Whitehall St (R,W)",40.703087,-74.01299,1501.0,1,27
2022-03-08,635,"South Ferry (1)/Whitehall St (R,W)",40.703087,-74.01299,3474.0,1,36
2022-03-08,635,"South Ferry (1)/Whitehall St (R,W)",40.703087,-74.01299,3474.0,1,27
2022-03-15,635,"South Ferry (1)/Whitehall St (R,W)",40.703087,-74.01299,2694.0,1,36
2022-03-15,635,"South Ferry (1)/Whitehall St (R,W)",40.703087,-74.01299,2694.0,1,27
2022-03-29,635,"South Ferry (1)/Whitehall St (R,W)",40.703087,-74.01299,3565.0,1,36
2022-03-29,635,"South Ferry (1)/Whitehall St (R,W)",40.703087,-74.01299,3565.0,1,27
2022-04-07,635,"South Ferry (1)/Whitehall St (R,W)",40.703087,-74.01299,146.0,0,36
2022-04-07,635,"South Ferry (1)/Whitehall St (R,W)",40.703087,-74.01299,146.0,0,27
2022-04-20,635,"South Ferry (1)/Whitehall St (R,W)",40.703087,-74.01299,90.0,0,36
2022-04-20,635,"South Ferry (1)/Whitehall St (R,W)",40.703087,-74.01299,90.0,0,27
2022-04-21,635,"South Ferry (1)/Whitehall St (R,W)",40.703087,-74.01299,17.0,0,36
2022-04-21,635,"South Ferry (1)/Whitehall St (R,W)",40.703087,-74.01299,17.0,0,27
2022-04-27,635,"South Ferry (1)/Whitehall St (R,W)",40.703087,-74.01299,1904.0,1,36
2022-04-27,635,"South Ferry (1)/Whitehall St (R,W)",40.703087,-74.01299,1904.0,1,27
2022-05-31,635,"South Ferry (1)/Whitehall St (R,W)",40.703087,-74.01299,543.0,0,36
2022-05-31,635,"South Ferry (1)/Whitehall St (R,W)",40.703087,-74.01299,543.0,0,27
2022-06-01,635,"South Ferry (1)/Whitehall St (R,W)",40.703087,-74.01299,2853.0,1,36
2022-06-01,635,"South Ferry (1)/Whitehall St (R,W)",40.703087,-74.01299,2853.0,1,27
2022-07-18,635,"South Ferry (1)/Whitehall St (R,W)",40.703087,-74.01299,1954.0,1,36
2022-07-18,635,"South Ferry (1)/Whitehall St (R,W)",40.703087,-74.01299,1954.0,1,27
2022-08-05,635,"South Ferry (1)/Whitehall St (R,W)",40.703087,-74.01299,2.0,0,36
2022-08-05,635,"South Ferry (1)/Whitehall St (R,W)",40.703087,-74.01299,2.0,0,27
2022-08-08,635,"South Ferry (1)/Whitehall St (R,W)",40.703087,-74.01299,357.0,0,36
2022-08-08,635,"South Ferry (1)/Whitehall St (R,W)",40.703087,-74.01299,357.0,0,27
2022-08-09,635,"South Ferry (1)/Whitehall St (R,W)",40.703087,-74.01299,2305.0,1,36
2022-08-09,635,"South Ferry (1)/Whitehall St (R,W)",40.703087,-74.01299,2305.0,1,27
2022-08-30,635,"South Ferry (1)/Whitehall St (R,W)",40.703087,-74.01299,730.0,0,36
2022-08-30,635,"South Ferry (1)/Whitehall St (R,W)",40.703087,-74.01299,730.0,0,27
2022-09-13,635,"South Ferry (1)/Whitehall St (R,W)",40.703087,-74.01299,3198.0,1,36
2022-09-13,635,"South Ferry (1)/Whitehall St (R,W)",40.703087,-74.01299,3198.0,1,27
2023-05-11,635,"South Ferry (1)/Whitehall St (R,W)",40.703087,-74.01299,303.0,0,36
2023-05-11,635,"South Ferry (1)/Whitehall St (R,W)",40.703087,-74.01299,303.0,0,27
2023-06-14,635,"South Ferry (1)/Whitehall St (R,W)",40.703087,-74.01299,1272.0,1,36
2023-06-14,635,"South Ferry (1)/Whitehall St (R,W)",40.703087,-74.01299,1272.0,1,27
2023-09-27,635,"South Ferry (1)/Whitehall St (R,W)",40.703087,-74.01299,1884.0,1,36
2023-09-27,635,"South Ferry (1)/Whitehall St (R,W)",40.703087,-74.01299,1884.0,1,27
2023-10-04,635,"South Ferry (1)/Whitehall St (R,W)",40.703087,-74.01299,194.0,0,36
2023-10-04,635,"South Ferry (1)/Whitehall St (R,W)",40.703087,-74.01299,194.0,0,27
2023-10-17,635,"South Ferry (1)/Whitehall St (R,W)",40.703087,-74.01299,2977.0,1,36
2023-10-17,635,"South Ferry (1)/Whitehall St (R,W)",40.703087,-74.01299,2977.0,1,27
2023-11-02,635,"South Ferry (1)/Whitehall St (R,W)",40.703087,-74.01299,2341.0,1,36
2023-11-02,635,"South Ferry (1)/Whitehall St (R,W)",40.703087,-74.01299,2341.0,1,27
2023-11-03,635,"South Ferry (1)/Whitehall St (R,W)",40.70207,-74.013664,1.0,0,36
2023-11-03,635,"South Ferry (1)/Whitehall St (R,W)",40.70207,-74.013664,1.0,0,27
2023-11-03,635,"South Ferry (1)/Whitehall St (R,W)",40.703087,-74.01299,1342.0,1,36
2023-11-03,635,"South Ferry (1)/Whitehall St (R,W)",40.703087,-74.01299,1342.0,1,27
2023-11-08,635,"South Ferry (1)/Whitehall St (R,W)",40.703087,-74.01299,2685.0,1,36
2023-11-08,635,"South Ferry (1)/Whitehall St (R,W)",40.703087,-74.01299,2685.0,1,27
2023-11-17,635,"South Ferry (1)/Whitehall St (R,W)",40.703087,-74.01299,91.0,0,36
2023-11-17,635,"South Ferry (1)/Whitehall St (R,W)",40.703087,-74.01299,91.0,0,27
2023-11-23,635,"South Ferry (1)/Whitehall St (R,W)",40.703087,-74.01299,258.0,0,36
2023-11-23,635,"South Ferry (1)/Whitehall St (R,W)",40.703087,-74.01299,258.0,0,27
2024-01-15,635,"South Ferry (1)/Whitehall St (R,W)",40.703087,-74.01299,1396.0,1,36
2024-01-15,635,"South Ferry (1)/Whitehall St (R,W)",40.703087,-74.01299,1396.0,1,27
2024-02-29,635,"South Ferry (1)/Whitehall St (R,W)",40.703087,-74.01299,1857.0,1,36
2024-02-29,635,"South Ferry (1)/Whitehall St (R,W)",40.703087,-74.01299,1857.0,1,27
2024-03-05,635,"South Ferry (1)/Whitehall St (R,W)",40.703087,-74.01299,2830.0,1,36
2024-03-05,635,"South Ferry (1)/Whitehall St (R,W)",40.703087,-74.01299,2830.0,1,27
2024-04-05,635,"South Ferry (1)/Whitehall St (R,W)",40.703087,-74.01299,1035.0,0,36
2024-04-05,635,"South Ferry (1)/Whitehall St (R,W)",40.703087,-74.01299,1035.0,0,27
2024-04-16,635,"South Ferry (1)/Whitehall St (R,W)",40.703087,-74.01299,402.0,0,36
2024-04-16,635,"South Ferry (1)/Whitehall St (R,W)",40.703087,-74.01299,402.0,0,27
2024-05-03,635,"South Ferry (1)/Whitehall St (R,W)",40.703087,-74.01299,1606.0,1,36
2024-05-03,635,"South Ferry (1)/Whitehall St (R,W)",40.703087,-74.01299,1606.0,1,27
2024-05-07,635,"South Ferry (1)/Whitehall St (R,W)",40.703087,-74.01299,2510.0,1,36
2024-05-07,635,"South Ferry (1)/Whitehall St (R,W)",40.703087,-74.01299,2510.0,1,27
2024-05-17,635,"South Ferry (1)/Whitehall St (R,W)",40.703087,-74.01299,350.0,0,36
2024-05-17,635,"South Ferry (1)/Whitehall St (R,W)",40.703087,-74.01299,350.0,0,27
2024-05-24,635,"South Ferry (1)/Whitehall St (R,W)",40.703087,-74.01299,1992.0,1,36
2024-05-24,635,"South Ferry (1)/Whitehall St (R,W)",40.703087,-74.01299,1992.0,1,27
2024-05-31,635,"South Ferry (1)/Whitehall St (R,W)",40.70207,-74.013664,3.0,0,36
2024-05-31,635,"South Ferry (1)/Whitehall St (R,W)",40.70207,-74.013664,3.0,0,27
2024-05-31,635,"South Ferry (1)/Whitehall St (R,W)",40.703087,-74.01299,2223.0,1,36
2024-05-31,635,"South Ferry (1)/Whitehall St (R,W)",40.703087,-74.01299,2223.0,1,27
2024-06-03,635,"South Ferry (1)/Whitehall St (R,W)",40.703087,-74.01299,3122.0,1,36
2024-06-03,635,"South Ferry (1)/Whitehall St (R,W)",40.703087,-74.01299,3122.0,1,27
2024-06-13,635,"South Ferry (1)/Whitehall St (R,W)",40.703087,-74.01299,576.0,0,36
2024-06-13,635,"South Ferry (1)/Whitehall St (R,W)",40.703087,-74.01299,576.0,0,27
2024-06-18,635,"South Ferry (1)/Whitehall St (R,W)",40.703087,-74.01299,1102.0,0,36
2024-06-18,635,"South Ferry (1)/Whitehall St (R,W)",40.703087,-74.01299,1102.0,0,27
2024-06-20,635,"South Ferry (1)/Whitehall St (R,W)",40.703087,-74.01299,1540.0,1,36
2024-06-20,635,"South Ferry (1)/Whitehall St (R,W)",40.703087,-74.01299,1540.0,1,27
2024-06-21,635,"South Ferry (1)/Whitehall St (R,W)",40.70207,-74.013664,1.0,0,36
2024-06-21,635,"South Ferry (1)/Whitehall St (R,W)",40.70207,-74.013664,1.0,0,27
2024-06-21,635,"South Ferry (1)/Whitehall St (R,W)",40.703087,-74.01299,2943.0,1,36
2024-06-21,635,"South Ferry (1)/Whitehall St (R,W)",40.703087,-74.01299,2943.0,1,27
2024-06-28,635,"South Ferry (1)/Whitehall St (R,W)",40.703087,-74.01299,1014.0,0,36
2024-06-28,635,"South Ferry (1)/Whitehall St (R,W)",40.703087,-74.01299,1014.0,0,27
2024-08-28,635,"South Ferry (1)/Whitehall St (R,W)",40.70207,-74.013664,6.0,0,36
2024-08-28,635,"South Ferry (1)/Whitehall St (R,W)",40.70207,-74.013664,6.0,0,27
2024-08-28,635,"South Ferry (1)/Whitehall St (R,W)",40.703087,-74.01299,1196.0,1,36
2024-08-28,635,"South Ferry (1)/Whitehall St (R,W)",40.703087,-74.01299,1196.0,1,27
2024-08-29,635,"South Ferry (1)/Whitehall St (R,W)",40.703087,-74.01299,102.0,0,36
2024-08-29,635,"South Ferry (1)/Whitehall St (R,W)",40.703087,-74.01299,102.0,0,27
2024-09-04,635,"South Ferry (1)/Whitehall St (R,W)",40.703087,-74.01299,4219.0,1,36
2024-09-04,635,"South Ferry (1)/Whitehall St (R,W)",40.703087,-74.01299,4219.0,1,27
2024-09-05,635,"South Ferry (1)/Whitehall St (R,W)",40.70207,-74.013664,8.0,0,36
2024-09-05,635,"South Ferry (1)/Whitehall St (R,W)",40.70207,-74.013664,8.0,0,27
2024-09-05,635,"South Ferry (1)/Whitehall St (R,W)",40.703087,-74.01299,4213.0,1,36
2024-09-05,635,"South Ferry (1)/Whitehall St (R,W)",40.703087,-74.01299,4213.0,1,27
2024-09-13,635,"South Ferry (1)/Whitehall St (R,W)",40.703087,-74.01299,1707.0,1,36
2024-09-13,635,"South Ferry (1)/Whitehall St (R,W)",40.703087,-74.01299,1707.0,1,27
2024-09-28,635,"South Ferry (1)/Whitehall St (R,W)",40.703087,-74.01299,1141.0,0,36
2024-09-28,635,"South Ferry (1)/Whitehall St (R,W)",40.703087,-74.01299,1141.0,0,27
2024-11-16,635,"South Ferry (1)/Whitehall St (R,W)",40.703087,-74.01299,1.0,0,36
2024-11-16,635,"South Ferry (1)/Whitehall St (R,W)",40.703087,-74.01299,1.0,0,27
2024-11-21,635,"South Ferry (1)/Whitehall St (R,W)",40.703087,-74.01299,1091.0,0,36
2024-11-21,635,"South Ferry (1)/Whitehall St (R,W)",40.703087,-74.01299,1091.0,0,27
2024-11-22,635,"South Ferry (1)/Whitehall St (R,W)",40.703087,-74.01299,2064.0,1,36
2024-11-22,635,"South Ferry (1)/Whitehall St (R,W)",40.703087,-74.01299,2064.0,1,27
2024-12-03,635,"South Ferry (1)/Whitehall St (R,W)",40.703087,-74.01299,704.0,0,36
2024-12-03,635,"South Ferry (1)/Whitehall St (R,W)",40.703087,-74.01299,704.0,0,27
2024-12-13,635,"South Ferry (1)/Whitehall St (R,W)",40.703087,-74.01299,2304.0,1,36
2024-12-13,635,"South Ferry (1)/Whitehall St (R,W)",40.703087,-74.01299,2304.0,1,27
2024-12-26,635,"South Ferry (1)/Whitehall St (R,W)",40.703087,-74.01299,1859.0,1,36
2024-12-26,635,"South Ferry (1)/Whitehall St (R,W)",40.703087,-74.01299,1859.0,1,27
2024-12-31,635,"South Ferry (1)/Whitehall St (R,W)",40.703087,-74.01299,1046.0,0,36
2024-12-31,635,"South Ferry (1)/Whitehall St (R,W)",40.703087,-74.01299,1046.0,0,27
2021-05-21,8,"5 Av/59 St (N,R,W)",40.764812,-73.97335,82.0,0,26
2021-05-26,8,"5 Av/59 St (N,R,W)",40.764812,-73.97335,184.0,0,26
2021-06-10,8,"5 Av/59 St (N,R,W)",40.764812,-73.97335,30.0,0,26
2021-06-21,8,"5 Av/59 St (N,R,W)",40.764812,-73.97335,375.0,0,26
2021-06-30,8,"5 Av/59 St (N,R,W)",40.764812,-73.97335,250.0,0,26
2021-08-25,8,"5 Av/59 St (N,R,W)",40.764812,-73.97335,51.0,0,26
2021-10-15,8,"5 Av/59 St (N,R,W)",40.764812,-73.97335,20.0,0,26
2021-10-26,8,"5 Av/59 St (N,R,W)",40.764812,-73.97335,230.0,0,26
2021-10-27,8,"5 Av/59 St (N,R,W)",40.764812,-73.97335,8.0,0,26
2021-11-17,8,"5 Av/59 St (N,R,W)",40.764812,-73.97335,80.0,0,26
2021-11-18,8,"5 Av/59 St (N,R,W)",40.764812,-73.97335,438.0,0,26
2021-12-02,8,"5 Av/59 St (N,R,W)",40.764812,-73.97335,1.0,0,26
2021-12-16,8,"5 Av/59 St (N,R,W)",40.764812,-73.97335,45.0,0,26
2021-12-22,8,"5 Av/59 St (N,R,W)",40.764812,-73.97335,13.0,0,26
2022-01-04,8,"5 Av/59 St (N,R,W)",40.764812,-73.97335,49.0,0,26
2022-01-26,8,"5 Av/59 St (N,R,W)",40.764812,-73.97335,226.0,0,26
2022-02-07,8,"5 Av/59 St (N,R,W)",40.764812,-73.97335,234.0,0,26
2022-02-08,8,"5 Av/59 St (N,R,W)",40.764812,-73.97335,186.0,0,26
2022-02-09,8,"5 Av/59 St (N,R,W)",40.764812,-73.97335,271.0,0,26
2022-02-10,8,"5 Av/59 St (N,R,W)",40.764812,-73.97335,99.0,0,26
2022-02-18,8,"5 Av/59 St (N,R,W)",40.764812,-73.97335,274.0,0,26
2022-03-02,8,"5 Av/59 St (N,R,W)",40.764812,-73.97335,289.0,0,26
2022-03-08,8,"5 Av/59 St (N,R,W)",40.764812,-73.97335,417.0,0,26
2022-03-15,8,"5 Av/59 St (N,R,W)",40.764812,-73.97335,323.0,0,26
2022-03-29,8,"5 Av/59 St (N,R,W)",40.764812,-73.97335,283.0,0,26
2022-04-07,8,"5 Av/59 St (N,R,W)",40.764812,-73.97335,78.0,0,26
2022-04-20,8,"5 Av/59 St (N,R,W)",40.764812,-73.97335,73.0,0,26
2022-04-27,8,"5 Av/59 St (N,R,W)",40.764812,-73.97335,277.0,0,26
2022-05-31,8,"5 Av/59 St (N,R,W)",40.764812,-73.97335,97.0,0,26
2022-06-01,8,"5 Av/59 St (N,R,W)",40.764812,-73.97335,520.0,0,26
2022-07-18,8,"5 Av/59 St (N,R,W)",40.764812,-73.97335,326.0,0,26
2022-08-05,8,"5 Av/59 St (N,R,W)",40.764812,-73.97335,19.0,0,26
2022-08-08,8,"5 Av/59 St (N,R,W)",40.764812,-73.97335,51.0,0,26
2022-08-09,8,"5 Av/59 St (N,R,W)",40.764812,-73.97335,353.0,0,26
2022-08-30,8,"5 Av/59 St (N,R,W)",40.764812,-73.97335,224.0,0,26
2022-09-13,8,"5 Av/59 St (N,R,W)",40.764812,-73.97335,292.0,0,26
2023-05-11,8,"5 Av/59 St (N,R,W)",40.764812,-73.97335,15.0,0,26
2023-06-14,8,"5 Av/59 St (N,R,W)",40.764812,-73.97335,463.0,0,26
2023-09-27,8,"5 Av/59 St (N,R,W)",40.764812,-73.97335,442.0,0,26
2023-10-04,8,"5 Av/59 St (N,R,W)",40.764812,-73.97335,75.0,0,26
2023-10-17,8,"5 Av/59 St (N,R,W)",40.764812,-73.97335,373.0,0,26
2023-11-02,8,"5 Av/59 St (N,R,W)",40.764812,-73.97335,191.0,0,26
2023-11-03,8,"5 Av/59 St (N,R,W)",40.764812,-73.97335,150.0,0,26
2023-11-08,8,"5 Av/59 St (N,R,W)",40.764812,-73.97335,155.0,0,26
2023-11-23,8,"5 Av/59 St (N,R,W)",40.764812,-73.97335,88.0,0,26
2024-01-15,8,"5 Av/59 St (N,R,W)",40.764812,-73.97335,237.0,0,26
2024-02-29,8,"5 Av/59 St (N,R,W)",40.764812,-73.97335,228.0,0,26
2024-03-05,8,"5 Av/59 St (N,R,W)",40.764812,-73.97335,244.0,0,26
2024-04-05,8,"5 Av/59 St (N,R,W)",40.764812,-73.97335,344.0,0,26
2024-04-16,8,"5 Av/59 St (N,R,W)",40.764812,-73.97335,37.0,0,26
2024-05-03,8,"5 Av/59 St (N,R,W)",40.764812,-73.97335,142.0,0,26
2024-05-07,8,"5 Av/59 St (N,R,W)",40.764812,-73.97335,482.0,0,26
2024-05-17,8,"5 Av/59 St (N,R,W)",40.764812,-73.97335,39.0,0,26
2024-05-24,8,"5 Av/59 St (N,R,W)",40.764812,-73.97335,394.0,0,26
2024-05-31,8,"5 Av/59 St (N,R,W)",40.764812,-73.97335,206.0,0,26
2024-06-03,8,"5 Av/59 St (N,R,W)",40.764812,-73.97335,490.0,0,26
2024-06-13,8,"5 Av/59 St (N,R,W)",40.764812,-73.97335,307.0,0,26
2024-06-18,8,"5 Av/59 St (N,R,W)",40.764812,-73.97335,228.0,0,26
2024-06-20,8,"5 Av/59 St (N,R,W)",40.764812,-73.97335,57.0,0,26
2024-06-21,8,"5 Av/59 St (N,R,W)",40.764812,-73.97335,394.0,0,26
2024-06-28,8,"5 Av/59 St (N,R,W)",40.764812,-73.97335,144.0,0,26
2024-08-28,8,"5 Av/59 St (N,R,W)",40.764812,-73.97335,257.0,0,26
2024-08-29,8,"5 Av/59 St (N,R,W)",40.764812,-73.97335,119.0,0,26
2024-09-04,8,"5 Av/59 St (N,R,W)",40.764812,-73.97335,403.0,0,26
2024-09-05,8,"5 Av/59 St (N,R,W)",40.764812,-73.97335,490.0,0,26
2024-09-13,8,"5 Av/59 St (N,R,W)",40.764812,-73.97335,482.0,0,26
2024-09-28,8,"5 Av/59 St (N,R,W)",40.764812,-73.97335,109.0,0,26
2024-11-21,8,"5 Av/59 St (N,R,W)",40.764812,-73.97335,163.0,0,26
2024-11-22,8,"5 Av/59 St (N,R,W)",40.764812,-73.97335,371.0,0,26
2024-12-03,8,"5 Av/59 St (N,R,W)",40.764812,-73.97335,230.0,0,26
2024-12-13,8,"5 Av/59 St (N,R,W)",40.764812,-73.97335,372.0,0,26
2024-12-26,8,"5 Av/59 St (N,R,W)",40.764812,-73.97335,378.0,0,26
2024-12-31,8,"5 Av/59 St (N,R,W)",40.764812,-73.97335,347.0,0,26
2021-05-21,9,"57 St-7 Av (N,Q,R,W)",40.764664,-73.98066,81.0,0,60
2021-05-26,9,"57 St-7 Av (N,Q,R,W)",40.764664,-73.98066,900.0,0,60
2021-06-10,9,"57 St-7 Av (N,Q,R,W)",40.764664,-73.98066,49.0,0,60
2021-06-21,9,"57 St-7 Av (N,Q,R,W)",40.764664,-73.98066,716.0,0,60
2021-06-30,9,"57 St-7 Av (N,Q,R,W)",40.764664,-73.98066,672.0,0,60
2021-08-25,9,"57 St-7 Av (N,Q,R,W)",40.764664,-73.98066,40.0,0,60
2021-10-15,9,"57 St-7 Av (N,Q,R,W)",40.764664,-73.98066,116.0,0,60
2021-10-26,9,"57 St-7 Av (N,Q,R,W)",40.764664,-73.98066,1241.0,1,60
2021-10-27,9,"57 St-7 Av (N,Q,R,W)",40.764664,-73.98066,15.0,0,60
2021-11-17,9,"57 St-7 Av (N,Q,R,W)",40.764664,-73.98066,173.0,0,60
2021-11-18,9,"57 St-7 Av (N,Q,R,W)",40.764664,-73.98066,1644.0,1,60
2021-12-02,9,"57 St-7 Av (N,Q,R,W)",40.764664,-73.98066,45.0,0,60
2021-12-16,9,"57 St-7 Av (N,Q,R,W)",40.764664,-73.98066,102.0,0,60
2021-12-22,9,"57 St-7 Av (N,Q,R,W)",40.764664,-73.98066,347.0,0,60
2022-01-04,9,"57 St-7 Av (N,Q,R,W)",40.764664,-73.98066,409.0,0,60
2022-01-26,9,"57 St-7 Av (N,Q,R,W)",40.764664,-73.98066,972.0,0,60
2022-02-07,9,"57 St-7 Av (N,Q,R,W)",40.764664,-73.98066,1056.0,0,60
2022-02-08,9,"57 St-7 Av (N,Q,R,W)",40.764664,-73.98066,1061.0,0,60
2022-02-09,9,"57 St-7 Av (N,Q,R,W)",40.764664,-73.98066,796.0,0,60
2022-02-10,9,"57 St-7 Av (N,Q,R,W)",40.764664,-73.98066,39.0,0,60
2022-02-18,9,"57 St-7 Av (N,Q,R,W)",40.764664,-73.98066,1255.0,1,60
2022-03-02,9,"57 St-7 Av (N,Q,R,W)",40.764664,-73.98066,1136.0,0,60
2022-03-08,9,"57 St-7 Av (N,Q,R,W)",40.764664,-73.98066,1263.0,1,60
2022-03-15,9,"57 St-7 Av (N,Q,R,W)",40.764664,-73.98066,1401.0,1,60
2022-03-29,9,"57 St-7 Av (N,Q,R,W)",40.764664,-73.98066,1682.0,1,60
2022-04-07,9,"57 St-7 Av (N,Q,R,W)",40.764664,-73.98066,53.0,0,60
2022-04-20,9,"57 St-7 Av (N,Q,R,W)",40.764664,-73.98066,177.0,0,60
2022-04-21,9,"57 St-7 Av (N,Q,R,W)",40.764664,-73.98066,523.0,0,60
2022-04-27,9,"57 St-7 Av (N,Q,R,W)",40.764664,-73.98066,1632.0,1,60
2022-05-31,9,"57 St-7 Av (N,Q,R,W)",40.764664,-73.98066,381.0,0,60
2022-06-01,9,"57 St-7 Av (N,Q,R,W)",40.764664,-73.98066,1465.0,1,60
2022-07-18,9,"57 St-7 Av (N,Q,R,W)",40.764664,-73.98066,1015.0,0,60
2022-08-05,9,"57 St-7 Av (N,Q,R,W)",40.764664,-73.98066,225.0,0,60
2022-08-08,9,"57 St-7 Av (N,Q,R,W)",40.764664,-73.98066,326.0,0,60
2022-08-09,9,"57 St-7 Av (N,Q,R,W)",40.764664,-73.98066,904.0,0,60
2022-08-30,9,"57 St-7 Av (N,Q,R,W)",40.764664,-73.98066,778.0,0,60
2022-09-13,9,"57 St-7 Av (N,Q,R,W)",40.764664,-73.98066,1531.0,1,60
2023-05-11,9,"57 St-7 Av (N,Q,R,W)",40.764664,-73.98066,244.0,0,60
2023-06-14,9,"57 St-7 Av (N,Q,R,W)",40.764664,-73.98066,691.0,0,60
2023-09-27,9,"57 St-7 Av (N,Q,R,W)",40.764664,-73.98066,1613.0,1,60
2023-10-04,9,"57 St-7 Av (N,Q,R,W)",40.764664,-73.98066,838.0,0,60
2023-10-17,9,"57 St-7 Av (N,Q,R,W)",40.764664,-73.98066,1780.0,1,60
2023-11-02,9,"57 St-7 Av (N,Q,R,W)",40.764664,-73.98066,976.0,0,60
2023-11-03,9,"57 St-7 Av (N,Q,R,W)",40.764664,-73.98066,499.0,0,60
2023-11-08,9,"57 St-7 Av (N,Q,R,W)",40.764664,-73.98066,381.0,0,60
2023-11-17,9,"57 St-7 Av (N,Q,R,W)",40.764664,-73.98066,94.0,0,60
2023-11-23,9,"57 St-7 Av (N,Q,R,W)",40.764664,-73.98066,78.0,0,60
2024-01-15,9,"57 St-7 Av (N,Q,R,W)",40.764664,-73.98066,1178.0,0,60
2024-02-29,9,"57 St-7 Av (N,Q,R,W)",40.764664,-73.98066,557.0,0,60
2024-03-05,9,"57 St-7 Av (N,Q,R,W)",40.764664,-73.98066,1479.0,1,60
2024-04-05,9,"57 St-7 Av (N,Q,R,W)",40.764664,-73.98066,990.0,0,60
2024-05-03,9,"57 St-7 Av (N,Q,R,W)",40.764664,-73.98066,1374.0,1,60
2024-05-07,9,"57 St-7 Av (N,Q,R,W)",40.764664,-73.98066,2103.0,1,60
2024-05-24,9,"57 St-7 Av (N,Q,R,W)",40.764664,-73.98066,1809.0,1,60
2024-05-31,9,"57 St-7 Av (N,Q,R,W)",40.764664,-73.98066,1603.0,1,60
2024-06-03,9,"57 St-7 Av (N,Q,R,W)",40.764664,-73.98066,2226.0,1,60
2024-06-13,9,"57 St-7 Av (N,Q,R,W)",40.764664,-73.98066,1074.0,0,60
2024-06-18,9,"57 St-7 Av (N,Q,R,W)",40.764664,-73.98066,781.0,0,60
2024-06-20,9,"57 St-7 Av (N,Q,R,W)",40.764664,-73.98066,49.0,0,60
2024-06-21,9,"57 St-7 Av (N,Q,R,W)",40.764664,-73.98066,2107.0,1,60
2024-06-28,9,"57 St-7 Av (N,Q,R,W)",40.764664,-73.98066,553.0,0,60
2024-08-28,9,"57 St-7 Av (N,Q,R,W)",40.764664,-73.98066,1421.0,1,60
2024-08-29,9,"57 St-7 Av (N,Q,R,W)",40.764664,-73.98066,26.0,0,60
2024-09-04,9,"57 St-7 Av (N,Q,R,W)",40.764664,-73.98066,2226.0,1,60
2024-09-05,9,"57 St-7 Av (N,Q,R,W)",40.764664,-73.98066,1575.0,1,60
2024-09-13,9,"57 St-7 Av (N,Q,R,W)",40.764664,-73.98066,2622.0,1,60
2024-09-28,9,"57 St-7 Av (N,Q,R,W)",40.764664,-73.98066,819.0,0,60
2024-10-14,9,"57 St-7 Av (N,Q,R,W)",40.764664,-73.98066,30.0,0,60
2024-11-21,9,"57 St-7 Av (N,Q,R,W)",40.764664,-73.98066,911.0,0,60
2024-11-22,9,"57 St-7 Av (N,Q,R,W)",40.764664,-73.98066,1994.0,1,60
2024-12-03,9,"57 St-7 Av (N,Q,R,W)",40.764664,-73.98066,920.0,0,60
2024-12-13,9,"57 St-7 Av (N,Q,R,W)",40.764664,-73.98066,1824.0,1,60
2024-12-24,9,"57 St-7 Av (N,Q,R,W)",40.764664,-73.98066,17.0,0,60
2024-12-26,9,"57 St-7 Av (N,Q,R,W)",40.764664,-73.98066,934.0,0,60
2024-12-31,9,"57 St-7 Av (N,Q,R,W)",40.764664,-73.98066,769.0,0,60
2021-05-21,TRAM1,RI Tramway (Manhattan),40.761337,-73.96416,79.0,0,30
2021-06-10,TRAM1,RI Tramway (Manhattan),40.761337,-73.96416,199.0,0,30
2021-06-30,TRAM1,RI Tramway (Manhattan),40.761337,-73.96416,236.0,0,30
2021-10-19,TRAM1,RI Tramway (Manhattan),40.761337,-73.96416,52.0,0,30
2021-11-17,TRAM1,RI Tramway (Manhattan),40.761337,-73.96416,254.0,0,30
2021-12-02,TRAM1,RI Tramway (Manhattan),40.761337,-73.96416,81.0,0,30
2022-01-04,TRAM1,RI Tramway (Manhattan),40.761337,-73.96416,213.0,0,30
2022-01-26,TRAM1,RI Tramway (Manhattan),40.761337,-73.96416,169.0,0,30
2022-02-08,TRAM1,RI Tramway (Manhattan),40.761337,-73.96416,242.0,0,30
2022-02-18,TRAM1,RI Tramway (Manhattan),40.761337,-73.96416,43.0,0,30
2022-03-15,TRAM1,RI Tramway (Manhattan),40.761337,-73.96416,25.0,0,30
2022-04-07,TRAM1,RI Tramway (Manhattan),40.761337,-73.96416,87.0,0,30
2022-04-20,TRAM1,RI Tramway (Manhattan),40.761337,-73.96416,330.0,0,30
2022-04-27,TRAM1,RI Tramway (Manhattan),40.761337,-73.96416,379.0,0,30
2022-08-08,TRAM1,RI Tramway (Manhattan),40.761337,-73.96416,368.0,0,30
2022-08-09,TRAM1,RI Tramway (Manhattan),40.761337,-73.96416,401.0,0,30
2022-08-30,TRAM1,RI Tramway (Manhattan),40.761337,-73.96416,379.0,0,30
2022-09-13,TRAM1,RI Tramway (Manhattan),40.761337,-73.96416,304.0,0,30
2023-09-27,TRAM1,RI Tramway (Manhattan),40.761337,-73.96416,783.0,0,30
2023-10-17,TRAM1,RI Tramway (Manhattan),40.761337,-73.96416,729.0,0,30
2023-11-02,TRAM1,RI Tramway (Manhattan),40.761337,-73.96416,786.0,0,30
2023-11-03,TRAM1,RI Tramway (Manhattan),40.761337,-73.96416,910.0,0,30
2023-11-23,TRAM1,RI Tramway (Manhattan),40.761337,-73.96416,107.0,0,30
2024-01-15,TRAM1,RI Tramway (Manhattan),40.761337,-73.96416,224.0,0,30
2024-03-05,TRAM1,RI Tramway (Manhattan),40.761337,-73.96416,436.0,0,30
2024-05-07,TRAM1,RI Tramway (Manhattan),40.761337,-73.96416,415.0,0,30
2024-05-17,TRAM1,RI Tramway (Manhattan),40.761337,-73.96416,579.0,0,30
2024-05-24,TRAM1,RI Tramway (Manhattan),40.761337,-73.96416,60.0,0,30
2024-06-03,TRAM1,RI Tramway (Manhattan),40.761337,-73.96416,551.0,0,30
2024-06-18,TRAM1,RI Tramway (Manhattan),40.761337,-73.96416,504.0,0,30
2024-06-28,TRAM1,RI Tramway (Manhattan),40.761337,-73.96416,539.0,0,30
2024-08-28,TRAM1,RI Tramway (Manhattan),40.761337,-73.96416,615.0,0,30
2024-09-04,TRAM1,RI Tramway (Manhattan),40.761337,-73.96416,177.0,0,30
2024-09-05,TRAM1,RI Tramway (Manhattan),40.761337,-73.96416,173.0,0,30
2024-09-28,TRAM1,RI Tramway (Manhattan),40.761337,-73.96416,470.0,0,30
2024-11-21,TRAM1,RI Tramway (Manhattan),40.761337,-73.96416,248.0,0,30
2024-11-22,TRAM1,RI Tramway (Manhattan),40.761337,-73.96416,376.0,0,30
2024-12-24,TRAM1,RI Tramway (Manhattan),40.761337,-73.96416,98.0,0,30
2024-12-26,TRAM1,RI Tramway (Manhattan),40.761337,-73.96416,437.0,0,30
2024-12-31,TRAM1,RI Tramway (Manhattan),40.761337,-73.96416,42.0,0,30
2021-05-21,TRAM2,RI Tramway (Roosevelt),40.75734,-73.95412,403.0,0,1
2021-06-10,TRAM2,RI Tramway (Roosevelt),40.75734,-73.95412,598.0,0,1
2021-06-30,TRAM2,RI Tramway (Roosevelt),40.75734,-73.95412,527.0,0,1
2021-10-19,TRAM2,RI Tramway (Roosevelt),40.75734,-73.95412,170.0,0,1
2021-11-17,TRAM2,RI Tramway (Roosevelt),40.75734,-73.95412,756.0,0,1
2021-11-18,TRAM2,RI Tramway (Roosevelt),40.75734,-73.95412,9.0,0,1
2021-12-02,TRAM2,RI Tramway (Roosevelt),40.75734,-73.95412,233.0,0,1
2022-01-04,TRAM2,RI Tramway (Roosevelt),40.75734,-73.95412,518.0,0,1
2022-01-26,TRAM2,RI Tramway (Roosevelt),40.75734,-73.95412,404.0,0,1
2022-02-08,TRAM2,RI Tramway (Roosevelt),40.75734,-73.95412,709.0,0,1
2022-02-18,TRAM2,RI Tramway (Roosevelt),40.75734,-73.95412,139.0,0,1
2022-03-15,TRAM2,RI Tramway (Roosevelt),40.75734,-73.95412,183.0,0,1
2022-04-07,TRAM2,RI Tramway (Roosevelt),40.75734,-73.95412,282.0,0,1
2022-04-20,TRAM2,RI Tramway (Roosevelt),40.75734,-73.95412,651.0,0,1
2022-04-27,TRAM2,RI Tramway (Roosevelt),40.75734,-73.95412,879.0,0,1
2022-08-08,TRAM2,RI Tramway (Roosevelt),40.75734,-73.95412,658.0,0,1
2022-08-09,TRAM2,RI Tramway (Roosevelt),40.75734,-73.95412,752.0,0,1
2022-08-30,TRAM2,RI Tramway (Roosevelt),40.75734,-73.95412,703.0,0,1
2022-09-13,TRAM2,RI Tramway (Roosevelt),40.75734,-73.95412,981.0,0,1
2023-09-27,TRAM2,RI Tramway (Roosevelt),40.75734,-73.95412,1787.0,1,1
2023-10-17,TRAM2,RI Tramway (Roosevelt),40.75734,-73.95412,1623.0,1,1
2023-11-02,TRAM2,RI Tramway (Roosevelt),40.75734,-73.95412,1635.0,1,1
2023-11-03,TRAM2,RI Tramway (Roosevelt),40.75734,-73.95412,1420.0,1,1
2023-11-23,TRAM2,RI Tramway (Roosevelt),40.75734,-73.95412,215.0,0,1
2024-01-15,TRAM2,RI Tramway (Roosevelt),40.75734,-73.95412,429.0,0,1
2024-03-05,TRAM2,RI Tramway (Roosevelt),40.75734,-73.95412,878.0,0,1
2024-05-07,TRAM2,RI Tramway (Roosevelt),40.75734,-73.95412,730.0,0,1
2024-05-17,TRAM2,RI Tramway (Roosevelt),40.75734,-73.95412,990.0,0,1
2024-05-24,TRAM2,RI Tramway (Roosevelt),40.75734,-73.95412,331.0,0,1
2024-06-03,TRAM2,RI Tramway (Roosevelt),40.75734,-73.95412,1040.0,0,1
2024-06-18,TRAM2,RI Tramway (Roosevelt),40.75734,-73.95412,994.0,0,1
2024-06-28,TRAM2,RI Tramway (Roosevelt),40.75734,-73.95412,785.0,0,1
2024-08-28,TRAM2,RI Tramway (Roosevelt),40.75734,-73.95412,897.0,0,1
2024-09-04,TRAM2,RI Tramway (Roosevelt),40.75734,-73.95412,318.0,0,1
2024-09-05,TRAM2,RI Tramway (Roosevelt),40.75734,-73.95412,451.0,0,1
2024-09-28,TRAM2,RI Tramway (Roosevelt),40.75734,-73.95412,543.0,0,1
2024-11-21,TRAM2,RI Tramway (Roosevelt),40.75734,-73.95412,731.0,0,1
2024-11-22,TRAM2,RI Tramway (Roosevelt),40.75734,-73.95412,750.0,0,1
2024-12-24,TRAM2,RI Tramway (Roosevelt),40.75734,-73.95412,8.0,0,1
2024-12-26,TRAM2,RI Tramway (Roosevelt),40.75734,-73.95412,594.0,0,1
2024-12-31,TRAM2,RI Tramway (Roosevelt),40.75734,-73.95412,140.0,0,1
